{
	"credit": "MadewithBlockbench",
	"texture_size": [64, 64],
	"textures": {
		"0": "aliape/aliape",
		"1": "aliape/aliape",
		"particle": "aliape/aliape"
	},
	"elements": [
		{
			"from": [-16, -11, 15.5],
			"to": [8, 26, 15.5],
			"rotation": {"angle": 22.5, "axis": "y", "origin": [-5, 7.5, 13.5]},
			"faces": {
				"north": {"uv": [0, 0, 6, 9.25], "texture": "#1"},
				"east": {"uv": [0, 0, 0, 9.25], "texture": "#0"},
				"south": {"uv": [6, 0, 12, 9.25], "texture": "#1"},
				"west": {"uv": [0, 0, 0, 9.25], "texture": "#0"},
				"up": {"uv": [6, 0, 0, 0], "texture": "#0"},
				"down": {"uv": [6, 0, 0, 0], "texture": "#0"}
			}
		},
		{
			"from": [8, -11, 15.5],
			"to": [32, 26, 15.5],
			"rotation": {"angle": -22.5, "axis": "y", "origin": [21, 7.5, 13.5]},
			"faces": {
				"north": {"uv": [6, 0, 0, 9.25], "texture": "#1"},
				"east": {"uv": [0, 0, 0, 9.25], "texture": "#0"},
				"south": {"uv": [12, 0, 6, 9.25], "texture": "#1"},
				"west": {"uv": [0, 0, 0, 9.25], "texture": "#0"},
				"up": {"uv": [0, 0, 6, 0], "texture": "#0"},
				"down": {"uv": [0, 0, 6, 0], "texture": "#0"}
			}
		}
	],
	"gui_light": "front",
	"display": {
		"thirdperson_righthand": {
			"rotation": [66, 0, 0],
			"translation": [-5.75, -13.5, -20],
			"scale": [0.7, 1, 1]
		},
		"thirdperson_lefthand": {
			"rotation": [66, 0, 0],
			"translation": [-6.25, -10, -11.5],
			"scale": [0.7, 1, 1]
		},
		"firstperson_righthand": {
			"translation": [0.5, 4.25, 0],
			"scale": [0.25781, 0.25781, 0.25781]
		},
		"firstperson_lefthand": {
			"translation": [0.5, 4.25, 0],
			"scale": [0.25781, 0.25781, 0.25781]
		},
		"ground": {
			"translation": [0, -3.25, -1.75],
			"scale": [0.5, 0.5, 0.5]
		},
		"gui": {
			"translation": [0, -2.5, 0],
			"scale": [0.32227, 0.32227, 0.32227]
		},
		"head": {
			"translation": [0, -57.25, -0.25],
			"scale": [0.91, 1.38, 1.38]
		},
		"fixed": {
			"rotation": [0, 180, 0],
			"translation": [0, -7.75, 3.55],
			"scale": [0.66, 0.66, 0.66]
		}
	},
	"groups": [
		{
			"name": "group",
			"origin": [8, 8, 8],
			"color": 0,
			"children": [0, 1]
		}
	]
}