{
	"credit": "Made with Blockbench",
	"textures": {
		"0": "bastonemonopoly/bastonemonopoly",
		"particle": "bastonemonopoly/bastonemonopoly"
	},
	"elements": [
		{
			"from": [7, 0, 9.7],
			"to": [7.3, 2, 10],
			"faces": {
				"north": {"uv": [0, 0, 0.5, 2], "texture": "#0"},
				"east": {"uv": [1, 0, 1.5, 2], "texture": "#0"},
				"south": {"uv": [0, 2, 0.5, 4], "texture": "#0"},
				"west": {"uv": [2, 0, 2.5, 2], "texture": "#0"},
				"up": {"uv": [0.5, 4.5, 0, 4], "texture": "#0"},
				"down": {"uv": [4.5, 0, 4, 0.5], "texture": "#0"}
			}
		},
		{
			"from": [7, 2, 9.7],
			"to": [7.3, 4, 10],
			"rotation": {"angle": 0, "axis": "y", "origin": [0, -0.35, 0]},
			"faces": {
				"north": {"uv": [1, 2, 1.5, 4], "texture": "#0"},
				"east": {"uv": [2, 2, 2.5, 4], "texture": "#0"},
				"south": {"uv": [3, 0, 3.5, 2], "texture": "#0"},
				"west": {"uv": [3, 2, 3.5, 4], "texture": "#0"},
				"up": {"uv": [1.5, 4.5, 1, 4], "texture": "#0"},
				"down": {"uv": [4.5, 1, 4, 1.5], "texture": "#0"}
			}
		},
		{
			"from": [7, 4, 9.7],
			"to": [7.3, 4.725, 10],
			"rotation": {"angle": 0, "axis": "y", "origin": [0, -0.35, 0]},
			"faces": {
				"north": {"uv": [2, 4, 2.5, 4.5], "texture": "#0"},
				"east": {"uv": [4, 2, 4.5, 2.5], "texture": "#0"},
				"south": {"uv": [3, 4, 3.5, 4.5], "texture": "#0"},
				"west": {"uv": [4, 3, 4.5, 3.5], "texture": "#0"},
				"up": {"uv": [4.5, 4.5, 4, 4], "texture": "#0"},
				"down": {"uv": [0.5, 5, 0, 5.5], "texture": "#0"}
			}
		},
		{
			"from": [7, 4.7, 9.675],
			"to": [7.3, 5, 9.975],
			"rotation": {"angle": 0, "axis": "y", "origin": [0, -0.35, 0]},
			"faces": {
				"north": {"uv": [2, 8, 2.5, 8.5], "texture": "#0"},
				"east": {"uv": [8, 2, 8.5, 2.5], "texture": "#0"},
				"south": {"uv": [3, 8, 3.5, 8.5], "texture": "#0"},
				"west": {"uv": [8, 3, 8.5, 3.5], "texture": "#0"},
				"up": {"uv": [4.5, 8.5, 4, 8], "texture": "#0"},
				"down": {"uv": [8.5, 4, 8, 4.5], "texture": "#0"}
			}
		},
		{
			"from": [6.975, 4.94668, 9.68533],
			"to": [7.325, 5.67168, 9.98533],
			"rotation": {"angle": -22.5, "axis": "x", "origin": [7.175, 4.88418, 9.86033]},
			"faces": {
				"north": {"uv": [5, 0, 5.5, 0.5], "texture": "#0"},
				"east": {"uv": [1, 5, 1.5, 5.5], "texture": "#0"},
				"south": {"uv": [5, 1, 5.5, 1.5], "texture": "#0"},
				"west": {"uv": [2, 5, 2.5, 5.5], "texture": "#0"},
				"up": {"uv": [5.5, 2.5, 5, 2], "texture": "#0"},
				"down": {"uv": [3.5, 5, 3, 5.5], "texture": "#0"}
			}
		},
		{
			"from": [7, 5.45626, 9.16042],
			"to": [7.3, 5.93126, 9.46042],
			"rotation": {"angle": -45, "axis": "x", "origin": [7.175, 5.81876, 9.33542]},
			"faces": {
				"north": {"uv": [5, 3, 5.5, 3.5], "texture": "#0"},
				"east": {"uv": [4, 5, 4.5, 5.5], "texture": "#0"},
				"south": {"uv": [5, 4, 5.5, 4.5], "texture": "#0"},
				"west": {"uv": [5, 5, 5.5, 5.5], "texture": "#0"},
				"up": {"uv": [0.5, 6.5, 0, 6], "texture": "#0"},
				"down": {"uv": [6.5, 0, 6, 0.5], "texture": "#0"}
			}
		},
		{
			"from": [7, 5.70398, 8.61173],
			"to": [7.3, 6.00398, 9.33673],
			"rotation": {"angle": 0, "axis": "x", "origin": [7.175, 5.8152, 8.7171]},
			"faces": {
				"north": {"uv": [4, 6, 4.5, 6.5], "texture": "#0"},
				"east": {"uv": [6, 4, 6.5, 4.5], "texture": "#0"},
				"south": {"uv": [5, 6, 5.5, 6.5], "texture": "#0"},
				"west": {"uv": [6, 5, 6.5, 5.5], "texture": "#0"},
				"up": {"uv": [6.5, 6.5, 6, 6], "texture": "#0"},
				"down": {"uv": [0.5, 7, 0, 7.5], "texture": "#0"}
			}
		},
		{
			"from": [7, 5.72777, 8.22719],
			"to": [7.3, 6.02777, 8.70219],
			"rotation": {"angle": -22.5, "axis": "x", "origin": [7.175, 5.8152, 8.7171]},
			"faces": {
				"north": {"uv": [1, 6, 1.5, 6.5], "texture": "#0"},
				"east": {"uv": [6, 1, 6.5, 1.5], "texture": "#0"},
				"south": {"uv": [2, 6, 2.5, 6.5], "texture": "#0"},
				"west": {"uv": [6, 2, 6.5, 2.5], "texture": "#0"},
				"up": {"uv": [3.5, 6.5, 3, 6], "texture": "#0"},
				"down": {"uv": [6.5, 3, 6, 3.5], "texture": "#0"}
			}
		},
		{
			"from": [7, 5.40096, 8.11782],
			"to": [7.3, 5.70096, 8.59282],
			"rotation": {"angle": -22.5, "axis": "x", "origin": [7.175, 5.26639, 7.97085]},
			"faces": {
				"north": {"uv": [7, 6, 7.5, 6.5], "texture": "#0"},
				"east": {"uv": [7, 7, 7.5, 7.5], "texture": "#0"},
				"south": {"uv": [0, 8, 0.5, 8.5], "texture": "#0"},
				"west": {"uv": [8, 0, 8.5, 0.5], "texture": "#0"},
				"up": {"uv": [1.5, 8.5, 1, 8], "texture": "#0"},
				"down": {"uv": [8.5, 1, 8, 1.5], "texture": "#0"}
			}
		},
		{
			"from": [7, 4.58917, 7.6462],
			"to": [7.3, 5.06417, 7.9462],
			"rotation": {"angle": 0, "axis": "x", "origin": [7.175, 5.26639, 7.97085]},
			"faces": {
				"north": {"uv": [7, 3, 7.5, 3.5], "texture": "#0"},
				"east": {"uv": [4, 7, 4.5, 7.5], "texture": "#0"},
				"south": {"uv": [7, 4, 7.5, 4.5], "texture": "#0"},
				"west": {"uv": [5, 7, 5.5, 7.5], "texture": "#0"},
				"up": {"uv": [7.5, 5.5, 7, 5], "texture": "#0"},
				"down": {"uv": [6.5, 7, 6, 7.5], "texture": "#0"}
			}
		},
		{
			"from": [7, 4.94508, 7.75021],
			"to": [7.3, 5.67008, 8.05021],
			"rotation": {"angle": 22.5, "axis": "x", "origin": [7.175, 5.26639, 7.97085]},
			"faces": {
				"north": {"uv": [7, 0, 7.5, 0.5], "texture": "#0"},
				"east": {"uv": [1, 7, 1.5, 7.5], "texture": "#0"},
				"south": {"uv": [7, 1, 7.5, 1.5], "texture": "#0"},
				"west": {"uv": [2, 7, 2.5, 7.5], "texture": "#0"},
				"up": {"uv": [7.5, 2.5, 7, 2], "texture": "#0"},
				"down": {"uv": [3.5, 7, 3, 7.5], "texture": "#0"}
			}
		}
	],
	"display": {
		"head": {
			"rotation": [-81.37, 72.38, 78.7],
			"translation": [-9.25, -35, 0],
			"scale": [4, 4, 4]
		}
	}
}