{
	"credit": "Made with Blockbench",
	"texture_size": [32, 32],
	"textures": {
		"4": "cornaviola/cornaviola",
		"5": "cornaviola/fosforescenza",
		"particle": "cornaviola/cornaviola"
	},
	"elements": [
		{
			"from": [10.1234, 7.3764, -6.0283],
			"to": [11.2025, 8.6517, -3.772],
			"rotation": {"angle": 0, "axis": "y", "origin": [8.312, 8.67623, -5.3416]},
			"faces": {
				"north": {"uv": [8, 8, 9.125, 9.25], "texture": "#4"},
				"east": {"uv": [0, 4, 2.25, 5.25], "texture": "#4"},
				"south": {"uv": [0, 9, 1.125, 10.25], "texture": "#4"},
				"west": {"uv": [3, 4, 5.25, 5.25], "texture": "#4"},
				"up": {"uv": [5.125, 8.25, 4, 6], "texture": "#4"},
				"down": {"uv": [7.125, 6, 6, 8.25], "texture": "#4"}
			}
		},
		{
			"from": [10.2215, 6.8859, -5.5378],
			"to": [11.3006, 8.1612, -3.2815],
			"rotation": {"angle": 0, "axis": "y", "origin": [8.312, 8.67623, -5.3416]},
			"faces": {
				"north": {"uv": [8, 4, 9.125, 5.25], "texture": "#4"},
				"east": {"uv": [3, 0, 5.25, 1.25], "texture": "#4"},
				"south": {"uv": [8, 6, 9.125, 7.25], "texture": "#4"},
				"west": {"uv": [3, 2, 5.25, 3.25], "texture": "#4"},
				"up": {"uv": [3.125, 8.25, 2, 6], "texture": "#4"},
				"down": {"uv": [7.125, 3, 6, 5.25], "texture": "#4"}
			}
		},
		{
			"from": [10.2215, 7.8669, -6.2245],
			"to": [11.1044, 9.1422, -5.2435],
			"rotation": {"angle": 0, "axis": "y", "origin": [8.312, 8.67623, -5.3416]},
			"faces": {
				"north": {"uv": [0, 11, 0.875, 12.25], "texture": "#4"},
				"east": {"uv": [8, 10, 9, 11.25], "texture": "#4"},
				"south": {"uv": [11, 0, 11.875, 1.25], "texture": "#4"},
				"west": {"uv": [10, 8, 11, 9.25], "texture": "#4"},
				"up": {"uv": [5.875, 12, 5, 11], "texture": "#4"},
				"down": {"uv": [11.875, 5, 11, 6], "texture": "#4"}
			}
		},
		{
			"from": [10.3196, 8.0631, -6.4207],
			"to": [11.0063, 9.3384, -5.4397],
			"rotation": {"angle": 0, "axis": "y", "origin": [8.312, 8.67623, -5.3416]},
			"faces": {
				"north": {"uv": [7, 11, 7.625, 12.25], "texture": "#4"},
				"east": {"uv": [10, 4, 11, 5.25], "texture": "#4"},
				"south": {"uv": [11, 8, 11.625, 9.25], "texture": "#4"},
				"west": {"uv": [10, 6, 11, 7.25], "texture": "#4"},
				"up": {"uv": [5.625, 13, 5, 12], "texture": "#4"},
				"down": {"uv": [12.625, 6, 12, 7], "texture": "#4"}
			}
		},
		{
			"from": [10.4177, 8.3574, -6.715],
			"to": [10.9082, 9.6327, -5.734],
			"rotation": {"angle": 0, "axis": "y", "origin": [8.312, 8.67623, -5.3416]},
			"faces": {
				"north": {"uv": [4, 12, 4.5, 13.25], "texture": "#4"},
				"east": {"uv": [10, 0, 11, 1.25], "texture": "#4"},
				"south": {"uv": [12, 4, 12.5, 5.25], "texture": "#4"},
				"west": {"uv": [10, 2, 11, 3.25], "texture": "#4"},
				"up": {"uv": [12.5, 12, 12, 11], "texture": "#4"},
				"down": {"uv": [12.5, 12, 12, 13], "texture": "#4"}
			}
		},
		{
			"from": [10.5158, 8.8479, -6.6169],
			"to": [10.8101, 10.1232, -5.8321],
			"rotation": {"angle": 0, "axis": "y", "origin": [8.312, 8.67623, -5.3416]},
			"faces": {
				"north": {"uv": [1, 13, 1.25, 14.25], "texture": "#4"},
				"east": {"uv": [11, 2, 11.75, 3.25], "texture": "#4"},
				"south": {"uv": [2, 13, 2.25, 14.25], "texture": "#4"},
				"west": {"uv": [3, 11, 3.75, 12.25], "texture": "#4"},
				"up": {"uv": [13.25, 3.75, 13, 3], "texture": "#4"},
				"down": {"uv": [13.25, 4, 13, 4.75], "texture": "#4"}
			}
		},
		{
			"from": [10.6139, 9.2403, -6.5188],
			"to": [10.712, 10.4175, -6.0283],
			"rotation": {"angle": 0, "axis": "y", "origin": [8.312, 8.67623, -5.3416]},
			"faces": {
				"north": {"uv": [6, 13, 6.125, 14.125], "texture": "#4"},
				"east": {"uv": [9, 12, 9.5, 13.125], "texture": "#4"},
				"south": {"uv": [7, 13, 7.125, 14.125], "texture": "#4"},
				"west": {"uv": [12, 9, 12.5, 10.125], "texture": "#4"},
				"up": {"uv": [13.125, 9.5, 13, 9], "texture": "#4"},
				"down": {"uv": [10.125, 13, 10, 13.5], "texture": "#4"}
			}
		},
		{
			"from": [2.138, 9.2403, -6.5188],
			"to": [2.2361, 10.4175, -6.0283],
			"rotation": {"angle": 0, "axis": "y", "origin": [7.688, 8.67623, -5.3416]},
			"faces": {
				"north": {"uv": [6.125, 13, 6, 14.125], "texture": "#4"},
				"east": {"uv": [12.5, 9, 12, 10.125], "texture": "#4"},
				"south": {"uv": [7.125, 13, 7, 14.125], "texture": "#4"},
				"west": {"uv": [9.5, 12, 9, 13.125], "texture": "#4"},
				"up": {"uv": [13, 9.5, 13.125, 9], "texture": "#4"},
				"down": {"uv": [10, 13, 10.125, 13.5], "texture": "#4"}
			}
		},
		{
			"from": [2.0399, 8.8479, -6.6169],
			"to": [2.3342, 10.1232, -5.8321],
			"rotation": {"angle": 0, "axis": "y", "origin": [7.688, 8.67623, -5.3416]},
			"faces": {
				"north": {"uv": [1.25, 13, 1, 14.25], "texture": "#4"},
				"east": {"uv": [3.75, 11, 3, 12.25], "texture": "#4"},
				"south": {"uv": [2.25, 13, 2, 14.25], "texture": "#4"},
				"west": {"uv": [11.75, 2, 11, 3.25], "texture": "#4"},
				"up": {"uv": [13, 3.75, 13.25, 3], "texture": "#4"},
				"down": {"uv": [13, 4, 13.25, 4.75], "texture": "#4"}
			}
		},
		{
			"from": [1.9418, 8.3574, -6.715],
			"to": [2.4323, 9.6327, -5.734],
			"rotation": {"angle": 0, "axis": "y", "origin": [7.688, 8.67623, -5.3416]},
			"faces": {
				"north": {"uv": [4.5, 12, 4, 13.25], "texture": "#4"},
				"east": {"uv": [11, 2, 10, 3.25], "texture": "#4"},
				"south": {"uv": [12.5, 4, 12, 5.25], "texture": "#4"},
				"west": {"uv": [11, 0, 10, 1.25], "texture": "#4"},
				"up": {"uv": [12, 12, 12.5, 11], "texture": "#4"},
				"down": {"uv": [12, 12, 12.5, 13], "texture": "#4"}
			}
		},
		{
			"from": [1.8437, 8.0631, -6.4207],
			"to": [2.5304, 9.3384, -5.4397],
			"rotation": {"angle": 0, "axis": "y", "origin": [7.688, 8.67623, -5.3416]},
			"faces": {
				"north": {"uv": [7.625, 11, 7, 12.25], "texture": "#4"},
				"east": {"uv": [11, 6, 10, 7.25], "texture": "#4"},
				"south": {"uv": [11.625, 8, 11, 9.25], "texture": "#4"},
				"west": {"uv": [11, 4, 10, 5.25], "texture": "#4"},
				"up": {"uv": [5, 13, 5.625, 12], "texture": "#4"},
				"down": {"uv": [12, 6, 12.625, 7], "texture": "#4"}
			}
		},
		{
			"from": [1.7456, 7.8669, -6.2245],
			"to": [2.6285, 9.1422, -5.2435],
			"rotation": {"angle": 0, "axis": "y", "origin": [7.688, 8.67623, -5.3416]},
			"faces": {
				"north": {"uv": [0.875, 11, 0, 12.25], "texture": "#4"},
				"east": {"uv": [11, 8, 10, 9.25], "texture": "#4"},
				"south": {"uv": [11.875, 0, 11, 1.25], "texture": "#4"},
				"west": {"uv": [9, 10, 8, 11.25], "texture": "#4"},
				"up": {"uv": [5, 12, 5.875, 11], "texture": "#4"},
				"down": {"uv": [11, 5, 11.875, 6], "texture": "#4"}
			}
		},
		{
			"from": [1.5494, 6.8859, -5.5378],
			"to": [2.6285, 8.1612, -3.2815],
			"rotation": {"angle": 0, "axis": "y", "origin": [7.688, 8.67623, -5.3416]},
			"faces": {
				"north": {"uv": [9.125, 4, 8, 5.25], "texture": "#4"},
				"east": {"uv": [5.25, 2, 3, 3.25], "texture": "#4"},
				"south": {"uv": [9.125, 6, 8, 7.25], "texture": "#4"},
				"west": {"uv": [5.25, 0, 3, 1.25], "texture": "#4"},
				"up": {"uv": [2, 8.25, 3.125, 6], "texture": "#4"},
				"down": {"uv": [6, 3, 7.125, 5.25], "texture": "#4"}
			}
		},
		{
			"from": [1.6475, 7.3764, -6.0283],
			"to": [2.7266, 8.6517, -3.772],
			"rotation": {"angle": 0, "axis": "y", "origin": [7.688, 8.67623, -5.3416]},
			"faces": {
				"north": {"uv": [9.125, 8, 8, 9.25], "texture": "#4"},
				"east": {"uv": [5.25, 4, 3, 5.25], "texture": "#4"},
				"south": {"uv": [1.125, 9, 0, 10.25], "texture": "#4"},
				"west": {"uv": [2.25, 4, 0, 5.25], "texture": "#4"},
				"up": {"uv": [4, 8.25, 5.125, 6], "texture": "#4"},
				"down": {"uv": [6, 6, 7.125, 8.25], "texture": "#4"}
			}
		},
		{
			"from": [7.375, 5.4, -5.075],
			"to": [14.75, 14.2, -5.075],
			"rotation": {"angle": -45, "axis": "y", "origin": [10.8125, 9.8, -5.075]},
			"faces": {
				"north": {"uv": [0, 9, 3.75, 13.5], "texture": "#5"},
				"east": {"uv": [0, 0, 0, 4.5], "texture": "#4"},
				"south": {"uv": [9, 0, 12.75, 4.5], "texture": "#5"},
				"west": {"uv": [0, 0, 0, 4.5], "texture": "#4"},
				"up": {"uv": [3.75, 0, 0, 0], "texture": "#4"},
				"down": {"uv": [3.75, 0, 0, 0], "texture": "#4"}
			}
		},
		{
			"from": [6.575, 5.4, -5.075],
			"to": [15.05, 14.2, -5.075],
			"rotation": {"angle": 0, "axis": "y", "origin": [10.8125, 9.8, -5.075]},
			"faces": {
				"north": {"uv": [4.5, 0, 8.75, 4.5], "texture": "#5"},
				"east": {"uv": [0, 0, 0, 4.5], "texture": "#4"},
				"south": {"uv": [4.5, 4.5, 8.75, 9], "texture": "#5"},
				"west": {"uv": [0, 0, 0, 4.5], "texture": "#4"},
				"up": {"uv": [4.25, 0, 0, 0], "texture": "#4"},
				"down": {"uv": [4.25, 0, 0, 0], "texture": "#4"}
			}
		},
		{
			"from": [6.575, 5.4, -5.075],
			"to": [15.05, 14.2, -5.075],
			"rotation": {"angle": 45, "axis": "y", "origin": [10.8125, 9.8, -5.075]},
			"faces": {
				"north": {"uv": [0, 0, 4.25, 4.5], "texture": "#5"},
				"east": {"uv": [0, 0, 0, 4.5], "texture": "#4"},
				"south": {"uv": [0, 4.5, 4.25, 9], "texture": "#5"},
				"west": {"uv": [0, 0, 0, 4.5], "texture": "#4"},
				"up": {"uv": [4.25, 0, 0, 0], "texture": "#4"},
				"down": {"uv": [4.25, 0, 0, 0], "texture": "#4"}
			}
		},
		{
			"from": [-2.2, 5.4, -5.075],
			"to": [6.275, 14.2, -5.075],
			"rotation": {"angle": 45, "axis": "y", "origin": [2.0375, 9.8, -5.075]},
			"faces": {
				"north": {"uv": [0, 0, 4.25, 4.5], "texture": "#5"},
				"east": {"uv": [0, 0, 0, 4.5], "texture": "#4"},
				"south": {"uv": [0, 4.5, 4.25, 9], "texture": "#5"},
				"west": {"uv": [0, 0, 0, 4.5], "texture": "#4"},
				"up": {"uv": [4.25, 0, 0, 0], "texture": "#4"},
				"down": {"uv": [4.25, 0, 0, 0], "texture": "#4"}
			}
		},
		{
			"from": [-2.2, 5.4, -5.075],
			"to": [6.275, 14.2, -5.075],
			"rotation": {"angle": 0, "axis": "y", "origin": [2.0375, 9.8, -5.075]},
			"faces": {
				"north": {"uv": [4.5, 0, 8.75, 4.5], "texture": "#5"},
				"east": {"uv": [0, 0, 0, 4.5], "texture": "#4"},
				"south": {"uv": [4.5, 4.5, 8.75, 9], "texture": "#5"},
				"west": {"uv": [0, 0, 0, 4.5], "texture": "#4"},
				"up": {"uv": [4.25, 0, 0, 0], "texture": "#4"},
				"down": {"uv": [4.25, 0, 0, 0], "texture": "#4"}
			}
		},
		{
			"from": [-1.4, 5.4, -5.075],
			"to": [5.975, 14.2, -5.075],
			"rotation": {"angle": -45, "axis": "y", "origin": [2.0375, 9.8, -5.075]},
			"faces": {
				"north": {"uv": [0, 9, 3.75, 13.5], "texture": "#5"},
				"east": {"uv": [0, 0, 0, 4.5], "texture": "#4"},
				"south": {"uv": [9, 0, 12.75, 4.5], "texture": "#5"},
				"west": {"uv": [0, 0, 0, 4.5], "texture": "#4"},
				"up": {"uv": [3.75, 0, 0, 0], "texture": "#4"},
				"down": {"uv": [3.75, 0, 0, 0], "texture": "#4"}
			}
		}
	],
	"display": {
		"thirdperson_righthand": {
			"rotation": [66, 0, 0],
			"translation": [-4.25, -3, 19.5],
			"scale": [0.72266, 0.72266, 0.72266]
		},
		"firstperson_righthand": {
			"translation": [2.25, 0, 8.5]
		},
		"firstperson_lefthand": {
			"translation": [0, 0, 8]
		},
		"ground": {
			"translation": [1.25, 0, 13.25]
		},
		"gui": {
			"rotation": [-161.28, 49.92, -176.05],
			"translation": [8.75, 1.75, 0]
		},
		"head": {
			"translation": [1.75, 3.5, 5.5]
		},
		"fixed": {
			"translation": [1.5, 0, 12]
		}
	}
}