{"textures":{"0":"modelengine:entity/amogus"},"elements":[{"from":[4.5714283,8.0,4.5714283],"to":[11.428572,14.857143,11.428572],"rotation":{"angle":0.0,"axis":"y","origin":[8.0,11.428572,8.0]},"faces":{"east":{"uv":[0.0,0.0,6.0,6.0],"rotation":0,"texture":"#0","tintindex":0},"south":{"uv":[0.0,0.0,6.0,6.0],"rotation":0,"texture":"#0","tintindex":0},"north":{"uv":[6.0,6.0,12.0,12.0],"rotation":0,"texture":"#0","tintindex":0},"west":{"uv":[0.0,0.0,6.0,6.0],"rotation":0,"texture":"#0","tintindex":0},"up":{"uv":[6.0,0.0,12.0,6.0],"rotation":0,"texture":"#0","tintindex":0},"down":{"uv":[0.0,6.0,6.0,12.0],"rotation":0,"texture":"#0","tintindex":0}}},{"from":[8.571428,6.857143,6.857143],"to":[10.857143,8.0,9.142858],"rotation":{"angle":0.0,"axis":"y","origin":[9.714286,7.428571,8.0]},"faces":{"east":{"uv":[6.0,12.0,8.0,13.0],"rotation":0,"texture":"#0","tintindex":0},"south":{"uv":[6.0,12.0,8.0,13.0],"rotation":0,"texture":"#0","tintindex":0},"north":{"uv":[6.0,12.0,8.0,13.0],"rotation":0,"texture":"#0","tintindex":0},"west":{"uv":[6.0,12.0,8.0,13.0],"rotation":0,"texture":"#0","tintindex":0},"down":{"uv":[6.0,13.0,8.0,15.0],"rotation":0,"texture":"#0","tintindex":0}}},{"from":[5.142857,10.285714,4.0],"to":[10.857143,13.714286,4.5714283],"rotation":{"angle":0.0,"axis":"y","origin":[8.0,12.0,4.285714]},"faces":{"east":{"uv":[5.0,12.0,5.5,15.0],"rotation":0,"texture":"#0","tintindex":0},"north":{"uv":[0.0,12.0,5.0,15.0],"rotation":0,"texture":"#0","tintindex":0},"west":{"uv":[5.5,12.0,6.0,15.0],"rotation":0,"texture":"#0","tintindex":0},"up":{"uv":[0.0,15.0,5.0,15.5],"rotation":0,"texture":"#0","tintindex":0},"down":{"uv":[0.0,15.5,5.0,16.0],"rotation":0,"texture":"#0","tintindex":0}}},{"from":[5.142857,6.857143,6.857143],"to":[7.428571,8.0,9.142858],"rotation":{"angle":0.0,"axis":"y","origin":[6.285714,7.428571,8.0]},"faces":{"east":{"uv":[8.0,12.0,6.0,13.0],"rotation":0,"texture":"#0","tintindex":0},"south":{"uv":[8.0,12.0,6.0,13.0],"rotation":0,"texture":"#0","tintindex":0},"north":{"uv":[8.0,12.0,6.0,13.0],"rotation":0,"texture":"#0","tintindex":0},"west":{"uv":[8.0,12.0,6.0,13.0],"rotation":0,"texture":"#0","tintindex":0},"down":{"uv":[8.0,13.0,6.0,15.0],"rotation":0,"texture":"#0","tintindex":0}}}],"display":{"head":{"translation":[0.0,-6.4,0.0],"scale":[4.0,4.0,4.0]}}}