{
	"credit": "Made with Blockbench",
	"texture_size": [12, 12],
	"textures": {
		"0": "zoo_cozy_cosmetic/bear_hand",
		"particle": "zoo_cozy_cosmetic/bear_hand"
	},
	"elements": [
		{
			"from": [7, 6.5, 8.5],
			"to": [9, 9.5, 9.5],
			"rotation": {"angle": 0, "axis": "y", "origin": [7, 6.5, 4.5]},
			"faces": {
				"east": {"uv": [10.66667, 6.66667, 12, 10.66667], "texture": "#0"},
				"south": {"uv": [0, 10.66667, 2.66667, 14.66667], "texture": "#0"},
				"west": {"uv": [8, 10.66667, 9.33333, 14.66667], "texture": "#0"},
				"up": {"uv": [12, 12, 9.33333, 10.66667], "texture": "#0"},
				"down": {"uv": [14.66667, 6.66667, 12, 8], "texture": "#0"}
			}
		},
		{
			"from": [7, 6, 5.5],
			"to": [9, 10, 8.5],
			"rotation": {"angle": 0, "axis": "y", "origin": [7, 7, 2.5]},
			"faces": {
				"east": {"uv": [0, 0, 4, 5.33333], "texture": "#0"},
				"south": {"uv": [0, 5.33333, 2.66667, 10.66667], "texture": "#0"},
				"west": {"uv": [4, 0, 8, 5.33333], "texture": "#0"},
				"up": {"uv": [13.33333, 4, 10.66667, 0], "texture": "#0"},
				"down": {"uv": [5.33333, 10.66667, 2.66667, 14.66667], "texture": "#0"}
			}
		},
		{
			"from": [6.83058, 5.985, 4.05044],
			"to": [8.91058, 10.015, 6.13044],
			"rotation": {"angle": 22.5, "axis": "y", "origin": [7.37058, 7.5, 5.59044]},
			"faces": {
				"north": {"uv": [2.66667, 5.33333, 5.33333, 10.66667], "texture": "#0"},
				"east": {"uv": [5.33333, 5.33333, 8, 10.66667], "texture": "#0"},
				"south": {"uv": [8, 0, 10.66667, 5.33333], "texture": "#0"},
				"west": {"uv": [8, 5.33333, 10.66667, 10.66667], "texture": "#0"},
				"up": {"uv": [13.33333, 6.66667, 10.66667, 4], "texture": "#0"},
				"down": {"uv": [8, 10.66667, 5.33333, 13.33333], "texture": "#0"}
			}
		}
	],
	"gui_light": "front",
	"display": {
		"thirdperson_righthand": {
			"translation": [0, -2, 2],
			"scale": [2.01172, 2.01172, 2.01172]
		},
		"thirdperson_lefthand": {
			"rotation": [0, 0, 180],
			"translation": [0, -2, 2],
			"scale": [2.01172, 2.01172, 2.01172]
		},
		"firstperson_righthand": {
			"rotation": [47, 0, 0],
			"translation": [-4.25, 5, 6.25]
		},
		"firstperson_lefthand": {
			"rotation": [47, 0, -180],
			"translation": [-4.25, 5, 6.25]
		},
		"ground": {
			"rotation": [45, 0, 0],
			"translation": [0, 2.75, 1.25],
			"scale": [1.54883, 1.54883, 1.54883]
		},
		"gui": {
			"rotation": [36, 124, 0],
			"translation": [2.5, 1.75, 0],
			"scale": [2.45313, 2.45313, 2.45313]
		},
		"head": {
			"scale": [0, 0, 0]
		},
		"fixed": {
			"rotation": [0, 0, 90],
			"translation": [0, 0.25, -5.75],
			"scale": [4, 4, 4]
		}
	},
	"groups": [
		{
			"name": "group",
			"origin": [7.37058, 7.5, 5.59044],
			"color": 0,
			"children": [0, 1, 2]
		}
	]
}