{
	"credit": "Made with Blockbench",
	"texture_size": [12, 12],
	"textures": {
		"0": "zoo_cozy_cosmetic/frog_hand",
		"particle": "zoo_cozy_cosmetic/frog_hand"
	},
	"elements": [
		{
			"from": [7.5, 0, 7.5],
			"to": [8.5, 2, 8.5],
			"rotation": {"angle": 0, "axis": "y", "origin": [7.5, 0, 7.5]},
			"faces": {
				"north": {"uv": [4, 5.33333, 5.33333, 8], "texture": "#0"},
				"east": {"uv": [6.66667, 0, 8, 2.66667], "texture": "#0"},
				"south": {"uv": [6.66667, 2.66667, 8, 5.33333], "texture": "#0"},
				"west": {"uv": [6.66667, 5.33333, 8, 8], "texture": "#0"},
				"up": {"uv": [9.33333, 1.33333, 8, 0], "texture": "#0"},
				"down": {"uv": [9.33333, 1.33333, 8, 2.66667], "texture": "#0"}
			}
		},
		{
			"from": [7.5, 9, 7.5],
			"to": [8.5, 10, 8.5],
			"rotation": {"angle": 0, "axis": "y", "origin": [7.5, 0, 7.5]},
			"faces": {
				"north": {"uv": [8, 2.66667, 9.33333, 4], "texture": "#0"},
				"east": {"uv": [4, 8, 5.33333, 9.33333], "texture": "#0"},
				"south": {"uv": [8, 4, 9.33333, 5.33333], "texture": "#0"},
				"west": {"uv": [8, 5.33333, 9.33333, 6.66667], "texture": "#0"},
				"up": {"uv": [8, 9.33333, 6.66667, 8], "texture": "#0"},
				"down": {"uv": [9.33333, 6.66667, 8, 8], "texture": "#0"}
			}
		},
		{
			"from": [7.7, 2, 7.7],
			"to": [8.3, 9, 8.3],
			"rotation": {"angle": 0, "axis": "y", "origin": [7.5, 0, 7.5]},
			"faces": {
				"north": {"uv": [3.33333, 5.33333, 2.66667, 14.66667], "texture": "#0"},
				"east": {"uv": [6, 0, 5.33333, 9.33333], "texture": "#0"},
				"south": {"uv": [3.33333, 5.33333, 2.66667, 14.66667], "texture": "#0"},
				"west": {"uv": [2.66667, 5.33333, 3.33333, 14.66667], "texture": "#0"}
			}
		},
		{
			"from": [8, 9, 6],
			"to": [8, 13, 10],
			"rotation": {"angle": 0, "axis": "y", "origin": [8, 0, 6]},
			"faces": {
				"north": {"uv": [0, 0, 0, 5.33333], "texture": "#0"},
				"east": {"uv": [5.33333, 0, 0, 5.33333], "texture": "#0"},
				"south": {"uv": [0, 0, 0, 5.33333], "texture": "#0"},
				"west": {"uv": [0, 0, 5.33333, 5.33333], "texture": "#0"},
				"up": {"uv": [0, 5.33333, 0, 0], "texture": "#0"},
				"down": {"uv": [0, 0, 0, 5.33333], "texture": "#0"}
			}
		}
	],
	"gui_light": "front",
	"display": {
		"thirdperson_righthand": {
			"translation": [0, 7, 1.75],
			"scale": [1.5, 1.5, 1.5]
		},
		"thirdperson_lefthand": {
			"translation": [0, 7, 1.75],
			"scale": [1.5, 1.5, 1.5]
		},
		"firstperson_righthand": {
			"rotation": [-11, 0, 0],
			"translation": [-1.75, 8, 3.5]
		},
		"firstperson_lefthand": {
			"rotation": [-11, 0, 0],
			"translation": [-1.75, 8, 3.5]
		},
		"ground": {
			"translation": [0, 10, 0],
			"scale": [1.5, 1.5, 1.5]
		},
		"gui": {
			"rotation": [90, -135, 90],
			"translation": [1.25, 1, 0],
			"scale": [1.40234, 1.40234, 1.40234]
		},
		"head": {
			"scale": [0, 0, 0]
		},
		"fixed": {
			"rotation": [0, 90, 0],
			"translation": [0, 16, -2],
			"scale": [4, 4, 4]
		}
	},
	"groups": [
		{
			"name": "group",
			"origin": [8, 0, 6],
			"color": 0,
			"children": [0, 1, 2, 3]
		}
	]
}