{
	"credit": "Made with Blockbench",
	"textures": {
		"0": "zoo_cozy_cosmetic/rabbit_ears",
		"particle": "zoo_cozy_cosmetic/rabbit_ears"
	},
	"elements": [
		{
			"from": [9, 5, 7.5],
			"to": [11, 13, 8],
			"rotation": {"angle": 0, "axis": "y", "origin": [10, 8, 8]},
			"faces": {
				"north": {"uv": [0, 0, 2, 8], "texture": "#0"},
				"east": {"uv": [6, 6, 6.5, 14], "texture": "#0"},
				"south": {"uv": [2, 0, 4, 8], "texture": "#0"},
				"west": {"uv": [7, 6, 7.5, 14], "texture": "#0"},
				"up": {"uv": [13, 12.5, 11, 12], "texture": "#0"},
				"down": {"uv": [15, 0, 13, 0.5], "texture": "#0"}
			}
		},
		{
			"from": [11, 5.5, 7.5],
			"to": [11.5, 12.5, 8],
			"rotation": {"angle": 0, "axis": "y", "origin": [10, 8, 8]},
			"faces": {
				"north": {"uv": [0, 8, 0.5, 15], "texture": "#0"},
				"east": {"uv": [8, 0, 8.5, 7], "texture": "#0"},
				"south": {"uv": [1, 8, 1.5, 15], "texture": "#0"},
				"up": {"uv": [13.5, 7.5, 13, 7], "texture": "#0"},
				"down": {"uv": [13.5, 8, 13, 8.5], "texture": "#0"}
			}
		},
		{
			"from": [8.5, 5.5, 7.5],
			"to": [9, 12.5, 8],
			"rotation": {"angle": 0, "axis": "y", "origin": [10, 8, 8]},
			"faces": {
				"north": {"uv": [2, 8, 2.5, 15], "texture": "#0"},
				"south": {"uv": [3, 8, 3.5, 15], "texture": "#0"},
				"west": {"uv": [8, 7, 8.5, 14], "texture": "#0"},
				"up": {"uv": [13.5, 9.5, 13, 9], "texture": "#0"},
				"down": {"uv": [13.5, 10, 13, 10.5], "texture": "#0"}
			}
		},
		{
			"from": [5, 5, 7.5],
			"to": [7, 10, 8],
			"rotation": {"angle": 0, "axis": "y", "origin": [6, 8, 8]},
			"faces": {
				"north": {"uv": [4, 0, 6, 5], "texture": "#0"},
				"east": {"uv": [9, 0, 9.5, 5], "texture": "#0"},
				"south": {"uv": [4, 5, 6, 10], "texture": "#0"},
				"west": {"uv": [9, 5, 9.5, 10], "texture": "#0"},
				"up": {"uv": [15, 1.5, 13, 1], "texture": "#0"},
				"down": {"uv": [15, 2, 13, 2.5], "texture": "#0"}
			}
		},
		{
			"from": [7, 5.5, 7.5],
			"to": [7.5, 10, 8],
			"rotation": {"angle": 0, "axis": "y", "origin": [6, 8, 8]},
			"faces": {
				"north": {"uv": [10, 5, 10.5, 9.5], "texture": "#0"},
				"east": {"uv": [9, 10, 9.5, 14.5], "texture": "#0"},
				"south": {"uv": [10, 10, 10.5, 14.5], "texture": "#0"},
				"up": {"uv": [11.5, 13.5, 11, 13], "texture": "#0"},
				"down": {"uv": [13.5, 11, 13, 11.5], "texture": "#0"}
			}
		},
		{
			"from": [4.5, 5.5, 7.5],
			"to": [5, 10, 8],
			"rotation": {"angle": 0, "axis": "y", "origin": [6, 8, 8]},
			"faces": {
				"north": {"uv": [10, 0, 10.5, 4.5], "texture": "#0"},
				"south": {"uv": [4, 10, 4.5, 14.5], "texture": "#0"},
				"west": {"uv": [5, 10, 5.5, 14.5], "texture": "#0"},
				"up": {"uv": [13.5, 5.5, 13, 5], "texture": "#0"},
				"down": {"uv": [13.5, 6, 13, 6.5], "texture": "#0"}
			}
		},
		{
			"from": [7, 9.79015, 6.945],
			"to": [7.5, 12.29015, 7.445],
			"rotation": {"angle": -22.5, "axis": "x", "origin": [6, 11.29015, 7.195]},
			"faces": {
				"north": {"uv": [12, 3, 12.5, 5.5], "texture": "#0"},
				"east": {"uv": [12, 6, 12.5, 8.5], "texture": "#0"},
				"south": {"uv": [12, 9, 12.5, 11.5], "texture": "#0"},
				"up": {"uv": [13.5, 13.5, 13, 13], "texture": "#0"},
				"down": {"uv": [14.5, 5, 14, 5.5], "texture": "#0"}
			}
		},
		{
			"from": [4.5, 9.79015, 6.945],
			"to": [5, 12.29015, 7.445],
			"rotation": {"angle": -22.5, "axis": "x", "origin": [6, 11.29015, 7.195]},
			"faces": {
				"north": {"uv": [11, 6, 11.5, 8.5], "texture": "#0"},
				"south": {"uv": [11, 9, 11.5, 11.5], "texture": "#0"},
				"west": {"uv": [12, 0, 12.5, 2.5], "texture": "#0"},
				"up": {"uv": [12.5, 13.5, 12, 13], "texture": "#0"},
				"down": {"uv": [13.5, 12, 13, 12.5], "texture": "#0"}
			}
		},
		{
			"from": [5, 9.79015, 6.945],
			"to": [7, 12.79015, 7.445],
			"rotation": {"angle": -22.5, "axis": "x", "origin": [6, 11.29015, 7.195]},
			"faces": {
				"north": {"uv": [6, 0, 8, 3], "texture": "#0"},
				"east": {"uv": [11, 0, 11.5, 3], "texture": "#0"},
				"south": {"uv": [6, 3, 8, 6], "texture": "#0"},
				"west": {"uv": [11, 3, 11.5, 6], "texture": "#0"},
				"up": {"uv": [15, 3.5, 13, 3], "texture": "#0"},
				"down": {"uv": [15, 4, 13, 4.5], "texture": "#0"}
			}
		}
	],
	"gui_light": "front",
	"display": {
		"thirdperson_righthand": {
			"rotation": [46, 0, 0],
			"translation": [0, 1, 1.25],
			"scale": [0.72461, 0.72461, 0.72461]
		},
		"thirdperson_lefthand": {
			"rotation": [67, 0, 0],
			"translation": [-6, 3.25, 22.5],
			"scale": [1.20508, 1.20508, 1.20508]
		},
		"firstperson_righthand": {
			"rotation": [0, 180, 0],
			"translation": [-3, 3.75, 3.25],
			"scale": [0.81445, 0.81055, 0.81445]
		},
		"firstperson_lefthand": {
			"rotation": [0, 180, 0],
			"translation": [-3, 3.75, 3.25],
			"scale": [0, 0, 0]
		},
		"ground": {
			"translation": [0, 3.5, 0]
		},
		"gui": {
			"rotation": [0, 180, 0],
			"translation": [0, -1.75, 0],
			"scale": [1.7793, 1.7793, 1.7793]
		},
		"head": {
			"translation": [0, 12.75, 0],
			"scale": [2.11719, 2.11719, 2.11719]
		},
		"fixed": {
			"rotation": [-90, 0, 0],
			"translation": [0, 0, -7.75],
			"scale": [2.68945, 2.68945, 2.68945]
		}
	},
	"groups": [
		{
			"name": "group",
			"origin": [6, 11.29015, 7.195],
			"color": 0,
			"children": [0, 1, 2, 3, 4, 5, 6, 7, 8]
		}
	]
}