{"textures":{"0":"modelengine:entity/locomotive"},"elements":[{"from":[3.371428,9.714286,6.285714],"to":[3.371428,10.857143,14.285715],"rotation":{"angle":0.0,"axis":"y","origin":[3.371428,10.285714,10.285714]},"faces":{"east":{"uv":[7.0,8.5,10.5,9.0],"rotation":0,"texture":"#0","tintindex":0},"south":{"uv":[0.0,0.0,0.0,0.5],"rotation":0,"texture":"#missing","tintindex":0},"north":{"uv":[0.0,0.0,0.0,0.5],"rotation":0,"texture":"#missing","tintindex":0},"west":{"uv":[10.5,8.5,7.0,9.0],"rotation":0,"texture":"#0","tintindex":0},"up":{"uv":[0.0,0.0,0.0,3.5],"rotation":0,"texture":"#missing","tintindex":0},"down":{"uv":[0.0,0.0,0.0,3.5],"rotation":0,"texture":"#missing","tintindex":0}}}],"display":{"head":{"translation":[0.0,-6.4,0.0],"scale":[4.0,4.0,4.0]}}}