{"textures":{"0":"modelengine:entity/locomotive"},"elements":[{"from":[11.428572,8.0,5.714286],"to":[12.571428,12.571428,10.285714],"rotation":{"angle":0.0,"axis":"y","origin":[12.0,10.285714,8.0]},"faces":{"east":{"uv":[7.0,6.5,9.0,8.5],"rotation":0,"texture":"#0","tintindex":0},"south":{"uv":[9.0,6.5,9.5,8.5],"rotation":0,"texture":"#0","tintindex":0},"north":{"uv":[9.0,6.5,9.5,8.5],"rotation":0,"texture":"#0","tintindex":0},"west":{"uv":[7.0,6.5,9.0,8.5],"rotation":0,"texture":"#0","tintindex":0},"up":{"uv":[9.0,6.5,9.5,8.5],"rotation":0,"texture":"#0","tintindex":0},"down":{"uv":[9.0,6.5,9.5,8.5],"rotation":180,"texture":"#0","tintindex":0}}},{"from":[11.428572,8.0,1.1428566],"to":[12.571428,11.428572,4.5714283],"rotation":{"angle":0.0,"axis":"y","origin":[12.0,9.714286,2.8571424]},"faces":{"east":{"uv":[9.5,7.0,11.0,8.5],"rotation":0,"texture":"#0","tintindex":0},"south":{"uv":[11.0,7.0,11.5,8.5],"rotation":0,"texture":"#0","tintindex":0},"north":{"uv":[11.0,7.0,11.5,8.5],"rotation":0,"texture":"#0","tintindex":0},"west":{"uv":[9.5,7.0,11.0,8.5],"rotation":0,"texture":"#0","tintindex":0},"up":{"uv":[11.0,7.0,11.5,8.5],"rotation":0,"texture":"#0","tintindex":0},"down":{"uv":[11.0,7.0,11.5,8.5],"rotation":180,"texture":"#0","tintindex":0}}},{"from":[4.5714283,9.142858,-4.5714293],"to":[11.428572,12.571428,20.57143],"rotation":{"angle":0.0,"axis":"y","origin":[8.0,10.857143,8.0]},"faces":{"east":{"uv":[0.0,11.0,11.0,12.5],"rotation":0,"texture":"#0","tintindex":0},"south":{"uv":[11.0,14.25,14.0,15.75],"rotation":0,"texture":"#0","tintindex":0},"north":{"uv":[11.0,14.25,14.0,15.75],"rotation":0,"texture":"#0","tintindex":0},"west":{"uv":[11.0,11.0,0.0,12.5],"rotation":0,"texture":"#0","tintindex":0},"down":{"uv":[0.0,13.0,11.0,16.0],"rotation":90,"texture":"#0","tintindex":0}}},{"from":[5.142857,12.571428,-5.714287],"to":[10.857143,18.285715,11.4],"rotation":{"angle":-45.0,"axis":"z","origin":[8.0,15.428572,2.8428574]},"faces":{"east":{"uv":[12.0,2.0,4.5,4.5],"rotation":0,"texture":"#0","tintindex":0},"south":{"uv":[12.0,2.0,14.5,4.5],"rotation":270,"texture":"#0","tintindex":0},"north":{"uv":[12.0,2.0,14.5,4.5],"rotation":0,"texture":"#0","tintindex":0},"west":{"uv":[4.5,2.0,12.0,4.5],"rotation":0,"texture":"#0","tintindex":0},"up":{"uv":[4.5,2.0,12.0,4.5],"rotation":90,"texture":"#0","tintindex":0},"down":{"uv":[12.0,2.0,4.5,4.5],"rotation":90,"texture":"#0","tintindex":0}}},{"from":[4.5714283,13.714286,11.428572],"to":[11.428572,22.857143,20.57143],"rotation":{"angle":0.0,"axis":"y","origin":[8.0,18.285715,16.0]},"faces":{"east":{"uv":[0.5,0.5,4.5,4.5],"rotation":0,"texture":"#0","tintindex":0},"south":{"uv":[0.5,4.5,3.5,8.5],"rotation":0,"texture":"#0","tintindex":0},"north":{"uv":[0.5,4.5,3.5,8.5],"rotation":0,"texture":"#0","tintindex":0},"west":{"uv":[4.5,0.5,0.5,4.5],"rotation":0,"texture":"#0","tintindex":0}}},{"from":[11.428572,13.714286,11.428572],"to":[4.5714283,22.857143,20.57143],"rotation":{"angle":0.0,"axis":"y","origin":[8.0,18.285715,16.0]},"faces":{"east":{"uv":[0.5,0.5,4.5,4.5],"rotation":0,"texture":"#0","tintindex":0},"south":{"uv":[3.5,4.5,0.5,8.5],"rotation":0,"texture":"#0","tintindex":0},"north":{"uv":[3.5,4.5,0.5,8.5],"rotation":0,"texture":"#0","tintindex":0},"west":{"uv":[4.5,0.5,0.5,4.5],"rotation":0,"texture":"#0","tintindex":0}}},{"from":[4.0,22.857143,10.285714],"to":[12.0,24.0,21.714287],"rotation":{"angle":0.0,"axis":"y","origin":[8.0,23.428572,16.0]},"faces":{"east":{"uv":[0.0,0.0,4.0,0.5],"rotation":0,"texture":"#0","tintindex":0},"south":{"uv":[4.0,0.0,7.5,0.5],"rotation":0,"texture":"#0","tintindex":0},"north":{"uv":[4.0,0.0,7.5,0.5],"rotation":0,"texture":"#0","tintindex":0},"west":{"uv":[4.0,0.0,0.0,0.5],"rotation":0,"texture":"#0","tintindex":0},"up":{"uv":[3.5,4.5,7.0,9.5],"rotation":0,"texture":"#0","tintindex":0},"down":{"uv":[3.5,4.5,7.0,9.5],"rotation":180,"texture":"#0","tintindex":0}}},{"from":[6.285714,13.714286,-6.8571434],"to":[9.714286,17.142857,-5.714287],"rotation":{"angle":-45.0,"axis":"z","origin":[8.0,15.428572,-6.285715]},"faces":{"east":{"uv":[15.0,2.5,14.5,4.0],"rotation":0,"texture":"#0","tintindex":0},"south":{"uv":[0.0,0.0,1.5,1.5],"rotation":0,"texture":"#missing","tintindex":0},"north":{"uv":[14.5,1.0,16.0,2.5],"rotation":0,"texture":"#0","tintindex":0},"west":{"uv":[14.5,2.5,15.0,4.0],"rotation":0,"texture":"#0","tintindex":0},"up":{"uv":[14.5,2.5,15.0,4.0],"rotation":90,"texture":"#0","tintindex":0},"down":{"uv":[15.0,2.5,14.5,4.0],"rotation":90,"texture":"#0","tintindex":0}}},{"from":[3.4285712,12.571428,-5.1428576],"to":[8.0,13.714286,21.714287],"rotation":{"angle":0.0,"axis":"y","origin":[5.714286,13.142858,8.285714]},"faces":{"east":{"uv":[0.0,12.25,11.75,12.75],"rotation":0,"texture":"#0","tintindex":0},"south":{"uv":[0.0,12.75,2.0,13.25],"rotation":0,"texture":"#0","tintindex":0},"north":{"uv":[0.0,12.75,2.0,13.25],"rotation":0,"texture":"#0","tintindex":0},"west":{"uv":[11.75,12.25,0.0,12.75],"rotation":0,"texture":"#0","tintindex":0},"up":{"uv":[0.0,11.25,11.75,13.25],"rotation":90,"texture":"#0","tintindex":0},"down":{"uv":[0.0,11.25,11.75,13.25],"rotation":90,"texture":"#0","tintindex":0}}},{"from":[8.0,12.571428,-5.1428576],"to":[12.571428,13.714286,21.714287],"rotation":{"angle":0.0,"axis":"y","origin":[10.285714,13.142858,8.285714]},"faces":{"east":{"uv":[0.0,12.25,11.75,12.75],"rotation":0,"texture":"#0","tintindex":0},"south":{"uv":[2.0,12.75,0.0,13.25],"rotation":0,"texture":"#0","tintindex":0},"north":{"uv":[2.0,12.75,0.0,13.25],"rotation":0,"texture":"#0","tintindex":0},"west":{"uv":[11.75,12.25,0.0,12.75],"rotation":0,"texture":"#0","tintindex":0},"up":{"uv":[0.0,13.25,11.75,11.25],"rotation":90,"texture":"#0","tintindex":0},"down":{"uv":[0.0,13.25,11.75,11.25],"rotation":90,"texture":"#0","tintindex":0}}},{"from":[6.857143,17.714287,4.4327765],"to":[9.142858,22.285715,6.718491],"rotation":{"angle":45.0,"axis":"y","origin":[8.0,20.0,5.575634]},"faces":{"east":{"uv":[8.0,0.0,9.0,2.0],"rotation":0,"texture":"#0","tintindex":0},"south":{"uv":[8.0,0.0,9.0,2.0],"rotation":0,"texture":"#0","tintindex":0},"north":{"uv":[8.0,0.0,9.0,2.0],"rotation":0,"texture":"#0","tintindex":0},"west":{"uv":[8.0,0.0,9.0,2.0],"rotation":0,"texture":"#0","tintindex":0},"up":{"uv":[9.0,1.0,10.0,2.0],"rotation":0,"texture":"#0","tintindex":0}}},{"from":[7.142857,18.285715,-1.3424253],"to":[8.857143,21.142857,0.37186146],"rotation":{"angle":45.0,"axis":"y","origin":[8.0,19.714287,-0.48528194]},"faces":{"east":{"uv":[10.75,0.75,11.5,2.0],"rotation":0,"texture":"#0","tintindex":0},"south":{"uv":[10.75,0.75,11.5,2.0],"rotation":0,"texture":"#0","tintindex":0},"north":{"uv":[10.75,0.75,11.5,2.0],"rotation":0,"texture":"#0","tintindex":0},"west":{"uv":[10.75,0.75,11.5,2.0],"rotation":0,"texture":"#0","tintindex":0}}},{"from":[6.5714283,21.142857,-1.9138536],"to":[9.428572,23.428572,0.94328976],"rotation":{"angle":45.0,"axis":"y","origin":[8.0,22.285715,-0.48528194]},"faces":{"east":{"uv":[11.5,0.0,12.75,1.0],"rotation":0,"texture":"#0","tintindex":0},"south":{"uv":[11.5,0.0,12.75,1.0],"rotation":0,"texture":"#0","tintindex":0},"north":{"uv":[11.5,0.0,12.75,1.0],"rotation":0,"texture":"#0","tintindex":0},"west":{"uv":[11.5,0.0,12.75,1.0],"rotation":0,"texture":"#0","tintindex":0},"up":{"uv":[12.75,0.75,14.0,2.0],"rotation":0,"texture":"#0","tintindex":0},"down":{"uv":[12.75,0.75,14.0,2.0],"rotation":0,"texture":"#0","tintindex":0}}},{"from":[3.4285712,13.714286,12.571428],"to":[12.571428,18.285715,21.714287],"rotation":{"angle":0.0,"axis":"y","origin":[8.0,16.0,17.142857]},"faces":{"east":{"uv":[7.0,4.5,11.0,6.5],"rotation":0,"texture":"#0","tintindex":0},"south":{"uv":[11.0,4.5,15.0,6.5],"rotation":0,"texture":"#0","tintindex":0},"west":{"uv":[11.0,4.5,7.0,6.5],"rotation":0,"texture":"#0","tintindex":0}}},{"from":[12.571428,13.714286,12.571428],"to":[3.4285712,18.285715,21.714287],"rotation":{"angle":0.0,"axis":"y","origin":[8.0,16.0,17.142857]},"faces":{"east":{"uv":[7.0,4.5,11.0,6.5],"rotation":0,"texture":"#0","tintindex":0},"south":{"uv":[15.0,4.5,11.0,6.5],"rotation":0,"texture":"#0","tintindex":0},"west":{"uv":[11.0,4.5,7.0,6.5],"rotation":0,"texture":"#0","tintindex":0}}},{"from":[2.0084105,11.861348,-2.285715],"to":[4.2941246,14.147062,4.5714283],"rotation":{"angle":-45.0,"axis":"z","origin":[3.151268,13.004206,1.1428566]},"faces":{"east":{"uv":[15.0,3.5,16.0,6.5],"rotation":90,"texture":"#0","tintindex":0},"south":{"uv":[15.0,2.5,16.0,3.5],"rotation":270,"texture":"#0","tintindex":0},"north":{"uv":[15.0,2.5,16.0,3.5],"rotation":0,"texture":"#0","tintindex":0},"west":{"uv":[15.0,3.5,16.0,6.5],"rotation":90,"texture":"#0","tintindex":0},"up":{"uv":[15.0,3.5,16.0,6.5],"rotation":0,"texture":"#0","tintindex":0},"down":{"uv":[15.0,3.5,16.0,6.5],"rotation":0,"texture":"#0","tintindex":0}}},{"from":[11.428572,8.0,12.571428],"to":[12.571428,12.571428,17.142857],"rotation":{"angle":0.0,"axis":"y","origin":[12.0,10.285714,14.857143]},"faces":{"east":{"uv":[7.0,6.5,9.0,8.5],"rotation":0,"texture":"#0","tintindex":0},"south":{"uv":[9.0,6.5,9.5,8.5],"rotation":0,"texture":"#0","tintindex":0},"north":{"uv":[9.0,6.5,9.5,8.5],"rotation":0,"texture":"#0","tintindex":0},"west":{"uv":[7.0,6.5,9.0,8.5],"rotation":0,"texture":"#0","tintindex":0},"up":{"uv":[9.0,6.5,9.5,8.5],"rotation":0,"texture":"#0","tintindex":0},"down":{"uv":[9.0,6.5,9.5,8.5],"rotation":180,"texture":"#0","tintindex":0}}},{"from":[11.428572,8.0,-3.4285717],"to":[12.571428,11.428572,0.0],"rotation":{"angle":0.0,"axis":"y","origin":[12.0,9.714286,-1.7142859]},"faces":{"east":{"uv":[9.5,7.0,11.0,8.5],"rotation":0,"texture":"#0","tintindex":0},"south":{"uv":[11.0,7.0,11.5,8.5],"rotation":0,"texture":"#0","tintindex":0},"north":{"uv":[11.0,7.0,11.5,8.5],"rotation":0,"texture":"#0","tintindex":0},"west":{"uv":[9.5,7.0,11.0,8.5],"rotation":0,"texture":"#0","tintindex":0},"up":{"uv":[11.0,7.0,11.5,8.5],"rotation":0,"texture":"#0","tintindex":0},"down":{"uv":[11.0,7.0,11.5,8.5],"rotation":180,"texture":"#0","tintindex":0}}},{"from":[3.4285712,8.0,-3.4285717],"to":[4.5714283,11.428572,0.0],"rotation":{"angle":0.0,"axis":"y","origin":[4.0,9.714286,-1.7142859]},"faces":{"east":{"uv":[11.0,7.0,9.5,8.5],"rotation":0,"texture":"#0","tintindex":0},"south":{"uv":[11.5,7.0,11.0,8.5],"rotation":0,"texture":"#0","tintindex":0},"north":{"uv":[11.5,7.0,11.0,8.5],"rotation":0,"texture":"#0","tintindex":0},"west":{"uv":[11.0,7.0,9.5,8.5],"rotation":0,"texture":"#0","tintindex":0},"up":{"uv":[11.5,7.0,11.0,8.5],"rotation":0,"texture":"#0","tintindex":0},"down":{"uv":[11.5,7.0,11.0,8.5],"rotation":180,"texture":"#0","tintindex":0}}},{"from":[3.4285712,8.0,12.571428],"to":[4.5714283,12.571428,17.142857],"rotation":{"angle":0.0,"axis":"y","origin":[4.0,10.285714,14.857143]},"faces":{"east":{"uv":[9.0,6.5,7.0,8.5],"rotation":0,"texture":"#0","tintindex":0},"south":{"uv":[9.5,6.5,9.0,8.5],"rotation":0,"texture":"#0","tintindex":0},"north":{"uv":[9.5,6.5,9.0,8.5],"rotation":0,"texture":"#0","tintindex":0},"west":{"uv":[9.0,6.5,7.0,8.5],"rotation":0,"texture":"#0","tintindex":0},"up":{"uv":[9.5,6.5,9.0,8.5],"rotation":0,"texture":"#0","tintindex":0},"down":{"uv":[9.5,6.5,9.0,8.5],"rotation":180,"texture":"#0","tintindex":0}}},{"from":[3.4285712,8.0,1.1428566],"to":[4.5714283,11.428572,4.5714283],"rotation":{"angle":0.0,"axis":"y","origin":[4.0,9.714286,2.8571424]},"faces":{"east":{"uv":[11.0,7.0,9.5,8.5],"rotation":0,"texture":"#0","tintindex":0},"south":{"uv":[11.5,7.0,11.0,8.5],"rotation":0,"texture":"#0","tintindex":0},"north":{"uv":[11.5,7.0,11.0,8.5],"rotation":0,"texture":"#0","tintindex":0},"west":{"uv":[11.0,7.0,9.5,8.5],"rotation":0,"texture":"#0","tintindex":0},"up":{"uv":[11.5,7.0,11.0,8.5],"rotation":0,"texture":"#0","tintindex":0},"down":{"uv":[11.5,7.0,11.0,8.5],"rotation":180,"texture":"#0","tintindex":0}}},{"from":[3.4285712,8.0,5.714286],"to":[4.5714283,12.571428,10.285714],"rotation":{"angle":0.0,"axis":"y","origin":[4.0,10.285714,8.0]},"faces":{"east":{"uv":[9.0,6.5,7.0,8.5],"rotation":0,"texture":"#0","tintindex":0},"south":{"uv":[9.5,6.5,9.0,8.5],"rotation":0,"texture":"#0","tintindex":0},"north":{"uv":[9.5,6.5,9.0,8.5],"rotation":0,"texture":"#0","tintindex":0},"west":{"uv":[9.0,6.5,7.0,8.5],"rotation":0,"texture":"#0","tintindex":0},"up":{"uv":[9.5,6.5,9.0,8.5],"rotation":0,"texture":"#0","tintindex":0},"down":{"uv":[9.5,6.5,9.0,8.5],"rotation":180,"texture":"#0","tintindex":0}}}],"display":{"head":{"translation":[0.0,-6.4,0.0],"scale":[4.0,4.0,4.0]}}}