{
	"credit": "Made with Blockbench",
	"textures": {
		"0": "orecchiegatto/orecchiegatto",
		"particle": "orecchiegatto/orecchiegatto"
	},
	"elements": [
		{
			"name": "cat_ears_0",
			"from": [13.99196, 11.17156, 2.96505],
			"to": [15.99196, 18.17156, 3.96505],
			"faces": {
				"north": {"uv": [2, 0, 4, 7], "texture": "#0"},
				"east": {"uv": [2, 0, 3, 7], "texture": "#0"},
				"south": {"uv": [2, 1, 4, 0], "rotation": 180, "texture": "#0"},
				"west": {"uv": [3, 0, 4, 1], "texture": "#0"},
				"up": {"uv": [4, 0, 2, 1], "texture": "#0"},
				"down": {"uv": [2, 6, 3, 7], "rotation": 180, "texture": "#0"}
			}
		},
		{
			"name": "cat_ears_2",
			"from": [15.99196, 12.17156, 2.96505],
			"to": [16.99196, 17.17156, 3.96505],
			"faces": {
				"north": {"uv": [1, 1, 2, 6], "texture": "#0"},
				"east": {"uv": [1, 1, 2, 6], "texture": "#0"},
				"south": {"uv": [1, 6, 2, 1], "rotation": 180, "texture": "#0"},
				"west": {"uv": [1, 1, 2, 7], "texture": "#0"},
				"up": {"uv": [2, 1, 1, 2], "texture": "#0"},
				"down": {"uv": [2, 6, 3, 7], "rotation": 180, "texture": "#0"}
			}
		},
		{
			"name": "cat_ears_3",
			"from": [16.11696, 11.82156, 2.66505],
			"to": [16.64196, 16.82156, 3.66505],
			"faces": {
				"north": {"uv": [1, 1, 2, 6], "texture": "#0"},
				"east": {"uv": [1, 1, 2, 6], "texture": "#0"},
				"south": {"uv": [1, 6, 2, 1], "rotation": 180, "texture": "#0"},
				"west": {"uv": [1, 1, 2, 7], "texture": "#0"},
				"up": {"uv": [2, 1, 1, 2], "texture": "#0"},
				"down": {"uv": [2, 6, 3, 7], "rotation": 180, "texture": "#0"}
			}
		},
		{
			"name": "cat_ears_4",
			"from": [-0.70804, 11.82156, 2.66505],
			"to": [-0.18304, 16.82156, 3.66505],
			"faces": {
				"north": {"uv": [1, 1, 2, 6], "texture": "#0"},
				"east": {"uv": [1, 1, 2, 6], "texture": "#0"},
				"south": {"uv": [1, 6, 2, 1], "rotation": 180, "texture": "#0"},
				"west": {"uv": [1, 1, 2, 7], "texture": "#0"},
				"up": {"uv": [2, 1, 1, 2], "texture": "#0"},
				"down": {"uv": [2, 6, 3, 7], "rotation": 180, "texture": "#0"}
			}
		},
		{
			"name": "cat_ears_4",
			"from": [16.59196, 11.97156, 3.04005],
			"to": [17.11696, 16.97156, 4.04005],
			"faces": {
				"north": {"uv": [1, 1, 2, 6], "texture": "#0"},
				"east": {"uv": [1, 1, 2, 6], "texture": "#0"},
				"south": {"uv": [1, 6, 2, 1], "rotation": 180, "texture": "#0"},
				"west": {"uv": [1, 1, 2, 7], "texture": "#0"},
				"up": {"uv": [2, 1, 1, 2], "texture": "#0"},
				"down": {"uv": [2, 6, 3, 7], "rotation": 180, "texture": "#0"}
			}
		},
		{
			"name": "cat_ears_5",
			"from": [-1.25804, 12.47156, 3.04005],
			"to": [-0.73304, 16.97156, 4.04005],
			"faces": {
				"north": {"uv": [1, 1, 2, 6], "texture": "#0"},
				"east": {"uv": [1, 1, 2, 6], "texture": "#0"},
				"south": {"uv": [1, 6, 2, 1], "rotation": 180, "texture": "#0"},
				"west": {"uv": [1, 1, 2, 7], "texture": "#0"},
				"up": {"uv": [2, 1, 1, 2], "texture": "#0"},
				"down": {"uv": [2, 6, 3, 7], "rotation": 180, "texture": "#0"}
			}
		},
		{
			"name": "cat_ears_2",
			"from": [12.99196, 12.17156, 2.96505],
			"to": [13.99196, 17.17156, 3.96505],
			"faces": {
				"north": {"uv": [4, 1, 5, 6], "texture": "#0"},
				"east": {"uv": [4, 1, 5, 7], "texture": "#0"},
				"south": {"uv": [4, 2, 5, 1], "rotation": 180, "texture": "#0"},
				"west": {"uv": [4, 1, 5, 2], "texture": "#0"},
				"up": {"uv": [5, 1, 4, 2], "texture": "#0"},
				"down": {"uv": [4, 1, 5, 2], "rotation": 180, "texture": "#0"}
			}
		},
		{
			"name": "cat_ears_4",
			"from": [11.99196, 12.17156, 2.96505],
			"to": [12.99196, 16.17156, 3.96505],
			"faces": {
				"north": {"uv": [5, 2, 6, 6], "texture": "#0"},
				"east": {"uv": [5, 2, 6, 6], "texture": "#0"},
				"south": {"uv": [5, 3, 6, 2], "rotation": 180, "texture": "#0"},
				"west": {"uv": [5, 2, 6, 3], "texture": "#0"},
				"up": {"uv": [6, 2, 5, 3], "texture": "#0"},
				"down": {"uv": [5, 2, 6, 3], "rotation": 180, "texture": "#0"}
			}
		},
		{
			"name": "cat_ears_5",
			"from": [10.99196, 14.17156, 2.96505],
			"to": [11.99196, 15.17156, 3.96505],
			"faces": {
				"north": {"uv": [6, 3, 7, 4], "texture": "#0"},
				"east": {"uv": [6, 3, 7, 4], "texture": "#0"},
				"south": {"uv": [6, 3, 7, 4], "texture": "#0"},
				"west": {"uv": [6, 3, 7, 4], "texture": "#0"},
				"up": {"uv": [6, 3, 7, 4], "texture": "#0"},
				"down": {"uv": [6, 3, 7, 4], "texture": "#0"}
			}
		},
		{
			"name": "cat_ears_0",
			"from": [0.00525, 11.16956, 2.96804],
			"to": [2.00525, 18.16956, 3.96804],
			"faces": {
				"north": {"uv": [2, 7, 4, 0], "rotation": 180, "texture": "#0"},
				"east": {"uv": [3, 0, 4, 1], "texture": "#0"},
				"south": {"uv": [2, 0, 4, 1], "texture": "#0"},
				"west": {"uv": [2, 0, 3, 7], "texture": "#0"},
				"up": {"uv": [4, 0, 2, 1], "rotation": 180, "texture": "#0"},
				"down": {"uv": [2, 6, 3, 7], "texture": "#0"}
			}
		},
		{
			"name": "cat_ears_1",
			"from": [-0.99375, 12.17156, 2.96505],
			"to": [0.00625, 17.17156, 3.96505],
			"faces": {
				"north": {"uv": [1, 6, 2, 1], "rotation": 180, "texture": "#0"},
				"east": {"uv": [1, 1, 2, 7], "texture": "#0"},
				"south": {"uv": [1, 1, 2, 6], "texture": "#0"},
				"west": {"uv": [1, 1, 2, 6], "texture": "#0"},
				"up": {"uv": [2, 1, 1, 2], "rotation": 180, "texture": "#0"},
				"down": {"uv": [2, 6, 3, 7], "texture": "#0"}
			}
		},
		{
			"name": "cat_ears_2",
			"from": [2.00625, 12.17156, 2.96505],
			"to": [3.00625, 17.17156, 3.96505],
			"faces": {
				"north": {"uv": [4, 6, 5, 1], "rotation": 180, "texture": "#0"},
				"east": {"uv": [4, 1, 5, 2], "texture": "#0"},
				"south": {"uv": [4, 1, 5, 2], "texture": "#0"},
				"west": {"uv": [4, 1, 5, 7], "texture": "#0"},
				"up": {"uv": [5, 1, 4, 2], "rotation": 180, "texture": "#0"},
				"down": {"uv": [4, 1, 5, 2], "texture": "#0"}
			}
		},
		{
			"name": "cat_ears_4",
			"from": [3.00625, 12.17156, 2.96505],
			"to": [4.00625, 16.17156, 3.96505],
			"faces": {
				"north": {"uv": [5, 6, 6, 2], "rotation": 180, "texture": "#0"},
				"east": {"uv": [5, 2, 6, 3], "texture": "#0"},
				"south": {"uv": [5, 2, 6, 3], "texture": "#0"},
				"west": {"uv": [5, 2, 6, 6], "texture": "#0"},
				"up": {"uv": [6, 2, 5, 3], "rotation": 180, "texture": "#0"},
				"down": {"uv": [5, 2, 6, 3], "texture": "#0"}
			}
		},
		{
			"name": "cat_ears_5",
			"from": [4.00625, 14.17156, 2.96505],
			"to": [5.00625, 15.17156, 3.96505],
			"faces": {
				"north": {"uv": [6, 3, 7, 4], "texture": "#0"},
				"east": {"uv": [6, 3, 7, 4], "texture": "#0"},
				"south": {"uv": [6, 3, 7, 4], "texture": "#0"},
				"west": {"uv": [6, 3, 7, 4], "texture": "#0"},
				"up": {"uv": [6, 3, 7, 4], "rotation": 180, "texture": "#0"},
				"down": {"uv": [6, 3, 7, 4], "rotation": 180, "texture": "#0"}
			}
		},
		{
			"name": "cat_ears_5",
			"from": [4.00625, 13.17156, 2.96505],
			"to": [12.00625, 14.17156, 3.96505],
			"faces": {
				"north": {"uv": [6, 3, 7, 4], "texture": "#0"},
				"east": {"uv": [6, 3, 7, 4], "texture": "#0"},
				"south": {"uv": [6, 3, 7, 4], "texture": "#0"},
				"west": {"uv": [6, 3, 7, 4], "texture": "#0"},
				"up": {"uv": [6, 3, 7, 4], "rotation": 180, "texture": "#0"},
				"down": {"uv": [6, 3, 7, 4], "rotation": 180, "texture": "#0"}
			}
		},
		{
			"from": [16.55, 12.425, 2.625],
			"to": [17.075, 16.525, 3.7],
			"faces": {
				"north": {"uv": [0, 0, 0.525, 4.1], "texture": "#0"},
				"east": {"uv": [0, 0, 1.075, 4.1], "texture": "#0"},
				"south": {"uv": [0, 0, 0.525, 4.1], "texture": "#missing"},
				"west": {"uv": [0, 0, 1.075, 4.1], "texture": "#0"},
				"up": {"uv": [0, 0, 0.525, 1.075], "texture": "#0"},
				"down": {"uv": [0, 0, 0.525, 1.075], "texture": "#0"}
			}
		},
		{
			"from": [-1.25, 12.425, 2.625],
			"to": [-0.725, 16.525, 3.7],
			"faces": {
				"north": {"uv": [0, 0, 0.525, 4.1], "texture": "#0"},
				"east": {"uv": [0, 0, 1.075, 4.1], "texture": "#0"},
				"south": {"uv": [0, 0, 0.525, 4.1], "texture": "#0"},
				"west": {"uv": [0, 0, 1.075, 4.1], "texture": "#0"},
				"up": {"uv": [0, 0, 0.525, 1.075], "texture": "#0"},
				"down": {"uv": [0, 0, 0.525, 1.075], "texture": "#0"}
			}
		}
	],
	"display": {
		"thirdperson_righthand": {
			"rotation": [45, 45, 0],
			"translation": [2.25, -1, -1.5],
			"scale": [0.3, 0.3, 0.3]
		},
		"firstperson_righthand": {
			"rotation": [0, 119, 0],
			"translation": [2.5, 0, 0],
			"scale": [0.3, 0.3, 0.3]
		},
		"firstperson_lefthand": {
			"rotation": [0, 119, 0],
			"translation": [2.5, 1, 0.25],
			"scale": [0.3, 0.3, 0.3]
		},
		"ground": {
			"translation": [0, 3, 0],
			"scale": [0.3, 0.3, 0.3]
		},
		"gui": {
			"rotation": [0, -180, 0],
			"translation": [0, -4.75, 0],
			"scale": [0.8, 0.8, 0.8]
		},
		"fixed": {
			"scale": [0.5, 0.5, 0.5]
		}
	},
	"groups": [
		{
			"name": "cat_ears",
			"origin": [8, 8, 8],
			"color": 0,
			"children": [0, 1, 2, 3, 4, 5, 6, 7, 8]
		},
		{
			"name": "cat_ears",
			"origin": [8, 8, 8],
			"color": 0,
			"children": [9, 10, 11, 12, 13]
		},
		14,
		15,
		16
	]
}