{
	"credit": "Made with Blockbench",
	"textures": {
		"0": "bandanaa/bandanaa",
		"1": "bandanaa/fioccoa",
		"particle": "bandanaa/bandanaa"
	},
	"elements": [
		{
			"from": [0, 8, 1],
			"to": [16, 12, 2],
			"faces": {
				"north": {"uv": [0, 0, 8, 1.5], "texture": "#0"},
				"east": {"uv": [8.5, 2, 9, 3.5], "texture": "#0"},
				"south": {"uv": [0, 1.5, 8, 3], "texture": "#0"},
				"west": {"uv": [8.5, 3.5, 9, 5], "texture": "#0"},
				"up": {"uv": [16, 0.5, 8, 0], "texture": "#0"},
				"down": {"uv": [16, 0.5, 8, 1], "texture": "#0"}
			}
		},
		{
			"from": [0, 8, 14],
			"to": [16, 12, 15],
			"faces": {
				"north": {"uv": [0, 3, 8, 4.5], "texture": "#0"},
				"east": {"uv": [2, 9, 2.5, 10.5], "texture": "#0"},
				"south": {"uv": [0, 4.5, 8, 6], "texture": "#0"},
				"west": {"uv": [9, 2, 9.5, 3.5], "texture": "#0"},
				"up": {"uv": [16, 1.5, 8, 1], "texture": "#0"},
				"down": {"uv": [16, 1.5, 8, 2], "texture": "#0"}
			}
		},
		{
			"from": [15, 8, 2],
			"to": [16, 12, 14],
			"faces": {
				"north": {"uv": [2.5, 9, 3, 10.5], "texture": "#0"},
				"east": {"uv": [0, 7.5, 6, 9], "texture": "#0"},
				"south": {"uv": [3, 9, 3.5, 10.5], "texture": "#0"},
				"west": {"uv": [6, 7.5, 12, 9], "texture": "#0"},
				"up": {"uv": [1.5, 15, 1, 9], "texture": "#0"},
				"down": {"uv": [2, 9, 1.5, 15], "texture": "#0"}
			}
		},
		{
			"from": [0, 8, 2],
			"to": [1, 12, 14],
			"faces": {
				"north": {"uv": [8, 2, 8.5, 3.5], "texture": "#0"},
				"east": {"uv": [0, 6, 6, 7.5], "texture": "#0"},
				"south": {"uv": [8, 3.5, 8.5, 5], "texture": "#0"},
				"west": {"uv": [6, 6, 12, 7.5], "texture": "#0"},
				"up": {"uv": [0.5, 15, 0, 9], "texture": "#0"},
				"down": {"uv": [1, 9, 0.5, 15], "texture": "#0"}
			}
		},
		{
			"from": [7, 6.8, 14],
			"to": [9, 9.8, 16],
			"faces": {
				"north": {"uv": [0, 0, 2, 2], "texture": "#0"},
				"east": {"uv": [0.5, 4.5, 3.5, 6], "texture": "#0"},
				"south": {"uv": [2, 0, 5, 1.5], "texture": "#0"},
				"west": {"uv": [3, 4.5, 6.5, 6], "texture": "#0"},
				"up": {"uv": [3.5, 6, 0, 4.5], "texture": "#0"},
				"down": {"uv": [6, 0, 4, 2], "texture": "#0"}
			}
		},
		{
			"from": [5, 7, 14],
			"to": [7, 9, 16],
			"faces": {
				"north": {"uv": [2, 4, 4, 6], "texture": "#0"},
				"east": {"uv": [4, 2, 6, 4], "texture": "#0"},
				"south": {"uv": [6, 5, 8, 7], "texture": "#0"},
				"west": {"uv": [0, 10, 2, 12], "texture": "#0"},
				"up": {"uv": [8, 2, 6, 0], "texture": "#0"},
				"down": {"uv": [4, 6, 2, 8], "texture": "#0"}
			}
		},
		{
			"from": [9, 6, 14],
			"to": [11, 9, 16],
			"faces": {
				"north": {"uv": [6, 2, 8, 4], "texture": "#0"},
				"east": {"uv": [1, 4.5, 3.5, 6], "texture": "#0"},
				"south": {"uv": [2, 4.5, 6, 6], "texture": "#0"},
				"west": {"uv": [6, 6, 8.5, 7.5], "texture": "#0"},
				"up": {"uv": [2, 10, 0, 8], "texture": "#0"},
				"down": {"uv": [10, 0, 8, 2], "texture": "#0"}
			}
		},
		{
			"from": [9, 5, 14],
			"to": [11, 6, 16],
			"faces": {
				"north": {"uv": [0, 7.5, 2, 9.5], "texture": "#0"},
				"east": {"uv": [9.5, 0, 11.5, 2], "texture": "#0"},
				"south": {"uv": [0, 11, 2, 13], "texture": "#0"},
				"west": {"uv": [4.5, 4.5, 8, 6], "texture": "#0"},
				"up": {"uv": [8, 10, 6, 8], "texture": "#0"},
				"down": {"uv": [12, 6, 9.5, 7.5], "texture": "#0"}
			}
		},
		{
			"from": [5, 4, 14],
			"to": [7, 7, 16],
			"faces": {
				"north": {"uv": [8, 6, 11.5, 7.5], "texture": "#0"},
				"east": {"uv": [0, 10, 2, 12], "texture": "#0"},
				"south": {"uv": [10, 0, 12, 2], "texture": "#0"},
				"west": {"uv": [6, 5.5, 8, 7.5], "texture": "#0"},
				"up": {"uv": [12, 4, 10, 2], "texture": "#0"},
				"down": {"uv": [4, 7.5, 1.5, 9], "texture": "#0"}
			}
		},
		{
			"from": [10, 4, 15],
			"to": [12, 6.5, 16.5],
			"faces": {
				"north": {"uv": [1.5, 4.5, 4.5, 6], "texture": "#0"},
				"east": {"uv": [6, 6, 9, 7.5], "texture": "#0"},
				"south": {"uv": [8.5, 6, 12, 7.5], "texture": "#0"},
				"west": {"uv": [8, 10, 10, 12], "texture": "#0"},
				"up": {"uv": [12, 7.5, 9, 6], "texture": "#0"},
				"down": {"uv": [5.5, 0, 2, 1.5], "texture": "#0"}
			}
		},
		{
			"from": [4, 3, 15],
			"to": [6, 5.5, 16.5],
			"faces": {
				"north": {"uv": [0, 12, 2, 14], "texture": "#0"},
				"east": {"uv": [12, 0, 14, 2], "texture": "#0"},
				"south": {"uv": [0, 10, 2, 12], "texture": "#0"},
				"west": {"uv": [8.5, 0, 10.5, 2], "texture": "#0"},
				"up": {"uv": [6, 14, 4, 12], "texture": "#0"},
				"down": {"uv": [12, 6, 9, 7.5], "texture": "#0"}
			}
		}
	],
	"display": {
		"thirdperson_righthand": {
			"rotation": [28, 0, 0],
			"translation": [0, 0.25, -2.75],
			"scale": [0.45, 0.45, 0.45]
		},
		"thirdperson_lefthand": {
			"rotation": [34, 0, 0],
			"translation": [0, 0.25, -2.75],
			"scale": [0.45, 0.45, 0.45]
		},
		"firstperson_righthand": {
			"translation": [4.75, 2, 6.75]
		},
		"firstperson_lefthand": {
			"translation": [4.75, 2, 6.75]
		},
		"ground": {
			"translation": [0, -3.5, 0],
			"scale": [0.7, 0.7, 0.7]
		},
		"gui": {
			"rotation": [3.5, 138.5, 1.5],
			"scale": [0.58, 0.61, 0.74]
		},
		"head": {
			"rotation": [1, 0, 0],
			"translation": [0, 2, 0],
			"scale": [0.94539, 1.04891, 1.13289]
		},
		"fixed": {
			"rotation": [90, 180, 180],
			"translation": [0, 0, 1.5]
		}
	}
}