{
	"credit": "Made with Blockbench",
	"texture_size": [32, 32],
	"textures": {
		"0": "siga/siga",
		"particle": "siga/siga"
	},
	"elements": [
		{
			"from": [7, 0, 6.15],
			"to": [9, 9.825, 8.15],
			"faces": {
				"north": {"uv": [0, 5, 1, 9.875], "texture": "#0"},
				"east": {"uv": [1, 5, 2, 9.875], "texture": "#0"},
				"south": {"uv": [2, 5, 3, 9.875], "texture": "#0"},
				"west": {"uv": [3, 5, 4, 9.875], "texture": "#0"},
				"up": {"uv": [10, 1, 9, 0], "texture": "#0"},
				"down": {"uv": [10, 1, 9, 2], "texture": "#0"}
			}
		},
		{
			"from": [7.125, 0, 6],
			"to": [8.9, 9.925, 8.225],
			"faces": {
				"north": {"uv": [4, 5, 4.875, 10], "texture": "#0"},
				"east": {"uv": [0, 0, 1.125, 5], "texture": "#0"},
				"south": {"uv": [5, 5, 5.875, 10], "texture": "#0"},
				"west": {"uv": [1.5, 0, 2.625, 5], "texture": "#0"},
				"up": {"uv": [9.875, 3.125, 9, 2], "texture": "#0"},
				"down": {"uv": [9.875, 3.5, 9, 4.625], "texture": "#0"}
			}
		},
		{
			"from": [7.22125, 1.6655, 6.295],
			"to": [8.801, 10.17375, 7.95025],
			"rotation": {"angle": 0, "axis": "y", "origin": [0.88, 0, 0.88]},
			"faces": {
				"north": {"uv": [8, 0, 8.75, 4.25], "texture": "#0"},
				"east": {"uv": [7, 0, 8, 4.25], "texture": "#0"},
				"south": {"uv": [8, 4.5, 8.75, 8.75], "texture": "#0"},
				"west": {"uv": [7, 4.5, 8, 8.75], "texture": "#0"},
				"up": {"uv": [7.75, 10, 7, 9], "texture": "#0"},
				"down": {"uv": [9.75, 7, 9, 8], "texture": "#0"}
			}
		},
		{
			"from": [6.9, 0, 6.225],
			"to": [9.05, 9.75, 8],
			"rotation": {"angle": 0, "axis": "y", "origin": [8.0125, 4.9625, 7.1125]},
			"faces": {
				"north": {"uv": [3, 0, 4.125, 4.875], "texture": "#0"},
				"east": {"uv": [6, 0, 6.875, 4.875], "texture": "#0"},
				"south": {"uv": [4.5, 0, 5.625, 4.875], "texture": "#0"},
				"west": {"uv": [6, 5, 6.875, 9.875], "texture": "#0"},
				"up": {"uv": [10.125, 5.875, 9, 5], "texture": "#0"},
				"down": {"uv": [10.125, 6, 9, 6.875], "texture": "#0"}
			}
		}
	],
	"display": {
		"thirdperson_righthand": {
			"rotation": [-16.75, -21.77, 15.1],
			"translation": [-0.75, 5, -3],
			"scale": [0.7918, 0.7918, 0.7918]
		},
		"thirdperson_lefthand": {
			"rotation": [-16.75, 21.77, 15.1],
			"translation": [-1.75, 5, -2.25],
			"scale": [0.7918, 0.7918, 0.7918]
		},
		"firstperson_righthand": {
			"rotation": [-66, 66, -34],
			"translation": [-8.5, 4.5, 3.75],
			"scale": [0.2, 0.5457, 0.39336]
		},
		"firstperson_lefthand": {
			"rotation": [130.36, 66.95, 165.06],
			"translation": [-8.75, 4.25, 7],
			"scale": [0.2, 0.2, 0.2]
		},
		"ground": {
			"rotation": [-45, 0, 90],
			"translation": [0, 0.75, 0],
			"scale": [0.2, 0.2, 0.2]
		},
		"gui": {
			"rotation": [126.02, 32.92, 36.79],
			"translation": [0, -3.25, 0]
		},
		"head": {
			"rotation": [-86.73, -42.28, 18.29],
			"translation": [-1.25, -6, -9.25],
			"scale": [0.32188, 0.51524, 0.32188]
		},
		"fixed": {
			"rotation": [90, 0, 180],
			"translation": [0, 0.5, -0.5],
			"scale": [0.5, 0.5, 0.5]
		}
	}
}