{"parent":"item/generated","textures":{"layer0":"item/bow"},"display":{"thirdperson_righthand":{"rotation":[-80,260,-40],"translation":[-1,-2,2.5],"scale":[0.9,0.9,0.9]},"thirdperson_lefthand":{"rotation":[-80,-280,40],"translation":[-1,-2,2.5],"scale":[0.9,0.9,0.9]},"firstperson_righthand":{"rotation":[0,-90,25],"translation":[1.13,3.2,1.13],"scale":[0.68,0.68,0.68]},"firstperson_lefthand":{"rotation":[0,90,-25],"translation":[1.13,3.2,1.13],"scale":[0.68,0.68,0.68]}},"overrides":[{"predicate":{"pulling":1},"model":"item/bow_pulling_0"},{"predicate":{"pulling":1,"pull":0.65},"model":"item/bow_pulling_1"},{"predicate":{"pulling":1,"pull":0.9},"model":"item/bow_pulling_2"},{"predicate":{"custom_model_data":1000},"model":"default/combat_bow"},{"predicate":{"pulling":1,"custom_model_data":1000},"model":"default/combat_bow_pulling_0"},{"predicate":{"pulling":1,"pull":0.33333334,"custom_model_data":1000},"model":"default/combat_bow_pulling_1"},{"predicate":{"pulling":1,"pull":0.6666667,"custom_model_data":1000},"model":"default/combat_bow_pulling_2"},{"predicate":{"custom_model_data":1001},"model":"littlesharkset/bow"},{"predicate":{"pulling":1,"custom_model_data":1001},"model":"littlesharkset/bow_0"},{"predicate":{"pulling":1,"pull":0.33333334,"custom_model_data":1001},"model":"littlesharkset/bow_1"},{"predicate":{"pulling":1,"pull":0.6666667,"custom_model_data":1001},"model":"littlesharkset/bow_2"},{"predicate":{"custom_model_data":1002},"model":"littlepandaset/bow"},{"predicate":{"pulling":1,"custom_model_data":1002},"model":"littlepandaset/bow_0"},{"predicate":{"pulling":1,"pull":0.33333334,"custom_model_data":1002},"model":"littlepandaset/bow_1"},{"predicate":{"pulling":1,"pull":0.6666667,"custom_model_data":1002},"model":"littlepandaset/bow_2"},{"predicate":{"custom_model_data":1003},"model":"protocalset/bow"},{"predicate":{"pulling":1,"custom_model_data":1003},"model":"protocalset/bow_0"},{"predicate":{"pulling":1,"pull":0.33333334,"custom_model_data":1003},"model":"protocalset/bow_1"},{"predicate":{"pulling":1,"pull":0.6666667,"custom_model_data":1003},"model":"protocalset/bow_2"},{"predicate":{"custom_model_data":1004},"model":"fairyset/bow"},{"predicate":{"pulling":1,"custom_model_data":1004},"model":"fairyset/bow_0"},{"predicate":{"pulling":1,"pull":0.33333334,"custom_model_data":1004},"model":"fairyset/bow_1"},{"predicate":{"pulling":1,"pull":0.6666667,"custom_model_data":1004},"model":"fairyset/bow_2"}]}