{"parent":"item/generated","textures":{"layer0":"item/brick"},"overrides":[{"predicate":{"custom_model_data":3553},"model":"rpg_pet_3_model/icon_bard"},{"predicate":{"custom_model_data":3555},"model":"rpg_pet_3_model/icon_cleric"},{"predicate":{"custom_model_data":3557},"model":"rpg_pet_3_model/icon_elementalist"},{"predicate":{"custom_model_data":3561},"model":"rpg_pet_3_model/icon_monk"},{"predicate":{"custom_model_data":3562},"model":"rpg_pet_3_model/icon_necromancer"},{"predicate":{"custom_model_data":3563},"model":"rpg_pet_3_model/icon_shadowmancer"},{"predicate":{"custom_model_data":3564},"model":"rpg_pet_3_model/icon_shaman"},{"predicate":{"custom_model_data":3565},"model":"rpg_pet_3_model/icon_summoner"}]}