{
	"credit": "Made with Blockbench",
	"texture_size": [64, 64],
	"textures": {
		"0": "block/brown_shulker_box",
		"particle": "block/brown_shulker_box"
	},
	"elements": [
		{
			"from": [4, 0, 0],
			"to": [11, 10, 16],
			"faces": {
				"north": {"uv": [0, 5, 1.75, 7.5], "texture": "#0"},
				"east": {"uv": [0, 0, 4, 2.5], "texture": "#0"},
				"south": {"uv": [1.75, 5, 3.5, 7.5], "texture": "#0"},
				"west": {"uv": [0, 2.5, 4, 5], "texture": "#0"},
				"up": {"uv": [5.75, 4, 4, 0], "texture": "#0"},
				"down": {"uv": [5.75, 4, 4, 8], "texture": "#0"}
			}
		},
		{
			"from": [6.5, 10, 2],
			"to": [8.5, 10.5, 4],
			"faces": {
				"north": {"uv": [2.5, 7.5, 3, 7.75], "texture": "#0"},
				"east": {"uv": [3, 7.5, 3.5, 7.75], "texture": "#0"},
				"south": {"uv": [7.5, 3, 8, 3.25], "texture": "#0"},
				"west": {"uv": [7.5, 3.25, 8, 3.5], "texture": "#0"},
				"up": {"uv": [7.5, 3.5, 7, 3], "texture": "#0"},
				"down": {"uv": [4, 7, 3.5, 7.5], "texture": "#0"}
			}
		},
		{
			"from": [6.5, 10, 12],
			"to": [8.5, 10.5, 14],
			"faces": {
				"north": {"uv": [3.5, 7.5, 4, 7.75], "texture": "#0"},
				"east": {"uv": [7.5, 3.5, 8, 3.75], "texture": "#0"},
				"south": {"uv": [7.5, 3.75, 8, 4], "texture": "#0"},
				"west": {"uv": [7.5, 4, 8, 4.25], "texture": "#0"},
				"up": {"uv": [7.5, 4, 7, 3.5], "texture": "#0"},
				"down": {"uv": [7.5, 4, 7, 4.5], "texture": "#0"}
			}
		},
		{
			"from": [7, 11, 5],
			"to": [8, 11.5, 11],
			"faces": {
				"north": {"uv": [7.5, 5.75, 7.75, 6], "texture": "#0"},
				"east": {"uv": [6.75, 2.5, 8.25, 2.75], "texture": "#0"},
				"south": {"uv": [7.75, 4.75, 8, 5], "texture": "#0"},
				"west": {"uv": [6.75, 2.75, 8.25, 3], "texture": "#0"},
				"up": {"uv": [7, 4.5, 6.75, 3], "texture": "#0"},
				"down": {"uv": [7, 4.5, 6.75, 6], "texture": "#0"}
			}
		},
		{
			"from": [7, 10, 10],
			"to": [8, 11, 11],
			"faces": {
				"north": {"uv": [7.75, 5, 8, 5.25], "texture": "#0"},
				"east": {"uv": [7.75, 5.25, 8, 5.5], "texture": "#0"},
				"south": {"uv": [7.75, 5.5, 8, 5.75], "texture": "#0"},
				"west": {"uv": [7.75, 5.75, 8, 6], "texture": "#0"},
				"up": {"uv": [8, 7.25, 7.75, 7], "texture": "#0"},
				"down": {"uv": [8, 7.25, 7.75, 7.5], "texture": "#0"}
			}
		},
		{
			"from": [7, 10, 5],
			"to": [8, 11, 6],
			"faces": {
				"north": {"uv": [7.75, 7.5, 8, 7.75], "texture": "#0"},
				"east": {"uv": [7.75, 7.75, 8, 8], "texture": "#0"},
				"south": {"uv": [0, 8, 0.25, 8.25], "texture": "#0"},
				"west": {"uv": [0.25, 8, 0.5, 8.25], "texture": "#0"},
				"up": {"uv": [0.75, 8.25, 0.5, 8], "texture": "#0"},
				"down": {"uv": [1, 8, 0.75, 8.25], "texture": "#0"}
			}
		},
		{
			"from": [3, 0, 2],
			"to": [4, 2, 4],
			"faces": {
				"north": {"uv": [7.5, 4.25, 7.75, 4.75], "texture": "#0"},
				"east": {"uv": [7, 4.5, 7.5, 5], "texture": "#0"},
				"south": {"uv": [7.5, 4.75, 7.75, 5.25], "texture": "#0"},
				"west": {"uv": [7, 5, 7.5, 5.5], "texture": "#0"},
				"up": {"uv": [7.75, 5.75, 7.5, 5.25], "texture": "#0"},
				"down": {"uv": [6.5, 7.5, 6.25, 8], "texture": "#0"}
			}
		},
		{
			"from": [3, 0, 12],
			"to": [4, 2, 14],
			"faces": {
				"north": {"uv": [6.5, 7.5, 6.75, 8], "texture": "#0"},
				"east": {"uv": [7, 5.5, 7.5, 6], "texture": "#0"},
				"south": {"uv": [6.75, 7.5, 7, 8], "texture": "#0"},
				"west": {"uv": [6.25, 7, 6.75, 7.5], "texture": "#0"},
				"up": {"uv": [7.25, 8, 7, 7.5], "texture": "#0"},
				"down": {"uv": [7.5, 7.5, 7.25, 8], "texture": "#0"}
			}
		},
		{
			"from": [11, 0, 12],
			"to": [12, 2, 14],
			"faces": {
				"north": {"uv": [7.5, 7.5, 7.75, 8], "texture": "#0"},
				"east": {"uv": [6.75, 7, 7.25, 7.5], "texture": "#0"},
				"south": {"uv": [2.5, 7.75, 2.75, 8.25], "texture": "#0"},
				"west": {"uv": [7.25, 7, 7.75, 7.5], "texture": "#0"},
				"up": {"uv": [3, 8.25, 2.75, 7.75], "texture": "#0"},
				"down": {"uv": [3.25, 7.75, 3, 8.25], "texture": "#0"}
			}
		},
		{
			"from": [11, 0, 2],
			"to": [12, 2, 4],
			"faces": {
				"north": {"uv": [3.25, 7.75, 3.5, 8.25], "texture": "#0"},
				"east": {"uv": [0, 7.5, 0.5, 8], "texture": "#0"},
				"south": {"uv": [3.5, 7.75, 3.75, 8.25], "texture": "#0"},
				"west": {"uv": [0.5, 7.5, 1, 8], "texture": "#0"},
				"up": {"uv": [4, 8.25, 3.75, 7.75], "texture": "#0"},
				"down": {"uv": [8, 4.25, 7.75, 4.75], "texture": "#0"}
			}
		},
		{
			"from": [3.9, 2, 2],
			"to": [3.9, 10.1, 4],
			"faces": {
				"north": {"uv": [0, 0, 0, 2], "texture": "#0"},
				"east": {"uv": [3.5, 5, 4, 7], "texture": "#0"},
				"south": {"uv": [0, 0, 0, 2], "texture": "#0"},
				"west": {"uv": [5.75, 0, 6.25, 2], "texture": "#0"},
				"up": {"uv": [0, 0.5, 0, 0], "texture": "#0"},
				"down": {"uv": [0, 0, 0, 0.5], "texture": "#0"}
			}
		},
		{
			"from": [3.9, 2, 12],
			"to": [3.9, 10.1, 14],
			"faces": {
				"north": {"uv": [0, 0, 0, 2], "texture": "#0"},
				"east": {"uv": [5.75, 2, 6.25, 4], "texture": "#0"},
				"south": {"uv": [0, 0, 0, 2], "texture": "#0"},
				"west": {"uv": [5.75, 4, 6.25, 6], "texture": "#0"},
				"up": {"uv": [0, 0.5, 0, 0], "texture": "#0"},
				"down": {"uv": [0, 0, 0, 0.5], "texture": "#0"}
			}
		},
		{
			"from": [11.1, 2, 2],
			"to": [11.1, 10.1, 4],
			"faces": {
				"north": {"uv": [0, 0, 0, 2], "texture": "#0"},
				"east": {"uv": [5.75, 6, 6.25, 8], "texture": "#0"},
				"south": {"uv": [0, 0, 0, 2], "texture": "#0"},
				"west": {"uv": [6.25, 0, 6.75, 2], "texture": "#0"},
				"up": {"uv": [0, 0.5, 0, 0], "texture": "#0"},
				"down": {"uv": [0, 0, 0, 0.5], "texture": "#0"}
			}
		},
		{
			"from": [11.1, 2, 12],
			"to": [11.1, 10.1, 14],
			"faces": {
				"north": {"uv": [0, 0, 0, 2], "texture": "#0"},
				"east": {"uv": [6.25, 2, 6.75, 4], "texture": "#0"},
				"south": {"uv": [0, 0, 0, 2], "texture": "#0"},
				"west": {"uv": [6.25, 4, 6.75, 6], "texture": "#0"},
				"up": {"uv": [0, 0.5, 0, 0], "texture": "#0"},
				"down": {"uv": [0, 0, 0, 0.5], "texture": "#0"}
			}
		},
		{
			"from": [3.9, 10.1, 2],
			"to": [11.1, 10.1, 4],
			"faces": {
				"north": {"uv": [0, 0, 1.75, 0], "texture": "#0"},
				"east": {"uv": [0, 0, 0.5, 0], "texture": "#0"},
				"south": {"uv": [0, 0, 1.75, 0], "texture": "#0"},
				"west": {"uv": [0, 0, 0.5, 0], "texture": "#0"},
				"up": {"uv": [8, 6.5, 6.25, 6], "texture": "#0"},
				"down": {"uv": [8, 6.5, 6.25, 7], "texture": "#0"}
			}
		},
		{
			"from": [3.95, 4.70711, 5.70711],
			"to": [3.95, 6.70711, 7.70711],
			"rotation": {"angle": -22.5, "axis": "x", "origin": [3.95, 5.70711, 6.70711]},
			"faces": {
				"north": {"uv": [0, 0, 0, 0.5], "texture": "#0"},
				"east": {"uv": [1, 7.5, 1.5, 8], "texture": "#0"},
				"south": {"uv": [0, 0, 0, 0.5], "texture": "#0"},
				"west": {"uv": [7.5, 1, 8, 1.5], "texture": "#0"},
				"up": {"uv": [0, 0.5, 0, 0], "texture": "#0"},
				"down": {"uv": [0, 0, 0, 0.5], "texture": "#0"}
			}
		},
		{
			"from": [11.05, 4.70711, 5.70711],
			"to": [11.05, 6.70711, 7.70711],
			"rotation": {"angle": 22.5, "axis": "x", "origin": [11.05, 5.70711, 6.70711]},
			"faces": {
				"north": {"uv": [0, 0, 0, 0.5], "texture": "#0"},
				"east": {"uv": [1.5, 7.5, 2, 8], "texture": "#0"},
				"south": {"uv": [0, 0, 0, 0.5], "texture": "#0"},
				"west": {"uv": [7.5, 1.5, 8, 2], "texture": "#0"},
				"up": {"uv": [0, 0.5, 0, 0], "texture": "#0"},
				"down": {"uv": [0, 0, 0, 0.5], "texture": "#0"}
			}
		},
		{
			"from": [11.05, 3.17637, 9.40262],
			"to": [11.05, 5.17637, 11.40262],
			"rotation": {"angle": -22.5, "axis": "x", "origin": [11.05, 4.17637, 10.40262]},
			"faces": {
				"north": {"uv": [0, 0, 0, 0.5], "texture": "#0"},
				"east": {"uv": [2, 7.5, 2.5, 8], "texture": "#0"},
				"south": {"uv": [0, 0, 0, 0.5], "texture": "#0"},
				"west": {"uv": [7.5, 2, 8, 2.5], "texture": "#0"},
				"up": {"uv": [0, 0.5, 0, 0], "texture": "#0"},
				"down": {"uv": [0, 0, 0, 0.5], "texture": "#0"}
			}
		},
		{
			"from": [3.975, 3, 2],
			"to": [3.975, 6, 5],
			"rotation": {"angle": 45, "axis": "x", "origin": [3.95, 5, 6]},
			"faces": {
				"north": {"uv": [0, 0, 0, 0.75], "texture": "#0"},
				"east": {"uv": [6.75, 1, 7.5, 1.75], "texture": "#0"},
				"south": {"uv": [0, 0, 0, 0.75], "texture": "#0"},
				"west": {"uv": [6.75, 1.75, 7.5, 2.5], "texture": "#0"},
				"up": {"uv": [0, 0.75, 0, 0], "texture": "#0"},
				"down": {"uv": [0, 0, 0, 0.75], "texture": "#0"}
			}
		},
		{
			"from": [3.9, 10.1, 12],
			"to": [11.1, 10.1, 14],
			"faces": {
				"north": {"uv": [0, 0, 1.75, 0], "texture": "#0"},
				"east": {"uv": [0, 0, 0.5, 0], "texture": "#0"},
				"south": {"uv": [0, 0, 1.75, 0], "texture": "#0"},
				"west": {"uv": [0, 0, 0.5, 0], "texture": "#0"},
				"up": {"uv": [8.5, 0.5, 6.75, 0], "texture": "#0"},
				"down": {"uv": [8.5, 0.5, 6.75, 1], "texture": "#0"}
			}
		}
	],
	"display": {
		"thirdperson_righthand": {
			"rotation": [90, 0, 0],
			"translation": [0.5, -2, -1.75],
			"scale": [0.8, 0.8, 0.8]
		},
		"thirdperson_lefthand": {
			"rotation": [90, 0, 0],
			"translation": [-0.25, -2, -1.75],
			"scale": [0.8, 0.8, 0.8]
		},
		"firstperson_righthand": {
			"translation": [0, 0.5, 0]
		},
		"firstperson_lefthand": {
			"translation": [0, 0.5, 0]
		},
		"ground": {
			"translation": [0, 0.5, 0],
			"scale": [0.5, 0.5, 0.5]
		},
		"gui": {
			"rotation": [0, 90, 0],
			"scale": [0.9, 0.9, 0.9]
		},
		"head": {
			"rotation": [0, -72.5, 0],
			"translation": [0.75, 14.25, 0.5]
		}
	},
	"groups": [
		{
			"name": "group",
			"origin": [8, 8, 8],
			"color": 0,
			"children": [0, 1, 2, 3, 4, 5, 6, 7, 8, 9, 10, 11, 12, 13, 14, 15, 16, 17, 18, 19]
		}
	]
}