{"parent":"item/handheld","textures":{"layer0":"item/diamond_sword"},"overrides":[{"predicate":{"custom_model_data":1000},"model":"default/magic_book"},{"predicate":{"custom_model_data":1002},"model":"default/bone_sword"},{"predicate":{"custom_model_data":1003},"model":"default/wood_sword"},{"predicate":{"custom_model_data":1004},"model":"default/storm_sword"},{"predicate":{"custom_model_data":1005},"model":"default/energy_crystal_sword"},{"predicate":{"custom_model_data":1006},"model":"glass_sword"},{"predicate":{"custom_model_data":1007},"model":"obsidian_sword"},{"predicate":{"custom_model_data":1008},"model":"default/blood_sword"},{"predicate":{"custom_model_data":1009},"model":"default/octavia_sword"},{"predicate":{"custom_model_data":1010},"model":"default/dagger"},{"predicate":{"custom_model_data":1011},"model":"default/katana"}]}