{"parent":"item/handheld_rod","textures":{"layer0":"item/fishing_rod"},"overrides":[{"predicate":{"custom_model_data":1000},"model":"littlesharkset/fishing_rod"},{"predicate":{"cast":1,"custom_model_data":1000},"model":"littlesharkset/fishing_rod_cast"},{"predicate":{"custom_model_data":1001},"model":"littlepandaset/fishing_rod"},{"predicate":{"cast":1,"custom_model_data":1001},"model":"littlepandaset/fishing_rod_cast"},{"predicate":{"custom_model_data":1002},"model":"protocalset/fishing_rod"},{"predicate":{"cast":1,"custom_model_data":1002},"model":"protocalset/fishing_rod_cast"},{"predicate":{"custom_model_data":1003},"model":"fairyset/fishing_rod"},{"predicate":{"cast":1,"custom_model_data":1003},"model":"fairyset/fishing_rod_cast"}]}