{"parent":"item/handheld","textures":{"layer0":"item/iron_pickaxe"},"overrides":[{"predicate":{"custom_model_data":1000},"model":"obsidian_pickaxe"},{"predicate":{"custom_model_data":1001},"model":"autumn_pickaxe"},{"predicate":{"custom_model_data":1002},"model":"littlepandaset/pickaxe"},{"predicate":{"custom_model_data":1003},"model":"protocalset/pickaxe"},{"predicate":{"custom_model_data":1004},"model":"fairyset/pickaxe"},{"predicate":{"custom_model_data":1005},"model":"littlesharkset/pickaxe"}]}