{"parent":"item/handheld","textures":{"layer0":"item/iron_sword"},"overrides":[{"predicate":{"custom_model_data":1000},"model":"autumn_sword"},{"predicate":{"custom_model_data":1001},"model":"littlesharkset/spear"},{"predicate":{"custom_model_data":1002},"model":"littlesharkset/staff"},{"predicate":{"custom_model_data":1003},"model":"littlesharkset/sword"},{"predicate":{"custom_model_data":1004},"model":"littlesharkset/trident"},{"predicate":{"custom_model_data":1005},"model":"littlepandaset/greatsword"},{"predicate":{"custom_model_data":1006},"model":"littlepandaset/hammer"},{"predicate":{"custom_model_data":1007},"model":"littlepandaset/scythe"},{"predicate":{"custom_model_data":1008},"model":"littlepandaset/spear"},{"predicate":{"custom_model_data":1009},"model":"littlepandaset/staff"},{"predicate":{"custom_model_data":1010},"model":"littlepandaset/sword"},{"predicate":{"custom_model_data":1011},"model":"littlepandaset/trident"},{"predicate":{"custom_model_data":1012},"model":"protocalset/greatsword"},{"predicate":{"custom_model_data":1013},"model":"protocalset/hammer"},{"predicate":{"custom_model_data":1014},"model":"protocalset/scythe"},{"predicate":{"custom_model_data":1015},"model":"protocalset/spear"},{"predicate":{"custom_model_data":1016},"model":"protocalset/staff"},{"predicate":{"custom_model_data":1017},"model":"protocalset/sword"},{"predicate":{"custom_model_data":1018},"model":"protocalset/trident"},{"predicate":{"custom_model_data":1019},"model":"fairyset/greatsword"},{"predicate":{"custom_model_data":1020},"model":"fairyset/hammer"},{"predicate":{"custom_model_data":1021},"model":"fairyset/scythe"},{"predicate":{"custom_model_data":1022},"model":"fairyset/spear"},{"predicate":{"custom_model_data":1023},"model":"fairyset/staff"},{"predicate":{"custom_model_data":1024},"model":"fairyset/sword"},{"predicate":{"custom_model_data":1025},"model":"fairyset/trident"},{"predicate":{"custom_model_data":1026},"model":"littlesharkset/hammer"}]}