{
    "parent": "minecraft:item/generated",
    "textures": {
        "layer0": "minecraft:item/leather_horse_armor"
    },
    "overrides": [
        {
            "predicate": {
                "custom_model_data": 1
            },
            "model": "modelengine:amogus/leash_pivot"
        },
        {
            "predicate": {
                "custom_model_data": 2
            },
            "model": "modelengine:amogus/mob"
        },
        {
            "predicate": {
                "custom_model_data": 3
            },
            "model": "modelengine:ballon_cluster/leash_pivot"
        },
        {
            "predicate": {
                "custom_model_data": 4
            },
            "model": "modelengine:ballon_cluster/mob"
        },
        {
            "predicate": {
                "custom_model_data": 5
            },
            "model": "modelengine:locomotive/mob"
        },
        {
            "predicate": {
                "custom_model_data": 6
            },
            "model": "modelengine:locomotive/r"
        },
        {
            "predicate": {
                "custom_model_data": 7
            },
            "model": "modelengine:locomotive/bucket"
        },
        {
            "predicate": {
                "custom_model_data": 8
            },
            "model": "modelengine:locomotive/l"
        },
        {
            "predicate": {
                "custom_model_data": 9
            },
            "model": "modelengine:locomotive/leash_pivot"
        },
        {
            "predicate": {
                "custom_model_data": 10
            },
            "model": "modelengine:star_kite/kite"
        },
        {
            "predicate": {
                "custom_model_data": 11
            },
            "model": "modelengine:star_kite/leash_pivot"
        }
    ]
}