{"parent":"item/generated","textures":{"layer0":"item/leather_boots","layer1":"item/leather_boots_overlay"},"overrides":[{"predicate":{"custom_model_data":1000},"model":"emerald_boots"},{"predicate":{"custom_model_data":1001},"model":"obsidian_boots"},{"predicate":{"custom_model_data":1002},"model":"ruby_boots"},{"predicate":{"custom_model_data":1003},"model":"autumn_boots"},{"predicate":{"custom_model_data":1004},"model":"protocalset_boots"},{"predicate":{"custom_model_data":1005},"model":"fairyset_boots"},{"predicate":{"custom_model_data":1006},"model":"littlepandaset_boots"}]}