{"parent":"item/generated","textures":{"layer0":"item/leather_chestplate","layer1":"item/leather_chestplate_overlay"},"overrides":[{"predicate":{"custom_model_data":1000},"model":"emerald_chestplate"},{"predicate":{"custom_model_data":1001},"model":"obsidian_chestplate"},{"predicate":{"custom_model_data":1002},"model":"ruby_chestplate"},{"predicate":{"custom_model_data":1003},"model":"autumn_chestplate"},{"predicate":{"custom_model_data":1004},"model":"protocalset_chestplate"},{"predicate":{"custom_model_data":1005},"model":"fairyset_chestplate"},{"predicate":{"custom_model_data":1006},"model":"littlepandaset_chestplate"}]}