{"parent":"item/generated","textures":{"layer0":"item/leather_helmet","layer1":"item/leather_helmet_overlay"},"overrides":[{"predicate":{"custom_model_data":1000},"model":"emerald_helmet"},{"predicate":{"custom_model_data":1001},"model":"obsidian_helmet"},{"predicate":{"custom_model_data":1002},"model":"ruby_helmet"},{"predicate":{"custom_model_data":1003},"model":"autumn_helmet"},{"predicate":{"custom_model_data":1004},"model":"protocalset_helmet"},{"predicate":{"custom_model_data":1005},"model":"fairyset_helmet"},{"predicate":{"custom_model_data":1006},"model":"littlepandaset_helmet"}]}