{"parent":"item/generated","textures":{"layer0":"item/name_tag"},"overrides":[{"predicate":{"custom_model_data":1},"model":"mask-1"},{"predicate":{"custom_model_data":2},"model":"mask-2"},{"predicate":{"custom_model_data":3},"model":"mask-3"},{"predicate":{"custom_model_data":4},"model":"mask-4"},{"predicate":{"custom_model_data":5},"model":"mask-5"},{"predicate":{"custom_model_data":6},"model":"mask-6"},{"predicate":{"custom_model_data":7},"model":"mask-7"},{"predicate":{"custom_model_data":8},"model":"hat-1"},{"predicate":{"custom_model_data":9},"model":"hat-2"},{"predicate":{"custom_model_data":10},"model":"hat-3"},{"predicate":{"custom_model_data":11},"model":"hat-4"},{"predicate":{"custom_model_data":12},"model":"hat-5"},{"predicate":{"custom_model_data":13},"model":"hat-6"},{"predicate":{"custom_model_data":14},"model":"gift-1"},{"predicate":{"custom_model_data":15},"model":"gift-2"},{"predicate":{"custom_model_data":16},"model":"gift-3"},{"predicate":{"custom_model_data":17},"model":"gift-4"},{"predicate":{"custom_model_data":18},"model":"gift-5"},{"predicate":{"custom_model_data":19},"model":"gift-6"},{"predicate":{"custom_model_data":20},"model":"bubble-1"},{"predicate":{"custom_model_data":21},"model":"bubble-2"},{"predicate":{"custom_model_data":22},"model":"bubble-3"},{"predicate":{"custom_model_data":23},"model":"bubble-4"},{"predicate":{"custom_model_data":24},"model":"bubble-5"},{"predicate":{"custom_model_data":25},"model":"bubble-6"},{"predicate":{"custom_model_data":26},"model":"bubble-7"},{"predicate":{"custom_model_data":27},"model":"bubble-8"},{"predicate":{"custom_model_data":29},"model":"book"},{"predicate":{"custom_model_data":30},"model":"candy"},{"predicate":{"custom_model_data":31},"model":"m-chest"},{"predicate":{"custom_model_data":32},"model":"cloud"},{"predicate":{"custom_model_data":33},"model":"flame"},{"predicate":{"custom_model_data":34},"model":"hammer"},{"predicate":{"custom_model_data":35},"model":"medal"},{"predicate":{"custom_model_data":36},"model":"sleeping"},{"predicate":{"custom_model_data":37},"model":"small-star"},{"predicate":{"custom_model_data":38},"model":"spell"},{"predicate":{"custom_model_data":39},"model":"spider"},{"predicate":{"custom_model_data":40},"model":"star"},{"predicate":{"custom_model_data":41},"model":"sword"},{"predicate":{"custom_model_data":42},"model":"thunder"},{"predicate":{"custom_model_data":43},"model":"hat"},{"predicate":{"custom_model_data":44},"model":"treasure"},{"predicate":{"custom_model_data":45},"model":"trophy"},{"predicate":{"custom_model_data":46},"model":"heart"},{"predicate":{"custom_model_data":47},"model":"coin"},{"predicate":{"custom_model_data":48},"model":"gem"},{"predicate":{"custom_model_data":49},"model":"cup"},{"predicate":{"custom_model_data":50},"model":"small-shield"},{"predicate":{"custom_model_data":51},"model":"shield-1"},{"predicate":{"custom_model_data":52},"model":"shield-2"},{"predicate":{"custom_model_data":53},"model":"shield-3"},{"predicate":{"custom_model_data":54},"model":"wing"},{"predicate":{"custom_model_data":55},"model":"small-candy"},{"predicate":{"custom_model_data":56},"model":"blue-gem"},{"predicate":{"custom_model_data":57},"model":"anvil"},{"predicate":{"custom_model_data":58},"model":"crystal-1"},{"predicate":{"custom_model_data":59},"model":"crystal-2"},{"predicate":{"custom_model_data":60},"model":"crystal-3"},{"predicate":{"custom_model_data":61},"model":"crystal-4"},{"predicate":{"custom_model_data":62},"model":"crystal-5"},{"predicate":{"custom_model_data":63},"model":"crystal-6"},{"predicate":{"custom_model_data":64},"model":"crystal-7"},{"predicate":{"custom_model_data":65},"model":"crystal-8"},{"predicate":{"custom_model_data":66},"model":"crystal-9"},{"predicate":{"custom_model_data":67},"model":"crystal-10"},{"predicate":{"custom_model_data":68},"model":"ruby-1"},{"predicate":{"custom_model_data":69},"model":"ruby-2"},{"predicate":{"custom_model_data":70},"model":"ruby-3"},{"predicate":{"custom_model_data":71},"model":"ruby-4"},{"predicate":{"custom_model_data":72},"model":"ruby-5"},{"predicate":{"custom_model_data":73},"model":"ruby-6"},{"predicate":{"custom_model_data":74},"model":"ruby-7"},{"predicate":{"custom_model_data":75},"model":"ruby-8"},{"predicate":{"custom_model_data":76},"model":"light"},{"predicate":{"custom_model_data":77},"model":"update-1"},{"predicate":{"custom_model_data":78},"model":"update-2"},{"predicate":{"custom_model_data":79},"model":"update-3"},{"predicate":{"custom_model_data":80},"model":"update-4"},{"predicate":{"custom_model_data":81},"model":"update-5"},{"predicate":{"custom_model_data":82},"model":"update-6"},{"predicate":{"custom_model_data":83},"model":"update-7"},{"predicate":{"custom_model_data":84},"model":"update-8"},{"predicate":{"custom_model_data":85},"model":"update-9"},{"predicate":{"custom_model_data":86},"model":"update-10"},{"predicate":{"custom_model_data":87},"model":"update-11"},{"predicate":{"custom_model_data":88},"model":"update-12"},{"predicate":{"custom_model_data":89},"model":"update-13"},{"predicate":{"custom_model_data":90},"model":"update-14"},{"predicate":{"custom_model_data":91},"model":"borghesevip"},{"predicate":{"custom_model_data":92},"model":"magnatevip"},{"predicate":{"custom_model_data":93},"model":"milionariovip"},{"predicate":{"custom_model_data":94},"model":"miliardariovip"},{"predicate":{"custom_model_data":95},"model":"vuoto"},{"predicate":{"custom_model_data":96},"model":"zero"},{"predicate":{"custom_model_data":97},"model":"uno"},{"predicate":{"custom_model_data":98},"model":"due"},{"predicate":{"custom_model_data":99},"model":"tre"},{"predicate":{"custom_model_data":100},"model":"quattro"},{"predicate":{"custom_model_data":101},"model":"cinque"},{"predicate":{"custom_model_data":102},"model":"sei"},{"predicate":{"custom_model_data":103},"model":"sette"},{"predicate":{"custom_model_data":104},"model":"otto"},{"predicate":{"custom_model_data":105},"model":"nove"},{"predicate":{"custom_model_data":106},"model":"dieci"},{"predicate":{"custom_model_data":107},"model":"undici"},{"predicate":{"custom_model_data":108},"model":"dodici"},{"predicate":{"custom_model_data":109},"model":"tredici"},{"predicate":{"custom_model_data":110},"model":"quattordici"},{"predicate":{"custom_model_data":111},"model":"quindici"},{"predicate":{"custom_model_data":112},"model":"sedici"},{"predicate":{"custom_model_data":113},"model":"diciasette"}]}