{"parent":"item/generated","textures":{"layer0":"item/paper"},"overrides":[{"predicate":{"custom_model_data":1},"model":"item/present-1"},{"predicate":{"custom_model_data":2},"model":"item/present-2"},{"predicate":{"custom_model_data":3},"model":"item/present-3"},{"predicate":{"custom_model_data":1000},"model":"default/caveblock"},{"predicate":{"custom_model_data":1001},"model":"amethyst_ore"},{"predicate":{"custom_model_data":1002},"model":"ruby_ore"},{"predicate":{"custom_model_data":1003},"model":"onyx_ore"},{"predicate":{"custom_model_data":1004},"model":"orax_ore"},{"predicate":{"custom_model_data":1005},"model":"brunnera"},{"predicate":{"custom_model_data":1006},"model":"daffodil"},{"predicate":{"custom_model_data":1007},"model":"dailily"},{"predicate":{"custom_model_data":1008},"model":"default/table"},{"predicate":{"custom_model_data":1009},"model":"default/cart"},{"predicate":{"custom_model_data":1010},"model":"default/chair"},{"predicate":{"custom_model_data":1011},"model":"default/coach"},{"predicate":{"custom_model_data":1012},"model":"default/shelf"},{"predicate":{"custom_model_data":1013},"model":"arrow_next_icon"},{"predicate":{"custom_model_data":1014},"model":"arrow_previous_icon"},{"predicate":{"custom_model_data":1015},"model":"exit_icon"},{"predicate":{"custom_model_data":1016},"model":"default/anubis_head"},{"predicate":{"custom_model_data":1017},"model":"default/crown"},{"predicate":{"custom_model_data":1018},"model":"default/pharaoh_head"},{"predicate":{"custom_model_data":1019},"model":"default/witch_hat"},{"predicate":{"custom_model_data":1020},"model":"default/space_helmet"},{"predicate":{"custom_model_data":1021},"model":"amethyst"},{"predicate":{"custom_model_data":1022},"model":"ruby"},{"predicate":{"custom_model_data":1023},"model":"onyx"},{"predicate":{"custom_model_data":1024},"model":"orax"},{"predicate":{"custom_model_data":1025},"model":"block/fire_floor0"},{"predicate":{"custom_model_data":1026},"model":"soldi1"},{"predicate":{"custom_model_data":1027},"model":"soldi2"},{"predicate":{"custom_model_data":1028},"model":"soldi3"},{"predicate":{"custom_model_data":1029},"model":"soldi4"},{"predicate":{"custom_model_data":1030},"model":"comune"},{"predicate":{"custom_model_data":1031},"model":"epica"},{"predicate":{"custom_model_data":1032},"model":"rara"},{"predicate":{"custom_model_data":1033},"model":"Leggendaria"},{"predicate":{"custom_model_data":1034},"model":"key"},{"predicate":{"custom_model_data":1035},"model":"birra"},{"predicate":{"custom_model_data":1036},"model":"cocacola"},{"predicate":{"custom_model_data":1037},"model":"iron_cog"},{"predicate":{"custom_model_data":1038},"model":"gold_cog"},{"predicate":{"custom_model_data":1039},"model":"diamond_cog"},{"predicate":{"custom_model_data":1040},"model":"weed_seed"},{"predicate":{"custom_model_data":1041},"model":"default/weed/stage0"},{"predicate":{"custom_model_data":1042},"model":"default/weed/stage1"},{"predicate":{"custom_model_data":1043},"model":"default/weed/stage2"},{"predicate":{"custom_model_data":1044},"model":"default/weed/stage3"},{"predicate":{"custom_model_data":1045},"model":"grape_seeds"},{"predicate":{"custom_model_data":1046},"model":"default/grape/stage0"},{"predicate":{"custom_model_data":1047},"model":"default/grape/stage1"},{"predicate":{"custom_model_data":1048},"model":"default/grape/stage2"},{"predicate":{"custom_model_data":1049},"model":"default/grape/stage3"},{"predicate":{"custom_model_data":1050},"model":"default/grape/stage4"},{"predicate":{"custom_model_data":1051},"model":"littlesharkset/chest"},{"predicate":{"custom_model_data":1052},"model":"littlesharkset/chest_opening"},{"predicate":{"custom_model_data":1053},"model":"littlesharkset/flag"},{"predicate":{"custom_model_data":1054},"model":"littlesharkset/key"},{"predicate":{"custom_model_data":1055},"model":"littlepandaset/backpack"},{"predicate":{"custom_model_data":1056},"model":"littlepandaset/bamboo_backpack"},{"predicate":{"custom_model_data":1057},"model":"littlepandaset/chest"},{"predicate":{"custom_model_data":1058},"model":"littlepandaset/chest_opening"},{"predicate":{"custom_model_data":1059},"model":"littlepandaset/panda_head"},{"predicate":{"custom_model_data":1060},"model":"littlepandaset/panda_hood"},{"predicate":{"custom_model_data":1061},"model":"littlepandaset/key"},{"predicate":{"custom_model_data":1062},"model":"protocalset/chest"},{"predicate":{"custom_model_data":1063},"model":"protocalset/chest_opening"},{"predicate":{"custom_model_data":1064},"model":"protocalset/helmet"},{"predicate":{"custom_model_data":1065},"model":"protocalset/key"},{"predicate":{"custom_model_data":1066},"model":"protocalset/wings"},{"predicate":{"custom_model_data":1067},"model":"fairyset/chest"},{"predicate":{"custom_model_data":1068},"model":"fairyset/chest_opening"},{"predicate":{"custom_model_data":1069},"model":"fairyset/helmet"},{"predicate":{"custom_model_data":1070},"model":"fairyset/key"},{"predicate":{"custom_model_data":1071},"model":"fairyset/wings"},{"predicate":{"custom_model_data":1347},"model":"casino/bank_atm"},{"predicate":{"custom_model_data":2000},"model":"casino/casino_barrier"},{"predicate":{"custom_model_data":2001},"model":"casino/casino_bush"},{"predicate":{"custom_model_data":2002},"model":"casino/casino_card_and_token"},{"predicate":{"custom_model_data":2003},"model":"casino/casino_chair_bar_red"},{"predicate":{"custom_model_data":2004},"model":"casino/casino_chips"},{"predicate":{"custom_model_data":2005},"model":"casino/casino_pot_tree"},{"predicate":{"custom_model_data":2006},"model":"casino/casino_sofa_red"},{"predicate":{"custom_model_data":2047},"model":"casino/bank_tall_chair"},{"predicate":{"custom_model_data":2317},"model":"casino/bank_locker"},{"predicate":{"custom_model_data":2347},"model":"casino/bank_safe_door"},{"predicate":{"custom_model_data":2349},"model":"casino/bank_camera"},{"predicate":{"custom_model_data":2357},"model":"casino/bank_chair"},{"predicate":{"custom_model_data":2367},"model":"casino/bank_chair_1"},{"predicate":{"custom_model_data":2377},"model":"casino/bank_computer"},{"predicate":{"custom_model_data":2387},"model":"casino/bank_document"},{"predicate":{"custom_model_data":2447},"model":"casino/bank_money"},{"predicate":{"custom_model_data":2547},"model":"casino/bank_money_case"},{"predicate":{"custom_model_data":2647},"model":"casino/bank_table"},{"predicate":{"custom_model_data":2192001},"model":"littlesharkset/backpack"},{"predicate":{"custom_model_data":2192002},"model":"littlesharkset/backpack_2"},{"predicate":{"custom_model_data":2192003},"model":"littlesharkset/tail"},{"predicate":{"custom_model_data":2192004},"model":"littlesharkset/hat"},{"predicate":{"custom_model_data":2192101},"model":"littlesharkset/backpack_self"},{"predicate":{"custom_model_data":2192102},"model":"littlesharkset/backpack_2_self"},{"predicate":{"custom_model_data":2192203},"model":"littlesharkset/tail_self"}]}