{"parent":"item/generated","textures":{"layer0":"item/potion_overlay","layer1":"item/potion"},"overrides":[{"predicate":{"custom_model_data":232453},"model":"orecchiegatto/orecchiegatto"},{"predicate":{"custom_model_data":239253},"model":"occhiali/occhiali"},{"predicate":{"custom_model_data":300001},"model":"cosmetics:body/leather_backpack"},{"predicate":{"custom_model_data":300002},"model":"cosmetics:body/leather_backpack_self"},{"predicate":{"custom_model_data":300003},"model":"cosmetics:hat/cowboy_hat"},{"predicate":{"custom_model_data":400003},"model":"cosmetics:body/red_parrot"},{"predicate":{"custom_model_data":400004},"model":"cosmetics:body/red_parrot_self"},{"predicate":{"custom_model_data":400005},"model":"cosmetics:hat/snow_fox_sleeping"},{"predicate":{"custom_model_data":400006},"model":"cosmetics:hat/chef_hat"},{"predicate":{"custom_model_data":400007},"model":"cosmetics:hat/witch_hat"},{"predicate":{"custom_model_data":400008},"model":"cosmetics:body/squirrel_tail"},{"predicate":{"custom_model_data":400009},"model":"cosmetics:body/squirrel_tail_self"},{"predicate":{"custom_model_data":400010},"model":"cosmetics:body/bee_nest"},{"predicate":{"custom_model_data":400011},"model":"cosmetics:body/bee_nest_self"},{"predicate":{"custom_model_data":400012},"model":"cosmetics:body/backpack"},{"predicate":{"custom_model_data":400013},"model":"cosmetics:body/backpack_self"},{"predicate":{"custom_model_data":400014},"model":"cosmetics:entity/amogus_icon"},{"predicate":{"custom_model_data":400015},"model":"cosmetics:entity/ballon_cluster_icon"},{"predicate":{"custom_model_data":400016},"model":"cosmetics:entity/star_kite_icon"},{"predicate":{"custom_model_data":400017},"model":"cosmetics:entity/locomotive_icon"},{"predicate":{"custom_model_data":400018},"model":"minecraft:item/potion"},{"predicate":{"custom_model_data":800033},"model":"bettermobs:technoblade_on_head/pig"},{"predicate":{"custom_model_data":1500001},"model":"protocalset/wings_cosmeticscore"},{"predicate":{"custom_model_data":1500002},"model":"protocalset/wings_cosmeticscore_self"},{"predicate":{"custom_model_data":1500003},"model":"protocalset/helmet"},{"predicate":{"custom_model_data":1900001},"model":"littlepandaset/backpack_cosmeticscore"},{"predicate":{"custom_model_data":1900002},"model":"littlepandaset/backpack_cosmeticscore_self"},{"predicate":{"custom_model_data":1900003},"model":"littlepandaset/bamboo_backpack_cosmeticscore"},{"predicate":{"custom_model_data":1900004},"model":"littlepandaset/bamboo_backpack_cosmeticscore_self"},{"predicate":{"custom_model_data":1900005},"model":"littlepandaset/panda_head"},{"predicate":{"custom_model_data":1900006},"model":"littlepandaset/panda_hood"},{"predicate":{"custom_model_data":2000001},"model":"fairyset/wings_cosmeticscore"},{"predicate":{"custom_model_data":2000002},"model":"fairyset/wings_cosmeticscore_self"},{"predicate":{"custom_model_data":2000003},"model":"fairyset/helmet"},{"predicate":{"custom_model_data":2023904},"model":"bandanab/bandanab"},{"predicate":{"custom_model_data":2029002},"model":"bastonei/bastonei"},{"predicate":{"custom_model_data":2099102},"model":"aliangelo/aliangelo"},{"predicate":{"custom_model_data":2099104},"model":"bandanaa/bandanaa"},{"predicate":{"custom_model_data":2099429},"model":"bandanai/bandanai"},{"predicate":{"custom_model_data":2339053},"model":"gatto/gatto"},{"predicate":{"custom_model_data":2353329},"model":"zoo_cozy_cosmetic/frog_hand"},{"predicate":{"custom_model_data":2355411},"model":"zoo_cozy_cosmetic/rabbit_backpack_self"},{"predicate":{"custom_model_data":2355412},"model":"zoo_cozy_cosmetic/rabbit_carrot"},{"predicate":{"custom_model_data":2355413},"model":"zoo_cozy_cosmetic/rabbit_ears"},{"predicate":{"custom_model_data":2355420},"model":"zoo_cozy_cosmetic/rabbit_backpack"},{"predicate":{"custom_model_data":2355422},"model":"zoo_cozy_cosmetic/bear_backpack_self"},{"predicate":{"custom_model_data":2355423},"model":"zoo_cozy_cosmetic/bear_hand"},{"predicate":{"custom_model_data":2355424},"model":"zoo_cozy_cosmetic/bear_hat"},{"predicate":{"custom_model_data":2355425},"model":"zoo_cozy_cosmetic/bear_backpack"},{"predicate":{"custom_model_data":2355427},"model":"zoo_cozy_cosmetic/frog_backpack"},{"predicate":{"custom_model_data":2355428},"model":"zoo_cozy_cosmetic/frog_backpack_self"},{"predicate":{"custom_model_data":2355429},"model":"alidrago/alidrago"},{"predicate":{"custom_model_data":2355436},"model":"zoo_cozy_cosmetic/bear_backpack"},{"predicate":{"custom_model_data":2509053},"model":"siga/siga"},{"predicate":{"custom_model_data":2803304},"model":"cilindro/cilindro"},{"predicate":{"custom_model_data":2825504},"model":"aliape/aliape"},{"predicate":{"custom_model_data":3903939},"model":"cascoastronauta/cascoastronauta"},{"predicate":{"custom_model_data":3949293},"model":"bastonemonopoly/bastonemonopoly"},{"predicate":{"custom_model_data":4302339},"model":"cornaviola/cornaviola"}]}