{
	"credit": "Made with Blockbench",
	"ambientocclusion": false,
	"texture_size": [32, 32],
	"textures": {
		"0": "bandanai/texture",
		"1": "bandanai/logo",
		"2": "bandanai/bandana",
		"particle": "bandanai/texture"
	},
	"elements": [
		{
			"from": [0, 8, 1],
			"to": [16, 12, 2],
			"faces": {
				"north": {"uv": [0, 0, 8, 2], "texture": "#2"},
				"east": {"uv": [8, 11.5, 8.5, 13.5], "texture": "#2"},
				"south": {"uv": [0, 2, 8, 4], "texture": "#2"},
				"west": {"uv": [8.5, 11.5, 9, 13.5], "texture": "#2"},
				"up": {"uv": [14, 8.5, 6, 8], "texture": "#2"},
				"down": {"uv": [16, 6, 8, 6.5], "texture": "#2"}
			}
		},
		{
			"from": [0, 8, 14],
			"to": [16, 12, 15],
			"faces": {
				"north": {"uv": [0, 4, 8, 6], "texture": "#2"},
				"east": {"uv": [9, 11.5, 9.5, 13.5], "texture": "#2"},
				"south": {"uv": [0, 6, 8, 8], "texture": "#2"},
				"west": {"uv": [9.5, 11.5, 10, 13.5], "texture": "#2"},
				"up": {"uv": [16, 7, 8, 6.5], "texture": "#2"},
				"down": {"uv": [16, 7, 8, 7.5], "texture": "#2"}
			}
		},
		{
			"from": [15, 8, 2],
			"to": [16, 12, 14],
			"faces": {
				"north": {"uv": [10, 11.5, 10.5, 13.5], "texture": "#2"},
				"east": {"uv": [0, 8, 6, 10], "texture": "#2"},
				"south": {"uv": [10.5, 11.5, 11, 13.5], "texture": "#2"},
				"west": {"uv": [8, 0, 14, 2], "texture": "#2"},
				"up": {"uv": [6.5, 14.5, 6, 8.5], "texture": "#2"},
				"down": {"uv": [7, 8.5, 6.5, 14.5], "texture": "#2"}
			}
		},
		{
			"from": [0, 8, 2],
			"to": [1, 12, 14],
			"faces": {
				"north": {"uv": [11, 11.5, 11.5, 13.5], "texture": "#2"},
				"east": {"uv": [8, 2, 14, 4], "texture": "#2"},
				"south": {"uv": [11.5, 11.5, 12, 13.5], "texture": "#2"},
				"west": {"uv": [8, 4, 14, 6], "texture": "#2"},
				"up": {"uv": [7.5, 14.5, 7, 8.5], "texture": "#2"},
				"down": {"uv": [8, 8.5, 7.5, 14.5], "texture": "#2"}
			}
		},
		{
			"from": [7, 6.8, 14],
			"to": [9, 9.8, 16],
			"faces": {
				"north": {"uv": [8, 8.5, 9, 10], "texture": "#2"},
				"east": {"uv": [9, 8.5, 10, 10], "texture": "#2"},
				"south": {"uv": [0, 10, 1, 11.5], "texture": "#2"},
				"west": {"uv": [1, 10, 2, 11.5], "texture": "#2"},
				"up": {"uv": [13, 9.5, 12, 8.5], "texture": "#2"},
				"down": {"uv": [13, 9.5, 12, 10.5], "texture": "#2"}
			}
		},
		{
			"from": [4.925, 6, 14.05],
			"to": [6.925, 9, 16.05],
			"faces": {
				"north": {"uv": [2, 10, 3, 11.5], "texture": "#2"},
				"east": {"uv": [3, 10, 4, 11.5], "texture": "#2"},
				"south": {"uv": [4, 10, 5, 11.5], "texture": "#2"},
				"west": {"uv": [5, 10, 6, 11.5], "texture": "#2"},
				"up": {"uv": [13, 11.5, 12, 10.5], "texture": "#2"},
				"down": {"uv": [13, 11.5, 12, 12.5], "texture": "#2"}
			}
		},
		{
			"from": [9, 6, 14],
			"to": [11, 9, 16],
			"faces": {
				"north": {"uv": [8, 10, 9, 11.5], "texture": "#2"},
				"east": {"uv": [10, 8.5, 11, 10], "texture": "#2"},
				"south": {"uv": [9, 10, 10, 11.5], "texture": "#2"},
				"west": {"uv": [10, 10, 11, 11.5], "texture": "#2"},
				"up": {"uv": [13, 13.5, 12, 12.5], "texture": "#2"},
				"down": {"uv": [1, 13, 0, 14], "texture": "#2"}
			}
		},
		{
			"from": [9, 5, 14],
			"to": [11, 7, 16],
			"faces": {
				"north": {"uv": [1, 13, 2, 14], "texture": "#2"},
				"east": {"uv": [2, 13, 3, 14], "texture": "#2"},
				"south": {"uv": [3, 13, 4, 14], "texture": "#2"},
				"west": {"uv": [4, 13, 5, 14], "texture": "#2"},
				"up": {"uv": [6, 14, 5, 13], "texture": "#2"},
				"down": {"uv": [14, 8.5, 13, 9.5], "texture": "#2"}
			}
		},
		{
			"from": [5, 4, 14],
			"to": [7, 7, 16],
			"faces": {
				"north": {"uv": [11, 8.5, 12, 10], "texture": "#2"},
				"east": {"uv": [11, 10, 12, 11.5], "texture": "#2"},
				"south": {"uv": [0, 11.5, 1, 13], "texture": "#2"},
				"west": {"uv": [1, 11.5, 2, 13], "texture": "#2"},
				"up": {"uv": [14, 10.5, 13, 9.5], "texture": "#2"},
				"down": {"uv": [14, 10.5, 13, 11.5], "texture": "#2"}
			}
		},
		{
			"from": [10, 4, 15],
			"to": [12, 6.5, 16.5],
			"faces": {
				"north": {"uv": [2, 11.5, 3, 12.75], "texture": "#2"},
				"east": {"uv": [13, 11.5, 13.75, 12.75], "texture": "#2"},
				"south": {"uv": [3, 11.5, 4, 12.75], "texture": "#2"},
				"west": {"uv": [13, 13, 13.75, 14.25], "texture": "#2"},
				"up": {"uv": [11, 14.25, 10, 13.5], "texture": "#2"},
				"down": {"uv": [12, 13.5, 11, 14.25], "texture": "#2"}
			}
		},
		{
			"from": [4, 3, 15],
			"to": [6, 5.5, 16.5],
			"faces": {
				"north": {"uv": [4, 11.5, 5, 12.75], "texture": "#2"},
				"east": {"uv": [8, 13.5, 8.75, 14.75], "texture": "#2"},
				"south": {"uv": [5, 11.5, 6, 12.75], "texture": "#2"},
				"west": {"uv": [9, 13.5, 9.75, 14.75], "texture": "#2"},
				"up": {"uv": [13, 14.25, 12, 13.5], "texture": "#2"},
				"down": {"uv": [1, 14, 0, 14.75], "texture": "#2"}
			}
		},
		{
			"from": [2.90625, 8.2375, 0.95],
			"to": [12.86875, 11.725, 0.95],
			"rotation": {"angle": 0, "axis": "y", "origin": [-2, 0, -2]},
			"faces": {
				"north": {"uv": [0, 0, 16, 16], "texture": "#1"},
				"east": {"uv": [10, 11, 12, 13], "texture": "#3"},
				"south": {"uv": [11, 8, 13, 10], "texture": "#3"},
				"west": {"uv": [1, 12, 3, 14], "texture": "#3"},
				"up": {"uv": [10, 15, 8, 13], "texture": "#3"},
				"down": {"uv": [10, 7, 8, 9], "texture": "#3"}
			}
		}
	],
	"display": {
		"thirdperson_righthand": {
			"rotation": [0, 25, 0],
			"translation": [0, -2.25, 0],
			"scale": [0.22656, 0.22656, 0.22656]
		},
		"thirdperson_lefthand": {
			"translation": [0, -2.25, 0],
			"scale": [0.25391, 0.25391, 0.25391]
		},
		"gui": {
			"rotation": [-162.5, 32.25, -180],
			"translation": [0, -1.5, 0],
			"scale": [0.74219, 0.74219, 0.74219]
		},
		"head": {
			"translation": [0, 0.75, 0],
			"scale": [0.95704, 1.10352, 1.12696]
		},
		"fixed": {
			"translation": [0, -1.75, 0]
		}
	}
}