{
	"credit": "Made with Blockbench",
	"texture_size": [64, 64],
	"textures": {
		"0": "bastonei/bastonei",
		"particle": "bastonei/bastonei"
	},
	"elements": [
		{
			"from": [8.55, 0, 8.45],
			"to": [8.725, 10.275, 8.61],
			"faces": {
				"north": {"uv": [0, 0, 0.125, 2.625], "texture": "#0"},
				"east": {"uv": [0.25, 0, 0.375, 2.625], "texture": "#0"},
				"south": {"uv": [0.5, 0, 0.625, 2.625], "texture": "#0"},
				"west": {"uv": [0.75, 0, 0.875, 2.625], "texture": "#0"},
				"up": {"uv": [2.875, 0.125, 2.75, 0], "texture": "#0"},
				"down": {"uv": [0.375, 2.75, 0.25, 2.875], "texture": "#0"}
			}
		},
		{
			"from": [8.6, 0, 8.43],
			"to": [8.675, 10.275, 8.64],
			"faces": {
				"north": {"uv": [1, 0, 1.125, 2.625], "texture": "#0"},
				"east": {"uv": [1.25, 0, 1.375, 2.625], "texture": "#0"},
				"south": {"uv": [1.5, 0, 1.625, 2.625], "texture": "#0"},
				"west": {"uv": [1.75, 0, 1.875, 2.625], "texture": "#0"},
				"up": {"uv": [2.875, 0.375, 2.75, 0.25], "texture": "#0"},
				"down": {"uv": [0.625, 2.75, 0.5, 2.875], "texture": "#0"}
			}
		},
		{
			"from": [8.525, 0, 8.5],
			"to": [8.75, 10.275, 8.575],
			"rotation": {"angle": 0, "axis": "y", "origin": [8.6375, 5.1375, 8.5375]},
			"faces": {
				"north": {"uv": [2, 0, 2.125, 2.625], "texture": "#0"},
				"east": {"uv": [2.25, 0, 2.375, 2.625], "texture": "#0"},
				"south": {"uv": [2.5, 0, 2.625, 2.625], "texture": "#0"},
				"west": {"uv": [0, 2.75, 0.125, 5.375], "texture": "#0"},
				"up": {"uv": [2.875, 0.625, 2.75, 0.5], "texture": "#0"},
				"down": {"uv": [0.875, 2.75, 0.75, 2.875], "texture": "#0"}
			}
		},
		{
			"from": [8.55, 10.275, 8.5],
			"to": [8.75, 10.45, 8.575],
			"rotation": {"angle": -22.5, "axis": "z", "origin": [8.55, 10.3625, 8.5125]},
			"faces": {
				"north": {"uv": [2.75, 0.75, 2.875, 0.875], "texture": "#0"},
				"east": {"uv": [1, 2.75, 1.125, 2.875], "texture": "#0"},
				"south": {"uv": [2.75, 1, 2.875, 1.125], "texture": "#0"},
				"west": {"uv": [1.25, 2.75, 1.375, 2.875], "texture": "#0"},
				"up": {"uv": [2.875, 1.375, 2.75, 1.25], "texture": "#0"},
				"down": {"uv": [1.625, 2.75, 1.5, 2.875], "texture": "#0"}
			}
		},
		{
			"from": [8.575, 10.275, 8.45],
			"to": [8.65, 10.45, 8.625],
			"rotation": {"angle": -22.5, "axis": "z", "origin": [8.55, 10.3625, 8.5125]},
			"faces": {
				"north": {"uv": [2.75, 1.5, 2.875, 1.625], "texture": "#0"},
				"east": {"uv": [1.75, 2.75, 1.875, 2.875], "texture": "#0"},
				"south": {"uv": [2.75, 1.75, 2.875, 1.875], "texture": "#0"},
				"west": {"uv": [2, 2.75, 2.125, 2.875], "texture": "#0"},
				"up": {"uv": [2.875, 2.125, 2.75, 2], "texture": "#0"},
				"down": {"uv": [2.375, 2.75, 2.25, 2.875], "texture": "#0"}
			}
		},
		{
			"from": [8.625, 10.275, 8.455],
			"to": [8.725, 10.475, 8.615],
			"rotation": {"angle": -22.5, "axis": "z", "origin": [8.55, 10.3625, 8.5125]},
			"faces": {
				"north": {"uv": [2.75, 2.25, 2.875, 2.375], "texture": "#0"},
				"east": {"uv": [2.5, 2.75, 2.625, 2.875], "texture": "#0"},
				"south": {"uv": [2.75, 2.5, 2.875, 2.625], "texture": "#0"},
				"west": {"uv": [2.75, 2.75, 2.875, 2.875], "texture": "#0"},
				"up": {"uv": [3.125, 0.125, 3, 0], "texture": "#0"},
				"down": {"uv": [0.375, 3, 0.25, 3.125], "texture": "#0"}
			}
		},
		{
			"from": [8.625, 10.275, 8.5],
			"to": [8.675, 10.475, 8.525],
			"rotation": {"angle": -22.5, "axis": "z", "origin": [8.55, 10.3625, 8.5125]},
			"faces": {
				"north": {"uv": [3, 0.25, 3.125, 0.375], "texture": "#0"},
				"east": {"uv": [0.5, 3, 0.625, 3.125], "texture": "#0"},
				"south": {"uv": [3, 0.5, 3.125, 0.625], "texture": "#0"},
				"west": {"uv": [0.75, 3, 0.875, 3.125], "texture": "#0"},
				"up": {"uv": [3.125, 0.875, 3, 0.75], "texture": "#0"},
				"down": {"uv": [1.125, 3, 1, 3.125], "texture": "#0"}
			}
		},
		{
			"from": [8.45775, 10.363, 8.485],
			"to": [8.65175, 10.53275, 8.55775],
			"rotation": {"angle": -22.5, "axis": "z", "origin": [8.5335, 10.05163, 8.49712]},
			"faces": {
				"north": {"uv": [3.25, 0.25, 3.375, 0.375], "texture": "#0"},
				"east": {"uv": [0.5, 3.25, 0.625, 3.375], "texture": "#0"},
				"south": {"uv": [3.25, 0.5, 3.375, 0.625], "texture": "#0"},
				"west": {"uv": [0.75, 3.25, 0.875, 3.375], "texture": "#0"},
				"up": {"uv": [3.375, 0.875, 3.25, 0.75], "texture": "#0"},
				"down": {"uv": [1.125, 3.25, 1, 3.375], "texture": "#0"}
			}
		},
		{
			"from": [8.482, 10.363, 8.4365],
			"to": [8.55475, 10.53275, 8.60625],
			"rotation": {"angle": -22.5, "axis": "z", "origin": [8.5335, 10.05163, 8.49712]},
			"faces": {
				"north": {"uv": [3, 2.5, 3.125, 2.625], "texture": "#0"},
				"east": {"uv": [2.75, 3, 2.875, 3.125], "texture": "#0"},
				"south": {"uv": [3, 2.75, 3.125, 2.875], "texture": "#0"},
				"west": {"uv": [3, 3, 3.125, 3.125], "texture": "#0"},
				"up": {"uv": [3.375, 0.125, 3.25, 0], "texture": "#0"},
				"down": {"uv": [0.375, 3.25, 0.25, 3.375], "texture": "#0"}
			}
		},
		{
			"from": [8.5305, 10.363, 8.44135],
			"to": [8.6275, 10.557, 8.59655],
			"rotation": {"angle": -22.5, "axis": "z", "origin": [8.5335, 10.05163, 8.49712]},
			"faces": {
				"north": {"uv": [3, 1.75, 3.125, 1.875], "texture": "#0"},
				"east": {"uv": [2, 3, 2.125, 3.125], "texture": "#0"},
				"south": {"uv": [3, 2, 3.125, 2.125], "texture": "#0"},
				"west": {"uv": [2.25, 3, 2.375, 3.125], "texture": "#0"},
				"up": {"uv": [3.125, 2.375, 3, 2.25], "texture": "#0"},
				"down": {"uv": [2.625, 3, 2.5, 3.125], "texture": "#0"}
			}
		},
		{
			"from": [8.5305, 10.363, 8.485],
			"to": [8.579, 10.557, 8.50925],
			"rotation": {"angle": -22.5, "axis": "z", "origin": [8.5335, 10.05163, 8.49712]},
			"faces": {
				"north": {"uv": [3, 1, 3.125, 1.125], "texture": "#0"},
				"east": {"uv": [1.25, 3, 1.375, 3.125], "texture": "#0"},
				"south": {"uv": [3, 1.25, 3.125, 1.375], "texture": "#0"},
				"west": {"uv": [1.5, 3, 1.625, 3.125], "texture": "#0"},
				"up": {"uv": [3.125, 1.625, 3, 1.5], "texture": "#0"},
				"down": {"uv": [1.875, 3, 1.75, 3.125], "texture": "#0"}
			}
		},
		{
			"from": [8.57824, 10.35577, 8.4753],
			"to": [8.76836, 10.52213, 8.54659],
			"rotation": {"angle": -45, "axis": "z", "origin": [8.74371, 10.34402, 8.49906]},
			"faces": {
				"north": {"uv": [3.5, 0, 3.625, 0.125], "texture": "#0"},
				"east": {"uv": [0.25, 3.5, 0.375, 3.625], "texture": "#0"},
				"south": {"uv": [3.5, 0.25, 3.625, 0.375], "texture": "#0"},
				"west": {"uv": [0.5, 3.5, 0.625, 3.625], "texture": "#0"},
				"up": {"uv": [3.625, 0.625, 3.5, 0.5], "texture": "#0"},
				"down": {"uv": [0.875, 3.5, 0.75, 3.625], "texture": "#0"}
			}
		},
		{
			"from": [8.602, 10.35577, 8.42777],
			"to": [8.6733, 10.52213, 8.59412],
			"rotation": {"angle": -45, "axis": "z", "origin": [8.74371, 10.34402, 8.49906]},
			"faces": {
				"north": {"uv": [3.25, 2.5, 3.375, 2.625], "texture": "#0"},
				"east": {"uv": [2.75, 3.25, 2.875, 3.375], "texture": "#0"},
				"south": {"uv": [3.25, 2.75, 3.375, 2.875], "texture": "#0"},
				"west": {"uv": [3, 3.25, 3.125, 3.375], "texture": "#0"},
				"up": {"uv": [3.375, 3.125, 3.25, 3], "texture": "#0"},
				"down": {"uv": [3.375, 3.25, 3.25, 3.375], "texture": "#0"}
			}
		},
		{
			"from": [8.64953, 10.35577, 8.43252],
			"to": [8.74459, 10.54589, 8.58462],
			"rotation": {"angle": -45, "axis": "z", "origin": [8.74371, 10.34402, 8.49906]},
			"faces": {
				"north": {"uv": [3.25, 1.75, 3.375, 1.875], "texture": "#0"},
				"east": {"uv": [2, 3.25, 2.125, 3.375], "texture": "#0"},
				"south": {"uv": [3.25, 2, 3.375, 2.125], "texture": "#0"},
				"west": {"uv": [2.25, 3.25, 2.375, 3.375], "texture": "#0"},
				"up": {"uv": [3.375, 2.375, 3.25, 2.25], "texture": "#0"},
				"down": {"uv": [2.625, 3.25, 2.5, 3.375], "texture": "#0"}
			}
		},
		{
			"from": [8.64953, 10.35577, 8.4753],
			"to": [8.69706, 10.54589, 8.49906],
			"rotation": {"angle": -45, "axis": "z", "origin": [8.74371, 10.34402, 8.49906]},
			"faces": {
				"north": {"uv": [3.25, 1, 3.375, 1.125], "texture": "#0"},
				"east": {"uv": [1.25, 3.25, 1.375, 3.375], "texture": "#0"},
				"south": {"uv": [3.25, 1.25, 3.375, 1.375], "texture": "#0"},
				"west": {"uv": [1.5, 3.25, 1.625, 3.375], "texture": "#0"},
				"up": {"uv": [3.375, 1.625, 3.25, 1.5], "texture": "#0"},
				"down": {"uv": [1.875, 3.25, 1.75, 3.375], "texture": "#0"}
			}
		},
		{
			"from": [8.60324, 10.48077, 8.4753],
			"to": [8.79336, 10.64713, 8.54659],
			"rotation": {"angle": -45, "axis": "z", "origin": [8.74371, 10.34402, 8.49906]},
			"faces": {
				"north": {"uv": [3.5, 3, 3.625, 3.125], "texture": "#0"},
				"east": {"uv": [3.25, 3.5, 3.375, 3.625], "texture": "#0"},
				"south": {"uv": [3.5, 3.25, 3.625, 3.375], "texture": "#0"},
				"west": {"uv": [3.5, 3.5, 3.625, 3.625], "texture": "#0"},
				"up": {"uv": [3.875, 0.125, 3.75, 0], "texture": "#0"},
				"down": {"uv": [0.375, 3.75, 0.25, 3.875], "texture": "#0"}
			}
		},
		{
			"from": [8.627, 10.48077, 8.42777],
			"to": [8.6983, 10.64713, 8.59412],
			"rotation": {"angle": -45, "axis": "z", "origin": [8.74371, 10.34402, 8.49906]},
			"faces": {
				"north": {"uv": [3.5, 2.25, 3.625, 2.375], "texture": "#0"},
				"east": {"uv": [2.5, 3.5, 2.625, 3.625], "texture": "#0"},
				"south": {"uv": [3.5, 2.5, 3.625, 2.625], "texture": "#0"},
				"west": {"uv": [2.75, 3.5, 2.875, 3.625], "texture": "#0"},
				"up": {"uv": [3.625, 2.875, 3.5, 2.75], "texture": "#0"},
				"down": {"uv": [3.125, 3.5, 3, 3.625], "texture": "#0"}
			}
		},
		{
			"from": [8.67453, 10.48077, 8.43252],
			"to": [8.76959, 10.67089, 8.58462],
			"rotation": {"angle": -45, "axis": "z", "origin": [8.74371, 10.34402, 8.49906]},
			"faces": {
				"north": {"uv": [3.5, 1.5, 3.625, 1.625], "texture": "#0"},
				"east": {"uv": [1.75, 3.5, 1.875, 3.625], "texture": "#0"},
				"south": {"uv": [3.5, 1.75, 3.625, 1.875], "texture": "#0"},
				"west": {"uv": [2, 3.5, 2.125, 3.625], "texture": "#0"},
				"up": {"uv": [3.625, 2.125, 3.5, 2], "texture": "#0"},
				"down": {"uv": [2.375, 3.5, 2.25, 3.625], "texture": "#0"}
			}
		},
		{
			"from": [8.67453, 10.48077, 8.4753],
			"to": [8.72206, 10.67089, 8.49906],
			"rotation": {"angle": -45, "axis": "z", "origin": [8.74371, 10.34402, 8.49906]},
			"faces": {
				"north": {"uv": [3.5, 0.75, 3.625, 0.875], "texture": "#0"},
				"east": {"uv": [1, 3.5, 1.125, 3.625], "texture": "#0"},
				"south": {"uv": [3.5, 1, 3.625, 1.125], "texture": "#0"},
				"west": {"uv": [1.25, 3.5, 1.375, 3.625], "texture": "#0"},
				"up": {"uv": [3.625, 1.375, 3.5, 1.25], "texture": "#0"},
				"down": {"uv": [1.625, 3.5, 1.5, 3.625], "texture": "#0"}
			}
		},
		{
			"from": [8.86638, 10.50244, 8.4753],
			"to": [9.08274, 10.69256, 8.54659],
			"rotation": {"angle": 22.5, "axis": "z", "origin": [8.9555, 10.62844, 8.49906]},
			"faces": {
				"north": {"uv": [3.75, 2.5, 3.875, 2.625], "texture": "#0"},
				"east": {"uv": [2.75, 3.75, 2.875, 3.875], "texture": "#0"},
				"south": {"uv": [3.75, 2.75, 3.875, 2.875], "texture": "#0"},
				"west": {"uv": [3, 3.75, 3.125, 3.875], "texture": "#0"},
				"up": {"uv": [3.875, 3.125, 3.75, 3], "texture": "#0"},
				"down": {"uv": [3.375, 3.75, 3.25, 3.875], "texture": "#0"}
			}
		},
		{
			"from": [8.86638, 10.5975, 8.42777],
			"to": [9.08274, 10.66879, 8.59412],
			"rotation": {"angle": 22.5, "axis": "z", "origin": [8.9555, 10.62844, 8.49906]},
			"faces": {
				"north": {"uv": [3.75, 1.75, 3.875, 1.875], "texture": "#0"},
				"east": {"uv": [2, 3.75, 2.125, 3.875], "texture": "#0"},
				"south": {"uv": [3.75, 2, 3.875, 2.125], "texture": "#0"},
				"west": {"uv": [2.25, 3.75, 2.375, 3.875], "texture": "#0"},
				"up": {"uv": [3.875, 2.375, 3.75, 2.25], "texture": "#0"},
				"down": {"uv": [2.625, 3.75, 2.5, 3.875], "texture": "#0"}
			}
		},
		{
			"from": [8.86638, 10.5262, 8.43252],
			"to": [9.1065, 10.62126, 8.58462],
			"rotation": {"angle": 22.5, "axis": "z", "origin": [8.9555, 10.62844, 8.49906]},
			"faces": {
				"north": {"uv": [3.75, 1, 3.875, 1.125], "texture": "#0"},
				"east": {"uv": [1.25, 3.75, 1.375, 3.875], "texture": "#0"},
				"south": {"uv": [3.75, 1.25, 3.875, 1.375], "texture": "#0"},
				"west": {"uv": [1.5, 3.75, 1.625, 3.875], "texture": "#0"},
				"up": {"uv": [3.875, 1.625, 3.75, 1.5], "texture": "#0"},
				"down": {"uv": [1.875, 3.75, 1.75, 3.875], "texture": "#0"}
			}
		},
		{
			"from": [8.86638, 10.57373, 8.4753],
			"to": [9.1065, 10.62126, 8.49906],
			"rotation": {"angle": 22.5, "axis": "z", "origin": [8.9555, 10.62844, 8.49906]},
			"faces": {
				"north": {"uv": [3.75, 0.25, 3.875, 0.375], "texture": "#0"},
				"east": {"uv": [0.5, 3.75, 0.625, 3.875], "texture": "#0"},
				"south": {"uv": [3.75, 0.5, 3.875, 0.625], "texture": "#0"},
				"west": {"uv": [0.75, 3.75, 0.875, 3.875], "texture": "#0"},
				"up": {"uv": [3.875, 0.875, 3.75, 0.75], "texture": "#0"},
				"down": {"uv": [1.125, 3.75, 1, 3.875], "texture": "#0"}
			}
		},
		{
			"from": [8.94138, 10.47744, 8.4753],
			"to": [9.23274, 10.66756, 8.54659],
			"rotation": {"angle": 22.5, "axis": "z", "origin": [8.9555, 10.62844, 8.49906]},
			"faces": {
				"north": {"uv": [4, 1.75, 4.125, 1.875], "texture": "#0"},
				"east": {"uv": [2, 4, 2.125, 4.125], "texture": "#0"},
				"south": {"uv": [4, 2, 4.125, 2.125], "texture": "#0"},
				"west": {"uv": [2.25, 4, 2.375, 4.125], "texture": "#0"},
				"up": {"uv": [4.125, 2.375, 4, 2.25], "texture": "#0"},
				"down": {"uv": [2.625, 4, 2.5, 4.125], "texture": "#0"}
			}
		},
		{
			"from": [8.94138, 10.5725, 8.42777],
			"to": [9.23274, 10.64379, 8.59412],
			"rotation": {"angle": 22.5, "axis": "z", "origin": [8.9555, 10.62844, 8.49906]},
			"faces": {
				"north": {"uv": [4, 1, 4.125, 1.125], "texture": "#0"},
				"east": {"uv": [1.25, 4, 1.375, 4.125], "texture": "#0"},
				"south": {"uv": [4, 1.25, 4.125, 1.375], "texture": "#0"},
				"west": {"uv": [1.5, 4, 1.625, 4.125], "texture": "#0"},
				"up": {"uv": [4.125, 1.625, 4, 1.5], "texture": "#0"},
				"down": {"uv": [1.875, 4, 1.75, 4.125], "texture": "#0"}
			}
		},
		{
			"from": [8.94138, 10.5012, 8.43252],
			"to": [9.2565, 10.59626, 8.58462],
			"rotation": {"angle": 22.5, "axis": "z", "origin": [8.9555, 10.62844, 8.49906]},
			"faces": {
				"north": {"uv": [4, 0.25, 4.125, 0.375], "texture": "#0"},
				"east": {"uv": [0.5, 4, 0.625, 4.125], "texture": "#0"},
				"south": {"uv": [4, 0.5, 4.125, 0.625], "texture": "#0"},
				"west": {"uv": [0.75, 4, 0.875, 4.125], "texture": "#0"},
				"up": {"uv": [4.125, 0.875, 4, 0.75], "texture": "#0"},
				"down": {"uv": [1.125, 4, 1, 4.125], "texture": "#0"}
			}
		},
		{
			"from": [8.94138, 10.54873, 8.4753],
			"to": [9.2565, 10.59626, 8.49906],
			"rotation": {"angle": 22.5, "axis": "z", "origin": [8.9555, 10.62844, 8.49906]},
			"faces": {
				"north": {"uv": [3.75, 3.25, 3.875, 3.375], "texture": "#0"},
				"east": {"uv": [3.5, 3.75, 3.625, 3.875], "texture": "#0"},
				"south": {"uv": [3.75, 3.5, 3.875, 3.625], "texture": "#0"},
				"west": {"uv": [3.75, 3.75, 3.875, 3.875], "texture": "#0"},
				"up": {"uv": [4.125, 0.125, 4, 0], "texture": "#0"},
				"down": {"uv": [0.375, 4, 0.25, 4.125], "texture": "#0"}
			}
		},
		{
			"from": [9.0982, 10.56817, 8.4753],
			"to": [9.38955, 10.75829, 8.54659],
			"rotation": {"angle": 0, "axis": "z", "origin": [9.24982, 10.66917, 8.49906]},
			"faces": {
				"north": {"uv": [4.25, 0.75, 4.375, 0.875], "texture": "#0"},
				"east": {"uv": [1, 4.25, 1.125, 4.375], "texture": "#0"},
				"south": {"uv": [4.25, 1, 4.375, 1.125], "texture": "#0"},
				"west": {"uv": [1.25, 4.25, 1.375, 4.375], "texture": "#0"},
				"up": {"uv": [4.375, 1.375, 4.25, 1.25], "texture": "#0"},
				"down": {"uv": [1.625, 4.25, 1.5, 4.375], "texture": "#0"}
			}
		},
		{
			"from": [9.0982, 10.66323, 8.42777],
			"to": [9.38955, 10.73452, 8.59412],
			"rotation": {"angle": 0, "axis": "z", "origin": [9.24982, 10.66917, 8.49906]},
			"faces": {
				"north": {"uv": [4.25, 0, 4.375, 0.125], "texture": "#0"},
				"east": {"uv": [0.25, 4.25, 0.375, 4.375], "texture": "#0"},
				"south": {"uv": [4.25, 0.25, 4.375, 0.375], "texture": "#0"},
				"west": {"uv": [0.5, 4.25, 0.625, 4.375], "texture": "#0"},
				"up": {"uv": [4.375, 0.625, 4.25, 0.5], "texture": "#0"},
				"down": {"uv": [0.875, 4.25, 0.75, 4.375], "texture": "#0"}
			}
		},
		{
			"from": [9.0982, 10.59193, 8.43252],
			"to": [9.41332, 10.68699, 8.58462],
			"rotation": {"angle": 0, "axis": "z", "origin": [9.24982, 10.66917, 8.49906]},
			"faces": {
				"north": {"uv": [4, 3.25, 4.125, 3.375], "texture": "#0"},
				"east": {"uv": [3.5, 4, 3.625, 4.125], "texture": "#0"},
				"south": {"uv": [4, 3.5, 4.125, 3.625], "texture": "#0"},
				"west": {"uv": [3.75, 4, 3.875, 4.125], "texture": "#0"},
				"up": {"uv": [4.125, 3.875, 4, 3.75], "texture": "#0"},
				"down": {"uv": [4.125, 4, 4, 4.125], "texture": "#0"}
			}
		},
		{
			"from": [9.0982, 10.63946, 8.4753],
			"to": [9.41332, 10.68699, 8.49906],
			"rotation": {"angle": 0, "axis": "z", "origin": [9.24982, 10.66917, 8.49906]},
			"faces": {
				"north": {"uv": [4, 2.5, 4.125, 2.625], "texture": "#0"},
				"east": {"uv": [2.75, 4, 2.875, 4.125], "texture": "#0"},
				"south": {"uv": [4, 2.75, 4.125, 2.875], "texture": "#0"},
				"west": {"uv": [3, 4, 3.125, 4.125], "texture": "#0"},
				"up": {"uv": [4.125, 3.125, 4, 3], "texture": "#0"},
				"down": {"uv": [3.375, 4, 3.25, 4.125], "texture": "#0"}
			}
		},
		{
			"from": [9.1982, 10.54317, 8.4753],
			"to": [9.48955, 10.73329, 8.54659],
			"rotation": {"angle": 0, "axis": "z", "origin": [9.24982, 10.66917, 8.49906]},
			"faces": {
				"north": {"uv": [4.25, 3.75, 4.375, 3.875], "texture": "#0"},
				"east": {"uv": [4, 4.25, 4.125, 4.375], "texture": "#0"},
				"south": {"uv": [4.25, 4, 4.375, 4.125], "texture": "#0"},
				"west": {"uv": [4.25, 4.25, 4.375, 4.375], "texture": "#0"},
				"up": {"uv": [4.625, 0.125, 4.5, 0], "texture": "#0"},
				"down": {"uv": [0.375, 4.5, 0.25, 4.625], "texture": "#0"}
			}
		},
		{
			"from": [9.1982, 10.63823, 8.42777],
			"to": [9.48955, 10.70952, 8.59412],
			"rotation": {"angle": 0, "axis": "z", "origin": [9.24982, 10.66917, 8.49906]},
			"faces": {
				"north": {"uv": [4.25, 3, 4.375, 3.125], "texture": "#0"},
				"east": {"uv": [3.25, 4.25, 3.375, 4.375], "texture": "#0"},
				"south": {"uv": [4.25, 3.25, 4.375, 3.375], "texture": "#0"},
				"west": {"uv": [3.5, 4.25, 3.625, 4.375], "texture": "#0"},
				"up": {"uv": [4.375, 3.625, 4.25, 3.5], "texture": "#0"},
				"down": {"uv": [3.875, 4.25, 3.75, 4.375], "texture": "#0"}
			}
		},
		{
			"from": [9.1982, 10.56693, 8.43252],
			"to": [9.51332, 10.66199, 8.58462],
			"rotation": {"angle": 0, "axis": "z", "origin": [9.24982, 10.66917, 8.49906]},
			"faces": {
				"north": {"uv": [4.25, 2.25, 4.375, 2.375], "texture": "#0"},
				"east": {"uv": [2.5, 4.25, 2.625, 4.375], "texture": "#0"},
				"south": {"uv": [4.25, 2.5, 4.375, 2.625], "texture": "#0"},
				"west": {"uv": [2.75, 4.25, 2.875, 4.375], "texture": "#0"},
				"up": {"uv": [4.375, 2.875, 4.25, 2.75], "texture": "#0"},
				"down": {"uv": [3.125, 4.25, 3, 4.375], "texture": "#0"}
			}
		},
		{
			"from": [9.1982, 10.61446, 8.4753],
			"to": [9.51332, 10.66199, 8.49906],
			"rotation": {"angle": 0, "axis": "z", "origin": [9.24982, 10.66917, 8.49906]},
			"faces": {
				"north": {"uv": [4.25, 1.5, 4.375, 1.625], "texture": "#0"},
				"east": {"uv": [1.75, 4.25, 1.875, 4.375], "texture": "#0"},
				"south": {"uv": [4.25, 1.75, 4.375, 1.875], "texture": "#0"},
				"west": {"uv": [2, 4.25, 2.125, 4.375], "texture": "#0"},
				"up": {"uv": [4.375, 2.125, 4.25, 2], "texture": "#0"},
				"down": {"uv": [2.375, 4.25, 2.25, 4.375], "texture": "#0"}
			}
		},
		{
			"from": [9.2482, 10.49317, 8.4753],
			"to": [9.53955, 10.68329, 8.54659],
			"rotation": {"angle": 0, "axis": "z", "origin": [9.24982, 10.66917, 8.49906]},
			"faces": {
				"north": {"uv": [4.5, 2.5, 4.625, 2.625], "texture": "#0"},
				"east": {"uv": [2.75, 4.5, 2.875, 4.625], "texture": "#0"},
				"south": {"uv": [4.5, 2.75, 4.625, 2.875], "texture": "#0"},
				"west": {"uv": [3, 4.5, 3.125, 4.625], "texture": "#0"},
				"up": {"uv": [4.625, 3.125, 4.5, 3], "texture": "#0"},
				"down": {"uv": [3.375, 4.5, 3.25, 4.625], "texture": "#0"}
			}
		},
		{
			"from": [9.2482, 10.58823, 8.42777],
			"to": [9.53955, 10.65952, 8.59412],
			"rotation": {"angle": 0, "axis": "z", "origin": [9.24982, 10.66917, 8.49906]},
			"faces": {
				"north": {"uv": [4.5, 1.75, 4.625, 1.875], "texture": "#0"},
				"east": {"uv": [2, 4.5, 2.125, 4.625], "texture": "#0"},
				"south": {"uv": [4.5, 2, 4.625, 2.125], "texture": "#0"},
				"west": {"uv": [2.25, 4.5, 2.375, 4.625], "texture": "#0"},
				"up": {"uv": [4.625, 2.375, 4.5, 2.25], "texture": "#0"},
				"down": {"uv": [2.625, 4.5, 2.5, 4.625], "texture": "#0"}
			}
		},
		{
			"from": [9.2482, 10.51693, 8.43252],
			"to": [9.56332, 10.61199, 8.58462],
			"rotation": {"angle": 0, "axis": "z", "origin": [9.24982, 10.66917, 8.49906]},
			"faces": {
				"north": {"uv": [4.5, 1, 4.625, 1.125], "texture": "#0"},
				"east": {"uv": [1.25, 4.5, 1.375, 4.625], "texture": "#0"},
				"south": {"uv": [4.5, 1.25, 4.625, 1.375], "texture": "#0"},
				"west": {"uv": [1.5, 4.5, 1.625, 4.625], "texture": "#0"},
				"up": {"uv": [4.625, 1.625, 4.5, 1.5], "texture": "#0"},
				"down": {"uv": [1.875, 4.5, 1.75, 4.625], "texture": "#0"}
			}
		},
		{
			"from": [9.2482, 10.56446, 8.4753],
			"to": [9.56332, 10.61199, 8.49906],
			"rotation": {"angle": 0, "axis": "z", "origin": [9.24982, 10.66917, 8.49906]},
			"faces": {
				"north": {"uv": [4.5, 0.25, 4.625, 0.375], "texture": "#0"},
				"east": {"uv": [0.5, 4.5, 0.625, 4.625], "texture": "#0"},
				"south": {"uv": [4.5, 0.5, 4.625, 0.625], "texture": "#0"},
				"west": {"uv": [0.75, 4.5, 0.875, 4.625], "texture": "#0"},
				"up": {"uv": [4.625, 0.875, 4.5, 0.75], "texture": "#0"},
				"down": {"uv": [1.125, 4.5, 1, 4.625], "texture": "#0"}
			}
		},
		{
			"from": [9.3482, 10.46817, 8.4753],
			"to": [9.63955, 10.65829, 8.54659],
			"rotation": {"angle": -22.5, "axis": "z", "origin": [9.42482, 10.54417, 8.49906]},
			"faces": {
				"north": {"uv": [4.75, 1, 4.875, 1.125], "texture": "#0"},
				"east": {"uv": [1.25, 4.75, 1.375, 4.875], "texture": "#0"},
				"south": {"uv": [4.75, 1.25, 4.875, 1.375], "texture": "#0"},
				"west": {"uv": [1.5, 4.75, 1.625, 4.875], "texture": "#0"},
				"up": {"uv": [4.875, 1.625, 4.75, 1.5], "texture": "#0"},
				"down": {"uv": [1.875, 4.75, 1.75, 4.875], "texture": "#0"}
			}
		},
		{
			"from": [9.3482, 10.56323, 8.42777],
			"to": [9.63955, 10.63452, 8.59412],
			"rotation": {"angle": -22.5, "axis": "z", "origin": [9.42482, 10.54417, 8.49906]},
			"faces": {
				"north": {"uv": [4.75, 0.25, 4.875, 0.375], "texture": "#0"},
				"east": {"uv": [0.5, 4.75, 0.625, 4.875], "texture": "#0"},
				"south": {"uv": [4.75, 0.5, 4.875, 0.625], "texture": "#0"},
				"west": {"uv": [0.75, 4.75, 0.875, 4.875], "texture": "#0"},
				"up": {"uv": [4.875, 0.875, 4.75, 0.75], "texture": "#0"},
				"down": {"uv": [1.125, 4.75, 1, 4.875], "texture": "#0"}
			}
		},
		{
			"from": [9.3482, 10.49193, 8.43252],
			"to": [9.66332, 10.58699, 8.58462],
			"rotation": {"angle": -22.5, "axis": "z", "origin": [9.42482, 10.54417, 8.49906]},
			"faces": {
				"north": {"uv": [4.5, 4, 4.625, 4.125], "texture": "#0"},
				"east": {"uv": [4.25, 4.5, 4.375, 4.625], "texture": "#0"},
				"south": {"uv": [4.5, 4.25, 4.625, 4.375], "texture": "#0"},
				"west": {"uv": [4.5, 4.5, 4.625, 4.625], "texture": "#0"},
				"up": {"uv": [4.875, 0.125, 4.75, 0], "texture": "#0"},
				"down": {"uv": [0.375, 4.75, 0.25, 4.875], "texture": "#0"}
			}
		},
		{
			"from": [9.3482, 10.53946, 8.4753],
			"to": [9.66332, 10.58699, 8.49906],
			"rotation": {"angle": -22.5, "axis": "z", "origin": [9.42482, 10.54417, 8.49906]},
			"faces": {
				"north": {"uv": [4.5, 3.25, 4.625, 3.375], "texture": "#0"},
				"east": {"uv": [3.5, 4.5, 3.625, 4.625], "texture": "#0"},
				"south": {"uv": [4.5, 3.5, 4.625, 3.625], "texture": "#0"},
				"west": {"uv": [3.75, 4.5, 3.875, 4.625], "texture": "#0"},
				"up": {"uv": [4.625, 3.875, 4.5, 3.75], "texture": "#0"},
				"down": {"uv": [4.125, 4.5, 4, 4.625], "texture": "#0"}
			}
		},
		{
			"from": [9.04112, 10.31682, 8.47654],
			"to": [9.31791, 10.49743, 8.54427],
			"rotation": {"angle": -45, "axis": "z", "origin": [9.48433, 9.96243, 8.47411]},
			"faces": {
				"north": {"uv": [4.75, 4, 4.875, 4.125], "texture": "#0"},
				"east": {"uv": [4.25, 4.75, 4.375, 4.875], "texture": "#0"},
				"south": {"uv": [4.75, 4.25, 4.875, 4.375], "texture": "#0"},
				"west": {"uv": [4.5, 4.75, 4.625, 4.875], "texture": "#0"},
				"up": {"uv": [4.875, 4.625, 4.75, 4.5], "texture": "#0"},
				"down": {"uv": [4.875, 4.75, 4.75, 4.875], "texture": "#0"}
			}
		},
		{
			"from": [9.49349, 10.6245, 8.5479],
			"to": [9.54528, 10.69223, 8.5729],
			"rotation": {"angle": 0, "axis": "x", "origin": [9.51938, 10.65837, 8.5604]},
			"faces": {
				"north": {"uv": [4.875, 4.625, 4.75, 4.5], "rotation": 180, "texture": "#0"},
				"east": {"uv": [4.25, 4.75, 4.375, 4.875], "rotation": 90, "texture": "#0"},
				"south": {"uv": [4.875, 4.75, 4.75, 4.875], "texture": "#0"},
				"west": {"uv": [4.5, 4.75, 4.625, 4.875], "rotation": 270, "texture": "#0"},
				"up": {"uv": [4.75, 4.25, 4.875, 4.375], "texture": "#0"},
				"down": {"uv": [4.75, 4, 4.875, 4.125], "rotation": 180, "texture": "#0"}
			}
		},
		{
			"from": [9.46849, 10.6245, 8.5229],
			"to": [9.52028, 10.69223, 8.5479],
			"rotation": {"angle": 0, "axis": "x", "origin": [9.51938, 10.65837, 8.5604]},
			"faces": {
				"north": {"uv": [4.875, 4.625, 4.75, 4.5], "rotation": 180, "texture": "#0"},
				"east": {"uv": [4.25, 4.75, 4.375, 4.875], "rotation": 90, "texture": "#0"},
				"south": {"uv": [4.875, 4.75, 4.75, 4.875], "texture": "#0"},
				"west": {"uv": [4.5, 4.75, 4.625, 4.875], "rotation": 270, "texture": "#0"},
				"up": {"uv": [4.75, 4.25, 4.875, 4.375], "texture": "#0"},
				"down": {"uv": [4.75, 4, 4.875, 4.125], "rotation": 180, "texture": "#0"}
			}
		},
		{
			"from": [9.04112, 10.40713, 8.43138],
			"to": [9.31791, 10.47486, 8.58942],
			"rotation": {"angle": -45, "axis": "z", "origin": [9.48433, 9.96243, 8.47411]},
			"faces": {
				"north": {"uv": [4.75, 3.25, 4.875, 3.375], "texture": "#0"},
				"east": {"uv": [3.5, 4.75, 3.625, 4.875], "texture": "#0"},
				"south": {"uv": [4.75, 3.5, 4.875, 3.625], "texture": "#0"},
				"west": {"uv": [3.75, 4.75, 3.875, 4.875], "texture": "#0"},
				"up": {"uv": [4.875, 3.875, 4.75, 3.75], "texture": "#0"},
				"down": {"uv": [4.125, 4.75, 4, 4.875], "texture": "#0"}
			}
		},
		{
			"from": [9.04112, 10.3394, 8.4359],
			"to": [9.34049, 10.4297, 8.58039],
			"rotation": {"angle": -45, "axis": "z", "origin": [9.48433, 9.96243, 8.47411]},
			"faces": {
				"north": {"uv": [4.75, 2.5, 4.875, 2.625], "texture": "#0"},
				"east": {"uv": [2.75, 4.75, 2.875, 4.875], "texture": "#0"},
				"south": {"uv": [4.75, 2.75, 4.875, 2.875], "texture": "#0"},
				"west": {"uv": [3, 4.75, 3.125, 4.875], "texture": "#0"},
				"up": {"uv": [4.875, 3.125, 4.75, 3], "texture": "#0"},
				"down": {"uv": [3.375, 4.75, 3.25, 4.875], "texture": "#0"}
			}
		},
		{
			"from": [9.04112, 10.38455, 8.47654],
			"to": [9.34049, 10.4297, 8.49911],
			"rotation": {"angle": -45, "axis": "z", "origin": [9.48433, 9.96243, 8.47411]},
			"faces": {
				"north": {"uv": [4.75, 1.75, 4.875, 1.875], "texture": "#0"},
				"east": {"uv": [2, 4.75, 2.125, 4.875], "texture": "#0"},
				"south": {"uv": [4.75, 2, 4.875, 2.125], "texture": "#0"},
				"west": {"uv": [2.25, 4.75, 2.375, 4.875], "texture": "#0"},
				"up": {"uv": [4.875, 2.375, 4.75, 2.25], "texture": "#0"},
				"down": {"uv": [2.625, 4.75, 2.5, 4.875], "texture": "#0"}
			}
		},
		{
			"from": [9.52331, 10.25663, 8.47654],
			"to": [9.70392, 10.53342, 8.54427],
			"rotation": {"angle": 22.5, "axis": "z", "origin": [9.64426, 10.43938, 8.49911]},
			"faces": {
				"north": {"uv": [5, 2.25, 5.125, 2.375], "texture": "#0"},
				"east": {"uv": [2.5, 5, 2.625, 5.125], "texture": "#0"},
				"south": {"uv": [5, 2.5, 5.125, 2.625], "texture": "#0"},
				"west": {"uv": [2.75, 5, 2.875, 5.125], "texture": "#0"},
				"up": {"uv": [5.125, 2.875, 5, 2.75], "texture": "#0"},
				"down": {"uv": [3.125, 5, 3, 5.125], "texture": "#0"}
			}
		},
		{
			"from": [9.61362, 10.25663, 8.43138],
			"to": [9.68135, 10.53342, 8.58942],
			"rotation": {"angle": 22.5, "axis": "z", "origin": [9.64426, 10.43938, 8.49911]},
			"faces": {
				"north": {"uv": [5, 1.5, 5.125, 1.625], "texture": "#0"},
				"east": {"uv": [1.75, 5, 1.875, 5.125], "texture": "#0"},
				"south": {"uv": [5, 1.75, 5.125, 1.875], "texture": "#0"},
				"west": {"uv": [2, 5, 2.125, 5.125], "texture": "#0"},
				"up": {"uv": [5.125, 2.125, 5, 2], "texture": "#0"},
				"down": {"uv": [2.375, 5, 2.25, 5.125], "texture": "#0"}
			}
		},
		{
			"from": [9.54588, 10.23406, 8.4359],
			"to": [9.63619, 10.53342, 8.58039],
			"rotation": {"angle": 22.5, "axis": "z", "origin": [9.64426, 10.43938, 8.49911]},
			"faces": {
				"north": {"uv": [5, 0.75, 5.125, 0.875], "texture": "#0"},
				"east": {"uv": [1, 5, 1.125, 5.125], "texture": "#0"},
				"south": {"uv": [5, 1, 5.125, 1.125], "texture": "#0"},
				"west": {"uv": [1.25, 5, 1.375, 5.125], "texture": "#0"},
				"up": {"uv": [5.125, 1.375, 5, 1.25], "texture": "#0"},
				"down": {"uv": [1.625, 5, 1.5, 5.125], "texture": "#0"}
			}
		},
		{
			"from": [9.59104, 10.23406, 8.47654],
			"to": [9.63619, 10.53342, 8.49911],
			"rotation": {"angle": 22.5, "axis": "z", "origin": [9.64426, 10.43938, 8.49911]},
			"faces": {
				"north": {"uv": [5, 0, 5.125, 0.125], "texture": "#0"},
				"east": {"uv": [0.25, 5, 0.375, 5.125], "texture": "#0"},
				"south": {"uv": [5, 0.25, 5.125, 0.375], "texture": "#0"},
				"west": {"uv": [0.5, 5, 0.625, 5.125], "texture": "#0"},
				"up": {"uv": [5.125, 0.625, 5, 0.5], "texture": "#0"},
				"down": {"uv": [0.875, 5, 0.75, 5.125], "texture": "#0"}
			}
		},
		{
			"from": [9.58631, 10.08919, 8.47654],
			"to": [9.76693, 10.36598, 8.54427],
			"rotation": {"angle": 0, "axis": "y", "origin": [9.70727, 10.22194, 8.49911]},
			"faces": {
				"north": {"uv": [5.25, 0.25, 5.375, 0.375], "texture": "#0"},
				"east": {"uv": [0.5, 5.25, 0.625, 5.375], "texture": "#0"},
				"south": {"uv": [5.25, 0.5, 5.375, 0.625], "texture": "#0"},
				"west": {"uv": [0.75, 5.25, 0.875, 5.375], "texture": "#0"},
				"up": {"uv": [5.375, 0.875, 5.25, 0.75], "texture": "#0"},
				"down": {"uv": [1.125, 5.25, 1, 5.375], "texture": "#0"}
			}
		},
		{
			"from": [9.67662, 10.08919, 8.43138],
			"to": [9.74435, 10.36598, 8.58942],
			"rotation": {"angle": 0, "axis": "y", "origin": [9.70727, 10.22194, 8.49911]},
			"faces": {
				"north": {"uv": [5, 4.5, 5.125, 4.625], "texture": "#0"},
				"east": {"uv": [4.75, 5, 4.875, 5.125], "texture": "#0"},
				"south": {"uv": [5, 4.75, 5.125, 4.875], "texture": "#0"},
				"west": {"uv": [5, 5, 5.125, 5.125], "texture": "#0"},
				"up": {"uv": [5.375, 0.125, 5.25, 0], "texture": "#0"},
				"down": {"uv": [0.375, 5.25, 0.25, 5.375], "texture": "#0"}
			}
		},
		{
			"from": [9.42662, 10.78919, 8.60638],
			"to": [9.46935, 10.86598, 8.63942],
			"rotation": {"angle": 0, "axis": "y", "origin": [9.70727, 10.22194, 8.49911]},
			"faces": {
				"north": {"uv": [8.25, 3.25, 8.375, 3.375], "texture": "#0"},
				"east": {"uv": [3.5, 8.25, 3.625, 8.375], "texture": "#0"},
				"south": {"uv": [8.25, 3.5, 8.375, 3.625], "texture": "#0"},
				"west": {"uv": [3.75, 8.25, 3.875, 8.375], "texture": "#0"},
				"up": {"uv": [8.375, 3.875, 8.25, 3.75], "texture": "#0"},
				"down": {"uv": [4.125, 8.25, 4, 8.375], "texture": "#0"}
			}
		},
		{
			"from": [9.45162, 10.81419, 8.60638],
			"to": [9.49435, 10.89098, 8.63942],
			"rotation": {"angle": 22.5, "axis": "y", "origin": [9.47299, 10.82759, 8.6229]},
			"faces": {
				"north": {"uv": [8.25, 4.75, 8.375, 4.875], "texture": "#0"},
				"east": {"uv": [5, 8.25, 5.125, 8.375], "texture": "#0"},
				"south": {"uv": [8.25, 5, 8.375, 5.125], "texture": "#0"},
				"west": {"uv": [5.25, 8.25, 5.375, 8.375], "texture": "#0"},
				"up": {"uv": [8.375, 5.375, 8.25, 5.25], "texture": "#0"},
				"down": {"uv": [5.625, 8.25, 5.5, 8.375], "texture": "#0"}
			}
		},
		{
			"from": [9.47662, 10.83919, 8.60638],
			"to": [9.51935, 10.91598, 8.63942],
			"rotation": {"angle": 22.5, "axis": "y", "origin": [9.47299, 10.82759, 8.6229]},
			"faces": {
				"north": {"uv": [8.25, 5.5, 8.375, 5.625], "texture": "#0"},
				"east": {"uv": [5.75, 8.25, 5.875, 8.375], "texture": "#0"},
				"south": {"uv": [8.25, 5.75, 8.375, 5.875], "texture": "#0"},
				"west": {"uv": [6, 8.25, 6.125, 8.375], "texture": "#0"},
				"up": {"uv": [8.375, 6.125, 8.25, 6], "texture": "#0"},
				"down": {"uv": [6.375, 8.25, 6.25, 8.375], "texture": "#0"}
			}
		},
		{
			"from": [9.47662, 10.88919, 8.58138],
			"to": [9.51935, 10.96598, 8.61442],
			"rotation": {"angle": 22.5, "axis": "y", "origin": [9.47299, 10.82759, 8.6229]},
			"faces": {
				"north": {"uv": [8.25, 6.25, 8.375, 6.375], "texture": "#0"},
				"east": {"uv": [6.5, 8.25, 6.625, 8.375], "texture": "#0"},
				"south": {"uv": [8.25, 6.5, 8.375, 6.625], "texture": "#0"},
				"west": {"uv": [6.75, 8.25, 6.875, 8.375], "texture": "#0"},
				"up": {"uv": [8.375, 6.875, 8.25, 6.75], "texture": "#0"},
				"down": {"uv": [7.125, 8.25, 7, 8.375], "texture": "#0"}
			}
		},
		{
			"from": [9.40162, 10.53919, 8.55638],
			"to": [9.44435, 10.81598, 8.58942],
			"rotation": {"angle": 22.5, "axis": "x", "origin": [9.42299, 10.72759, 8.5729]},
			"faces": {
				"north": {"uv": [8.25, 4, 8.375, 4.125], "texture": "#0"},
				"east": {"uv": [4.25, 8.25, 4.375, 8.375], "texture": "#0"},
				"south": {"uv": [8.25, 4.25, 8.375, 4.375], "texture": "#0"},
				"west": {"uv": [4.5, 8.25, 4.625, 8.375], "texture": "#0"},
				"up": {"uv": [8.375, 4.625, 8.25, 4.5], "texture": "#0"},
				"down": {"uv": [4.875, 8.25, 4.75, 8.375], "texture": "#0"}
			}
		},
		{
			"from": [9.42662, 10.78919, 8.38558],
			"to": [9.46935, 10.86598, 8.41862],
			"rotation": {"angle": 0, "axis": "y", "origin": [9.70727, 10.22194, 8.52589]},
			"faces": {
				"north": {"uv": [1.75, 8.5, 1.875, 8.625], "texture": "#0"},
				"east": {"uv": [8.5, 1.75, 8.625, 1.875], "texture": "#0"},
				"south": {"uv": [2, 8.5, 2.125, 8.625], "texture": "#0"},
				"west": {"uv": [8.5, 2, 8.625, 2.125], "texture": "#0"},
				"up": {"uv": [2.375, 8.625, 2.25, 8.5], "texture": "#0"},
				"down": {"uv": [8.625, 2.25, 8.5, 2.375], "texture": "#0"}
			}
		},
		{
			"from": [9.40162, 10.53919, 8.43558],
			"to": [9.44435, 10.81598, 8.46862],
			"rotation": {"angle": -22.5, "axis": "x", "origin": [9.42299, 10.72759, 8.4521]},
			"faces": {
				"north": {"uv": [1, 8.5, 1.125, 8.625], "texture": "#0"},
				"east": {"uv": [8.5, 1, 8.625, 1.125], "texture": "#0"},
				"south": {"uv": [1.25, 8.5, 1.375, 8.625], "texture": "#0"},
				"west": {"uv": [8.5, 1.25, 8.625, 1.375], "texture": "#0"},
				"up": {"uv": [1.625, 8.625, 1.5, 8.5], "texture": "#0"},
				"down": {"uv": [8.625, 1.5, 8.5, 1.625], "texture": "#0"}
			}
		},
		{
			"from": [9.45162, 10.81419, 8.38558],
			"to": [9.49435, 10.89098, 8.41862],
			"rotation": {"angle": -22.5, "axis": "y", "origin": [9.47299, 10.82759, 8.4021]},
			"faces": {
				"north": {"uv": [0.25, 8.5, 0.375, 8.625], "texture": "#0"},
				"east": {"uv": [8.5, 0.25, 8.625, 0.375], "texture": "#0"},
				"south": {"uv": [0.5, 8.5, 0.625, 8.625], "texture": "#0"},
				"west": {"uv": [8.5, 0.5, 8.625, 0.625], "texture": "#0"},
				"up": {"uv": [0.875, 8.625, 0.75, 8.5], "texture": "#0"},
				"down": {"uv": [8.625, 0.75, 8.5, 0.875], "texture": "#0"}
			}
		},
		{
			"from": [9.47662, 10.83919, 8.38558],
			"to": [9.51935, 10.91598, 8.41862],
			"rotation": {"angle": -22.5, "axis": "y", "origin": [9.47299, 10.82759, 8.4021]},
			"faces": {
				"north": {"uv": [8.25, 7.75, 8.375, 7.875], "texture": "#0"},
				"east": {"uv": [8, 8.25, 8.125, 8.375], "texture": "#0"},
				"south": {"uv": [8.25, 8, 8.375, 8.125], "texture": "#0"},
				"west": {"uv": [8.25, 8.25, 8.375, 8.375], "texture": "#0"},
				"up": {"uv": [0.125, 8.625, 0, 8.5], "texture": "#0"},
				"down": {"uv": [8.625, 0, 8.5, 0.125], "texture": "#0"}
			}
		},
		{
			"from": [9.47662, 10.88919, 8.41058],
			"to": [9.51935, 10.96598, 8.44362],
			"rotation": {"angle": -22.5, "axis": "y", "origin": [9.47299, 10.82759, 8.4021]},
			"faces": {
				"north": {"uv": [8.25, 7, 8.375, 7.125], "texture": "#0"},
				"east": {"uv": [7.25, 8.25, 7.375, 8.375], "texture": "#0"},
				"south": {"uv": [8.25, 7.25, 8.375, 7.375], "texture": "#0"},
				"west": {"uv": [7.5, 8.25, 7.625, 8.375], "texture": "#0"},
				"up": {"uv": [8.375, 7.625, 8.25, 7.5], "texture": "#0"},
				"down": {"uv": [7.875, 8.25, 7.75, 8.375], "texture": "#0"}
			}
		},
		{
			"from": [9.60889, 10.06662, 8.4359],
			"to": [9.6992, 10.36598, 8.58039],
			"rotation": {"angle": 0, "axis": "y", "origin": [9.70727, 10.22194, 8.49911]},
			"faces": {
				"north": {"uv": [5, 3.75, 5.125, 3.875], "texture": "#0"},
				"east": {"uv": [4, 5, 4.125, 5.125], "texture": "#0"},
				"south": {"uv": [5, 4, 5.125, 4.125], "texture": "#0"},
				"west": {"uv": [4.25, 5, 4.375, 5.125], "texture": "#0"},
				"up": {"uv": [5.125, 4.375, 5, 4.25], "texture": "#0"},
				"down": {"uv": [4.625, 5, 4.5, 5.125], "texture": "#0"}
			}
		},
		{
			"from": [9.65405, 10.06662, 8.47654],
			"to": [9.6992, 10.36598, 8.49911],
			"rotation": {"angle": 0, "axis": "y", "origin": [9.70727, 10.22194, 8.49911]},
			"faces": {
				"north": {"uv": [5, 3, 5.125, 3.125], "texture": "#0"},
				"east": {"uv": [3.25, 5, 3.375, 5.125], "texture": "#0"},
				"south": {"uv": [5, 3.25, 5.125, 3.375], "texture": "#0"},
				"west": {"uv": [3.5, 5, 3.625, 5.125], "texture": "#0"},
				"up": {"uv": [5.125, 3.625, 5, 3.5], "texture": "#0"},
				"down": {"uv": [3.875, 5, 3.75, 5.125], "texture": "#0"}
			}
		},
		{
			"from": [9.58631, 9.93919, 8.47654],
			"to": [9.76693, 10.21598, 8.54427],
			"rotation": {"angle": -22.5, "axis": "z", "origin": [9.70727, 10.22194, 8.49911]},
			"faces": {
				"north": {"uv": [5.25, 3.25, 5.375, 3.375], "texture": "#0"},
				"east": {"uv": [3.5, 5.25, 3.625, 5.375], "texture": "#0"},
				"south": {"uv": [5.25, 3.5, 5.375, 3.625], "texture": "#0"},
				"west": {"uv": [3.75, 5.25, 3.875, 5.375], "texture": "#0"},
				"up": {"uv": [5.375, 3.875, 5.25, 3.75], "texture": "#0"},
				"down": {"uv": [4.125, 5.25, 4, 5.375], "texture": "#0"}
			}
		},
		{
			"from": [9.67662, 9.93919, 8.43138],
			"to": [9.74435, 10.21598, 8.58942],
			"rotation": {"angle": -22.5, "axis": "z", "origin": [9.70727, 10.22194, 8.49911]},
			"faces": {
				"north": {"uv": [5.25, 2.5, 5.375, 2.625], "texture": "#0"},
				"east": {"uv": [2.75, 5.25, 2.875, 5.375], "texture": "#0"},
				"south": {"uv": [5.25, 2.75, 5.375, 2.875], "texture": "#0"},
				"west": {"uv": [3, 5.25, 3.125, 5.375], "texture": "#0"},
				"up": {"uv": [5.375, 3.125, 5.25, 3], "texture": "#0"},
				"down": {"uv": [3.375, 5.25, 3.25, 5.375], "texture": "#0"}
			}
		},
		{
			"from": [9.60889, 9.91662, 8.4359],
			"to": [9.6992, 10.21598, 8.58039],
			"rotation": {"angle": -22.5, "axis": "z", "origin": [9.70727, 10.22194, 8.49911]},
			"faces": {
				"north": {"uv": [5.25, 1.75, 5.375, 1.875], "texture": "#0"},
				"east": {"uv": [2, 5.25, 2.125, 5.375], "texture": "#0"},
				"south": {"uv": [5.25, 2, 5.375, 2.125], "texture": "#0"},
				"west": {"uv": [2.25, 5.25, 2.375, 5.375], "texture": "#0"},
				"up": {"uv": [5.375, 2.375, 5.25, 2.25], "texture": "#0"},
				"down": {"uv": [2.625, 5.25, 2.5, 5.375], "texture": "#0"}
			}
		},
		{
			"from": [9.65405, 9.91662, 8.47654],
			"to": [9.6992, 10.21598, 8.49911],
			"rotation": {"angle": -22.5, "axis": "z", "origin": [9.70727, 10.22194, 8.49911]},
			"faces": {
				"north": {"uv": [5.25, 1, 5.375, 1.125], "texture": "#0"},
				"east": {"uv": [1.25, 5.25, 1.375, 5.375], "texture": "#0"},
				"south": {"uv": [5.25, 1.25, 5.375, 1.375], "texture": "#0"},
				"west": {"uv": [1.5, 5.25, 1.625, 5.375], "texture": "#0"},
				"up": {"uv": [5.375, 1.625, 5.25, 1.5], "texture": "#0"},
				"down": {"uv": [1.875, 5.25, 1.75, 5.375], "texture": "#0"}
			}
		},
		{
			"from": [8.85078, 9.79764, 8.49076],
			"to": [8.99888, 10.02461, 8.5463],
			"rotation": {"angle": -22.5, "axis": "z", "origin": [9.39996, 8.38199, 8.40927]},
			"faces": {
				"north": {"uv": [1, 5.5, 1.125, 5.625], "texture": "#0"},
				"east": {"uv": [5.5, 1, 5.625, 1.125], "texture": "#0"},
				"south": {"uv": [1.25, 5.5, 1.375, 5.625], "texture": "#0"},
				"west": {"uv": [5.5, 1.25, 5.625, 1.375], "texture": "#0"},
				"up": {"uv": [1.625, 5.625, 1.5, 5.5], "texture": "#0"},
				"down": {"uv": [5.625, 1.5, 5.5, 1.625], "texture": "#0"}
			}
		},
		{
			"from": [8.87578, 9.74764, 8.49076],
			"to": [8.94888, 9.97461, 8.5463],
			"rotation": {"angle": -22.5, "axis": "z", "origin": [9.39996, 8.38199, 8.40927]},
			"faces": {
				"north": {"uv": [1.75, 5.5, 1.875, 5.625], "texture": "#0"},
				"east": {"uv": [5.5, 1.75, 5.625, 1.875], "texture": "#0"},
				"south": {"uv": [2, 5.5, 2.125, 5.625], "texture": "#0"},
				"west": {"uv": [5.5, 2, 5.625, 2.125], "texture": "#0"},
				"up": {"uv": [2.375, 5.625, 2.25, 5.5], "texture": "#0"},
				"down": {"uv": [5.625, 2.25, 5.5, 2.375], "texture": "#0"}
			}
		},
		{
			"from": [8.92483, 9.79764, 8.45373],
			"to": [8.98037, 10.02461, 8.58332],
			"rotation": {"angle": -22.5, "axis": "z", "origin": [9.39996, 8.38199, 8.40927]},
			"faces": {
				"north": {"uv": [0.25, 5.5, 0.375, 5.625], "texture": "#0"},
				"east": {"uv": [5.5, 0.25, 5.625, 0.375], "texture": "#0"},
				"south": {"uv": [0.5, 5.5, 0.625, 5.625], "texture": "#0"},
				"west": {"uv": [5.5, 0.5, 5.625, 0.625], "texture": "#0"},
				"up": {"uv": [0.875, 5.625, 0.75, 5.5], "texture": "#0"},
				"down": {"uv": [5.625, 0.75, 5.5, 0.875], "texture": "#0"}
			}
		},
		{
			"from": [8.9598, 9.79764, 8.45373],
			"to": [9.0053, 10.02461, 8.58332],
			"rotation": {"angle": -22.5, "axis": "z", "origin": [9.39996, 8.38199, 8.40927]},
			"faces": {
				"north": {"uv": [0.25, 5.5, 0.375, 5.625], "texture": "#0"},
				"east": {"uv": [5.5, 0.25, 5.625, 0.375], "texture": "#0"},
				"south": {"uv": [0.5, 5.5, 0.625, 5.625], "texture": "#0"},
				"west": {"uv": [5.5, 0.5, 5.625, 0.625], "texture": "#0"},
				"up": {"uv": [0.875, 5.625, 0.75, 5.5], "texture": "#0"},
				"down": {"uv": [5.625, 0.75, 5.5, 0.875], "texture": "#0"}
			}
		},
		{
			"from": [8.86929, 9.77913, 8.45744],
			"to": [8.94334, 10.02461, 8.57592],
			"rotation": {"angle": -22.5, "axis": "z", "origin": [9.39996, 8.38199, 8.40927]},
			"faces": {
				"north": {"uv": [5.25, 4.75, 5.375, 4.875], "texture": "#0"},
				"east": {"uv": [5, 5.25, 5.125, 5.375], "texture": "#0"},
				"south": {"uv": [5.25, 5, 5.375, 5.125], "texture": "#0"},
				"west": {"uv": [5.25, 5.25, 5.375, 5.375], "texture": "#0"},
				"up": {"uv": [0.125, 5.625, 0, 5.5], "texture": "#0"},
				"down": {"uv": [5.625, 0, 5.5, 0.125], "texture": "#0"}
			}
		},
		{
			"from": [8.90632, 9.77913, 8.49076],
			"to": [8.94334, 10.02461, 8.50927],
			"rotation": {"angle": -22.5, "axis": "z", "origin": [9.39996, 8.38199, 8.40927]},
			"faces": {
				"north": {"uv": [5.25, 4, 5.375, 4.125], "texture": "#0"},
				"east": {"uv": [4.25, 5.25, 4.375, 5.375], "texture": "#0"},
				"south": {"uv": [5.25, 4.25, 5.375, 4.375], "texture": "#0"},
				"west": {"uv": [4.5, 5.25, 4.625, 5.375], "texture": "#0"},
				"up": {"uv": [5.375, 4.625, 5.25, 4.5], "texture": "#0"},
				"down": {"uv": [4.875, 5.25, 4.75, 5.375], "texture": "#0"}
			}
		},
		{
			"from": [8.7, 0, 8.525],
			"to": [8.775, 0.25, 8.6],
			"faces": {
				"north": {"uv": [2.5, 5.5, 2.625, 5.625], "texture": "#0"},
				"east": {"uv": [5.5, 2.5, 5.625, 2.625], "texture": "#0"},
				"south": {"uv": [2.75, 5.5, 2.875, 5.625], "texture": "#0"},
				"west": {"uv": [5.5, 2.75, 5.625, 2.875], "texture": "#0"},
				"up": {"uv": [3.125, 5.625, 3, 5.5], "texture": "#0"},
				"down": {"uv": [5.625, 3, 5.5, 3.125], "texture": "#0"}
			}
		},
		{
			"from": [8.7, 0.2, 8.475],
			"to": [8.775, 0.45, 8.55],
			"faces": {
				"north": {"uv": [3.25, 5.5, 3.375, 5.625], "texture": "#0"},
				"east": {"uv": [5.5, 3.25, 5.625, 3.375], "texture": "#0"},
				"south": {"uv": [3.5, 5.5, 3.625, 5.625], "texture": "#0"},
				"west": {"uv": [5.5, 3.5, 5.625, 3.625], "texture": "#0"},
				"up": {"uv": [3.875, 5.625, 3.75, 5.5], "texture": "#0"},
				"down": {"uv": [5.625, 3.75, 5.5, 3.875], "texture": "#0"}
			}
		},
		{
			"from": [8.7, 0.35, 8.425],
			"to": [8.775, 0.6, 8.5],
			"faces": {
				"north": {"uv": [4, 5.5, 4.125, 5.625], "texture": "#0"},
				"east": {"uv": [5.5, 4, 5.625, 4.125], "texture": "#0"},
				"south": {"uv": [4.25, 5.5, 4.375, 5.625], "texture": "#0"},
				"west": {"uv": [5.5, 4.25, 5.625, 4.375], "texture": "#0"},
				"up": {"uv": [4.625, 5.625, 4.5, 5.5], "texture": "#0"},
				"down": {"uv": [5.625, 4.5, 5.5, 4.625], "texture": "#0"}
			}
		},
		{
			"from": [8.625, 0.5, 8.4],
			"to": [8.7, 0.75, 8.475],
			"faces": {
				"north": {"uv": [4.75, 5.5, 4.875, 5.625], "texture": "#0"},
				"east": {"uv": [5.5, 4.75, 5.625, 4.875], "texture": "#0"},
				"south": {"uv": [5, 5.5, 5.125, 5.625], "texture": "#0"},
				"west": {"uv": [5.5, 5, 5.625, 5.125], "texture": "#0"},
				"up": {"uv": [5.375, 5.625, 5.25, 5.5], "texture": "#0"},
				"down": {"uv": [5.625, 5.25, 5.5, 5.375], "texture": "#0"}
			}
		},
		{
			"from": [8.575, 0.65, 8.425],
			"to": [8.65, 0.9, 8.5],
			"faces": {
				"north": {"uv": [5.5, 5.5, 5.625, 5.625], "texture": "#0"},
				"east": {"uv": [0, 5.75, 0.125, 5.875], "texture": "#0"},
				"south": {"uv": [5.75, 0, 5.875, 0.125], "texture": "#0"},
				"west": {"uv": [0.25, 5.75, 0.375, 5.875], "texture": "#0"},
				"up": {"uv": [5.875, 0.375, 5.75, 0.25], "texture": "#0"},
				"down": {"uv": [0.625, 5.75, 0.5, 5.875], "texture": "#0"}
			}
		},
		{
			"from": [8.5, 0.8, 8.44],
			"to": [8.575, 1.05, 8.515],
			"faces": {
				"north": {"uv": [5.75, 0.5, 5.875, 0.625], "texture": "#0"},
				"east": {"uv": [0.75, 5.75, 0.875, 5.875], "texture": "#0"},
				"south": {"uv": [5.75, 0.75, 5.875, 0.875], "texture": "#0"},
				"west": {"uv": [1, 5.75, 1.125, 5.875], "texture": "#0"},
				"up": {"uv": [5.875, 1.125, 5.75, 1], "texture": "#0"},
				"down": {"uv": [1.375, 5.75, 1.25, 5.875], "texture": "#0"}
			}
		},
		{
			"from": [8.5, 0.925, 8.49],
			"to": [8.575, 1.175, 8.565],
			"faces": {
				"north": {"uv": [5.75, 1.25, 5.875, 1.375], "texture": "#0"},
				"east": {"uv": [1.5, 5.75, 1.625, 5.875], "texture": "#0"},
				"south": {"uv": [5.75, 1.5, 5.875, 1.625], "texture": "#0"},
				"west": {"uv": [1.75, 5.75, 1.875, 5.875], "texture": "#0"},
				"up": {"uv": [5.875, 1.875, 5.75, 1.75], "texture": "#0"},
				"down": {"uv": [2.125, 5.75, 2, 5.875], "texture": "#0"}
			}
		},
		{
			"from": [8.5, 1.025, 8.54],
			"to": [8.575, 1.225, 8.615],
			"faces": {
				"north": {"uv": [5.75, 2, 5.875, 2.125], "texture": "#0"},
				"east": {"uv": [2.25, 5.75, 2.375, 5.875], "texture": "#0"},
				"south": {"uv": [5.75, 2.25, 5.875, 2.375], "texture": "#0"},
				"west": {"uv": [2.5, 5.75, 2.625, 5.875], "texture": "#0"},
				"up": {"uv": [5.875, 2.625, 5.75, 2.5], "texture": "#0"},
				"down": {"uv": [2.875, 5.75, 2.75, 5.875], "texture": "#0"}
			}
		},
		{
			"from": [8.525, 1.15, 8.565],
			"to": [8.6, 1.35, 8.64],
			"faces": {
				"north": {"uv": [5.75, 2.75, 5.875, 2.875], "texture": "#0"},
				"east": {"uv": [3, 5.75, 3.125, 5.875], "texture": "#0"},
				"south": {"uv": [5.75, 3, 5.875, 3.125], "texture": "#0"},
				"west": {"uv": [3.25, 5.75, 3.375, 5.875], "texture": "#0"},
				"up": {"uv": [5.875, 3.375, 5.75, 3.25], "texture": "#0"},
				"down": {"uv": [3.625, 5.75, 3.5, 5.875], "texture": "#0"}
			}
		},
		{
			"from": [8.575, 1.2, 8.59],
			"to": [8.65, 1.4, 8.665],
			"faces": {
				"north": {"uv": [5.75, 3.5, 5.875, 3.625], "texture": "#0"},
				"east": {"uv": [3.75, 5.75, 3.875, 5.875], "texture": "#0"},
				"south": {"uv": [5.75, 3.75, 5.875, 3.875], "texture": "#0"},
				"west": {"uv": [4, 5.75, 4.125, 5.875], "texture": "#0"},
				"up": {"uv": [5.875, 4.125, 5.75, 4], "texture": "#0"},
				"down": {"uv": [4.375, 5.75, 4.25, 5.875], "texture": "#0"}
			}
		},
		{
			"from": [8.625, 1.325, 8.59],
			"to": [8.7, 1.5, 8.665],
			"faces": {
				"north": {"uv": [5.75, 4.25, 5.875, 4.375], "texture": "#0"},
				"east": {"uv": [4.5, 5.75, 4.625, 5.875], "texture": "#0"},
				"south": {"uv": [5.75, 4.5, 5.875, 4.625], "texture": "#0"},
				"west": {"uv": [4.75, 5.75, 4.875, 5.875], "texture": "#0"},
				"up": {"uv": [5.875, 4.875, 5.75, 4.75], "texture": "#0"},
				"down": {"uv": [5.125, 5.75, 5, 5.875], "texture": "#0"}
			}
		},
		{
			"from": [8.675, 1.425, 8.565],
			"to": [8.75, 1.6, 8.64],
			"faces": {
				"north": {"uv": [5.75, 5, 5.875, 5.125], "texture": "#0"},
				"east": {"uv": [5.25, 5.75, 5.375, 5.875], "texture": "#0"},
				"south": {"uv": [5.75, 5.25, 5.875, 5.375], "texture": "#0"},
				"west": {"uv": [5.5, 5.75, 5.625, 5.875], "texture": "#0"},
				"up": {"uv": [5.875, 5.625, 5.75, 5.5], "texture": "#0"},
				"down": {"uv": [5.875, 5.75, 5.75, 5.875], "texture": "#0"}
			}
		},
		{
			"from": [8.7, 1.5, 8.525],
			"to": [8.775, 1.75, 8.6],
			"faces": {
				"north": {"uv": [6.25, 2, 6.375, 2.125], "texture": "#0"},
				"east": {"uv": [2.25, 6.25, 2.375, 6.375], "texture": "#0"},
				"south": {"uv": [6.25, 2.25, 6.375, 2.375], "texture": "#0"},
				"west": {"uv": [2.5, 6.25, 2.625, 6.375], "texture": "#0"},
				"up": {"uv": [6.375, 2.625, 6.25, 2.5], "texture": "#0"},
				"down": {"uv": [2.875, 6.25, 2.75, 6.375], "texture": "#0"}
			}
		},
		{
			"from": [8.7, 1.7, 8.475],
			"to": [8.775, 1.95, 8.55],
			"faces": {
				"north": {"uv": [6.25, 1.25, 6.375, 1.375], "texture": "#0"},
				"east": {"uv": [1.5, 6.25, 1.625, 6.375], "texture": "#0"},
				"south": {"uv": [6.25, 1.5, 6.375, 1.625], "texture": "#0"},
				"west": {"uv": [1.75, 6.25, 1.875, 6.375], "texture": "#0"},
				"up": {"uv": [6.375, 1.875, 6.25, 1.75], "texture": "#0"},
				"down": {"uv": [2.125, 6.25, 2, 6.375], "texture": "#0"}
			}
		},
		{
			"from": [8.7, 1.85, 8.425],
			"to": [8.775, 2.1, 8.5],
			"faces": {
				"north": {"uv": [6.25, 0.5, 6.375, 0.625], "texture": "#0"},
				"east": {"uv": [0.75, 6.25, 0.875, 6.375], "texture": "#0"},
				"south": {"uv": [6.25, 0.75, 6.375, 0.875], "texture": "#0"},
				"west": {"uv": [1, 6.25, 1.125, 6.375], "texture": "#0"},
				"up": {"uv": [6.375, 1.125, 6.25, 1], "texture": "#0"},
				"down": {"uv": [1.375, 6.25, 1.25, 6.375], "texture": "#0"}
			}
		},
		{
			"from": [8.625, 2, 8.4],
			"to": [8.7, 2.25, 8.475],
			"faces": {
				"north": {"uv": [6, 6, 6.125, 6.125], "texture": "#0"},
				"east": {"uv": [0, 6.25, 0.125, 6.375], "texture": "#0"},
				"south": {"uv": [6.25, 0, 6.375, 0.125], "texture": "#0"},
				"west": {"uv": [0.25, 6.25, 0.375, 6.375], "texture": "#0"},
				"up": {"uv": [6.375, 0.375, 6.25, 0.25], "texture": "#0"},
				"down": {"uv": [0.625, 6.25, 0.5, 6.375], "texture": "#0"}
			}
		},
		{
			"from": [8.575, 2.15, 8.425],
			"to": [8.65, 2.4, 8.5],
			"faces": {
				"north": {"uv": [5.25, 6, 5.375, 6.125], "texture": "#0"},
				"east": {"uv": [6, 5.25, 6.125, 5.375], "texture": "#0"},
				"south": {"uv": [5.5, 6, 5.625, 6.125], "texture": "#0"},
				"west": {"uv": [6, 5.5, 6.125, 5.625], "texture": "#0"},
				"up": {"uv": [5.875, 6.125, 5.75, 6], "texture": "#0"},
				"down": {"uv": [6.125, 5.75, 6, 5.875], "texture": "#0"}
			}
		},
		{
			"from": [8.5, 2.3, 8.44],
			"to": [8.575, 2.55, 8.515],
			"faces": {
				"north": {"uv": [4.5, 6, 4.625, 6.125], "texture": "#0"},
				"east": {"uv": [6, 4.5, 6.125, 4.625], "texture": "#0"},
				"south": {"uv": [4.75, 6, 4.875, 6.125], "texture": "#0"},
				"west": {"uv": [6, 4.75, 6.125, 4.875], "texture": "#0"},
				"up": {"uv": [5.125, 6.125, 5, 6], "texture": "#0"},
				"down": {"uv": [6.125, 5, 6, 5.125], "texture": "#0"}
			}
		},
		{
			"from": [8.5, 2.425, 8.49],
			"to": [8.575, 2.675, 8.565],
			"faces": {
				"north": {"uv": [3.75, 6, 3.875, 6.125], "texture": "#0"},
				"east": {"uv": [6, 3.75, 6.125, 3.875], "texture": "#0"},
				"south": {"uv": [4, 6, 4.125, 6.125], "texture": "#0"},
				"west": {"uv": [6, 4, 6.125, 4.125], "texture": "#0"},
				"up": {"uv": [4.375, 6.125, 4.25, 6], "texture": "#0"},
				"down": {"uv": [6.125, 4.25, 6, 4.375], "texture": "#0"}
			}
		},
		{
			"from": [8.5, 2.525, 8.54],
			"to": [8.575, 2.725, 8.615],
			"faces": {
				"north": {"uv": [3, 6, 3.125, 6.125], "texture": "#0"},
				"east": {"uv": [6, 3, 6.125, 3.125], "texture": "#0"},
				"south": {"uv": [3.25, 6, 3.375, 6.125], "texture": "#0"},
				"west": {"uv": [6, 3.25, 6.125, 3.375], "texture": "#0"},
				"up": {"uv": [3.625, 6.125, 3.5, 6], "texture": "#0"},
				"down": {"uv": [6.125, 3.5, 6, 3.625], "texture": "#0"}
			}
		},
		{
			"from": [8.525, 2.65, 8.565],
			"to": [8.6, 2.85, 8.64],
			"faces": {
				"north": {"uv": [2.25, 6, 2.375, 6.125], "texture": "#0"},
				"east": {"uv": [6, 2.25, 6.125, 2.375], "texture": "#0"},
				"south": {"uv": [2.5, 6, 2.625, 6.125], "texture": "#0"},
				"west": {"uv": [6, 2.5, 6.125, 2.625], "texture": "#0"},
				"up": {"uv": [2.875, 6.125, 2.75, 6], "texture": "#0"},
				"down": {"uv": [6.125, 2.75, 6, 2.875], "texture": "#0"}
			}
		},
		{
			"from": [8.575, 2.7, 8.59],
			"to": [8.65, 2.9, 8.665],
			"faces": {
				"north": {"uv": [1.5, 6, 1.625, 6.125], "texture": "#0"},
				"east": {"uv": [6, 1.5, 6.125, 1.625], "texture": "#0"},
				"south": {"uv": [1.75, 6, 1.875, 6.125], "texture": "#0"},
				"west": {"uv": [6, 1.75, 6.125, 1.875], "texture": "#0"},
				"up": {"uv": [2.125, 6.125, 2, 6], "texture": "#0"},
				"down": {"uv": [6.125, 2, 6, 2.125], "texture": "#0"}
			}
		},
		{
			"from": [8.625, 2.825, 8.59],
			"to": [8.7, 3, 8.665],
			"faces": {
				"north": {"uv": [0.75, 6, 0.875, 6.125], "texture": "#0"},
				"east": {"uv": [6, 0.75, 6.125, 0.875], "texture": "#0"},
				"south": {"uv": [1, 6, 1.125, 6.125], "texture": "#0"},
				"west": {"uv": [6, 1, 6.125, 1.125], "texture": "#0"},
				"up": {"uv": [1.375, 6.125, 1.25, 6], "texture": "#0"},
				"down": {"uv": [6.125, 1.25, 6, 1.375], "texture": "#0"}
			}
		},
		{
			"from": [8.675, 2.925, 8.565],
			"to": [8.75, 3.1, 8.64],
			"faces": {
				"north": {"uv": [0, 6, 0.125, 6.125], "texture": "#0"},
				"east": {"uv": [6, 0, 6.125, 0.125], "texture": "#0"},
				"south": {"uv": [0.25, 6, 0.375, 6.125], "texture": "#0"},
				"west": {"uv": [6, 0.25, 6.125, 0.375], "texture": "#0"},
				"up": {"uv": [0.625, 6.125, 0.5, 6], "texture": "#0"},
				"down": {"uv": [6.125, 0.5, 6, 0.625], "texture": "#0"}
			}
		},
		{
			"from": [8.7, 3, 8.525],
			"to": [8.775, 3.25, 8.6],
			"faces": {
				"north": {"uv": [4.75, 6.5, 4.875, 6.625], "texture": "#0"},
				"east": {"uv": [6.5, 4.75, 6.625, 4.875], "texture": "#0"},
				"south": {"uv": [5, 6.5, 5.125, 6.625], "texture": "#0"},
				"west": {"uv": [6.5, 5, 6.625, 5.125], "texture": "#0"},
				"up": {"uv": [5.375, 6.625, 5.25, 6.5], "texture": "#0"},
				"down": {"uv": [6.625, 5.25, 6.5, 5.375], "texture": "#0"}
			}
		},
		{
			"from": [8.7, 3.2, 8.475],
			"to": [8.775, 3.45, 8.55],
			"faces": {
				"north": {"uv": [4, 6.5, 4.125, 6.625], "texture": "#0"},
				"east": {"uv": [6.5, 4, 6.625, 4.125], "texture": "#0"},
				"south": {"uv": [4.25, 6.5, 4.375, 6.625], "texture": "#0"},
				"west": {"uv": [6.5, 4.25, 6.625, 4.375], "texture": "#0"},
				"up": {"uv": [4.625, 6.625, 4.5, 6.5], "texture": "#0"},
				"down": {"uv": [6.625, 4.5, 6.5, 4.625], "texture": "#0"}
			}
		},
		{
			"from": [8.7, 3.35, 8.425],
			"to": [8.775, 3.6, 8.5],
			"faces": {
				"north": {"uv": [3.25, 6.5, 3.375, 6.625], "texture": "#0"},
				"east": {"uv": [6.5, 3.25, 6.625, 3.375], "texture": "#0"},
				"south": {"uv": [3.5, 6.5, 3.625, 6.625], "texture": "#0"},
				"west": {"uv": [6.5, 3.5, 6.625, 3.625], "texture": "#0"},
				"up": {"uv": [3.875, 6.625, 3.75, 6.5], "texture": "#0"},
				"down": {"uv": [6.625, 3.75, 6.5, 3.875], "texture": "#0"}
			}
		},
		{
			"from": [8.625, 3.5, 8.4],
			"to": [8.7, 3.75, 8.475],
			"faces": {
				"north": {"uv": [2.5, 6.5, 2.625, 6.625], "texture": "#0"},
				"east": {"uv": [6.5, 2.5, 6.625, 2.625], "texture": "#0"},
				"south": {"uv": [2.75, 6.5, 2.875, 6.625], "texture": "#0"},
				"west": {"uv": [6.5, 2.75, 6.625, 2.875], "texture": "#0"},
				"up": {"uv": [3.125, 6.625, 3, 6.5], "texture": "#0"},
				"down": {"uv": [6.625, 3, 6.5, 3.125], "texture": "#0"}
			}
		},
		{
			"from": [8.575, 3.65, 8.425],
			"to": [8.65, 3.9, 8.5],
			"faces": {
				"north": {"uv": [1.75, 6.5, 1.875, 6.625], "texture": "#0"},
				"east": {"uv": [6.5, 1.75, 6.625, 1.875], "texture": "#0"},
				"south": {"uv": [2, 6.5, 2.125, 6.625], "texture": "#0"},
				"west": {"uv": [6.5, 2, 6.625, 2.125], "texture": "#0"},
				"up": {"uv": [2.375, 6.625, 2.25, 6.5], "texture": "#0"},
				"down": {"uv": [6.625, 2.25, 6.5, 2.375], "texture": "#0"}
			}
		},
		{
			"from": [8.5, 3.8, 8.44],
			"to": [8.575, 4.05, 8.515],
			"faces": {
				"north": {"uv": [1, 6.5, 1.125, 6.625], "texture": "#0"},
				"east": {"uv": [6.5, 1, 6.625, 1.125], "texture": "#0"},
				"south": {"uv": [1.25, 6.5, 1.375, 6.625], "texture": "#0"},
				"west": {"uv": [6.5, 1.25, 6.625, 1.375], "texture": "#0"},
				"up": {"uv": [1.625, 6.625, 1.5, 6.5], "texture": "#0"},
				"down": {"uv": [6.625, 1.5, 6.5, 1.625], "texture": "#0"}
			}
		},
		{
			"from": [8.5, 3.925, 8.49],
			"to": [8.575, 4.175, 8.565],
			"faces": {
				"north": {"uv": [0.25, 6.5, 0.375, 6.625], "texture": "#0"},
				"east": {"uv": [6.5, 0.25, 6.625, 0.375], "texture": "#0"},
				"south": {"uv": [0.5, 6.5, 0.625, 6.625], "texture": "#0"},
				"west": {"uv": [6.5, 0.5, 6.625, 0.625], "texture": "#0"},
				"up": {"uv": [0.875, 6.625, 0.75, 6.5], "texture": "#0"},
				"down": {"uv": [6.625, 0.75, 6.5, 0.875], "texture": "#0"}
			}
		},
		{
			"from": [8.5, 4.025, 8.54],
			"to": [8.575, 4.225, 8.615],
			"faces": {
				"north": {"uv": [6.25, 5.75, 6.375, 5.875], "texture": "#0"},
				"east": {"uv": [6, 6.25, 6.125, 6.375], "texture": "#0"},
				"south": {"uv": [6.25, 6, 6.375, 6.125], "texture": "#0"},
				"west": {"uv": [6.25, 6.25, 6.375, 6.375], "texture": "#0"},
				"up": {"uv": [0.125, 6.625, 0, 6.5], "texture": "#0"},
				"down": {"uv": [6.625, 0, 6.5, 0.125], "texture": "#0"}
			}
		},
		{
			"from": [8.525, 4.15, 8.565],
			"to": [8.6, 4.35, 8.64],
			"faces": {
				"north": {"uv": [6.25, 5, 6.375, 5.125], "texture": "#0"},
				"east": {"uv": [5.25, 6.25, 5.375, 6.375], "texture": "#0"},
				"south": {"uv": [6.25, 5.25, 6.375, 5.375], "texture": "#0"},
				"west": {"uv": [5.5, 6.25, 5.625, 6.375], "texture": "#0"},
				"up": {"uv": [6.375, 5.625, 6.25, 5.5], "texture": "#0"},
				"down": {"uv": [5.875, 6.25, 5.75, 6.375], "texture": "#0"}
			}
		},
		{
			"from": [8.575, 4.2, 8.59],
			"to": [8.65, 4.4, 8.665],
			"faces": {
				"north": {"uv": [6.25, 4.25, 6.375, 4.375], "texture": "#0"},
				"east": {"uv": [4.5, 6.25, 4.625, 6.375], "texture": "#0"},
				"south": {"uv": [6.25, 4.5, 6.375, 4.625], "texture": "#0"},
				"west": {"uv": [4.75, 6.25, 4.875, 6.375], "texture": "#0"},
				"up": {"uv": [6.375, 4.875, 6.25, 4.75], "texture": "#0"},
				"down": {"uv": [5.125, 6.25, 5, 6.375], "texture": "#0"}
			}
		},
		{
			"from": [8.625, 4.325, 8.59],
			"to": [8.7, 4.5, 8.665],
			"faces": {
				"north": {"uv": [6.25, 3.5, 6.375, 3.625], "texture": "#0"},
				"east": {"uv": [3.75, 6.25, 3.875, 6.375], "texture": "#0"},
				"south": {"uv": [6.25, 3.75, 6.375, 3.875], "texture": "#0"},
				"west": {"uv": [4, 6.25, 4.125, 6.375], "texture": "#0"},
				"up": {"uv": [6.375, 4.125, 6.25, 4], "texture": "#0"},
				"down": {"uv": [4.375, 6.25, 4.25, 6.375], "texture": "#0"}
			}
		},
		{
			"from": [8.675, 4.425, 8.565],
			"to": [8.75, 4.6, 8.64],
			"faces": {
				"north": {"uv": [6.25, 2.75, 6.375, 2.875], "texture": "#0"},
				"east": {"uv": [3, 6.25, 3.125, 6.375], "texture": "#0"},
				"south": {"uv": [6.25, 3, 6.375, 3.125], "texture": "#0"},
				"west": {"uv": [3.25, 6.25, 3.375, 6.375], "texture": "#0"},
				"up": {"uv": [6.375, 3.375, 6.25, 3.25], "texture": "#0"},
				"down": {"uv": [3.625, 6.25, 3.5, 6.375], "texture": "#0"}
			}
		},
		{
			"from": [8.7, 4.475, 8.525],
			"to": [8.775, 4.725, 8.6],
			"faces": {
				"north": {"uv": [0.25, 7, 0.375, 7.125], "texture": "#0"},
				"east": {"uv": [7, 0.25, 7.125, 0.375], "texture": "#0"},
				"south": {"uv": [0.5, 7, 0.625, 7.125], "texture": "#0"},
				"west": {"uv": [7, 0.5, 7.125, 0.625], "texture": "#0"},
				"up": {"uv": [0.875, 7.125, 0.75, 7], "texture": "#0"},
				"down": {"uv": [7.125, 0.75, 7, 0.875], "texture": "#0"}
			}
		},
		{
			"from": [8.7, 4.675, 8.475],
			"to": [8.775, 4.925, 8.55],
			"faces": {
				"north": {"uv": [6.75, 6.25, 6.875, 6.375], "texture": "#0"},
				"east": {"uv": [6.5, 6.75, 6.625, 6.875], "texture": "#0"},
				"south": {"uv": [6.75, 6.5, 6.875, 6.625], "texture": "#0"},
				"west": {"uv": [6.75, 6.75, 6.875, 6.875], "texture": "#0"},
				"up": {"uv": [0.125, 7.125, 0, 7], "texture": "#0"},
				"down": {"uv": [7.125, 0, 7, 0.125], "texture": "#0"}
			}
		},
		{
			"from": [8.7, 4.825, 8.425],
			"to": [8.775, 5.075, 8.5],
			"faces": {
				"north": {"uv": [6.75, 5.5, 6.875, 5.625], "texture": "#0"},
				"east": {"uv": [5.75, 6.75, 5.875, 6.875], "texture": "#0"},
				"south": {"uv": [6.75, 5.75, 6.875, 5.875], "texture": "#0"},
				"west": {"uv": [6, 6.75, 6.125, 6.875], "texture": "#0"},
				"up": {"uv": [6.875, 6.125, 6.75, 6], "texture": "#0"},
				"down": {"uv": [6.375, 6.75, 6.25, 6.875], "texture": "#0"}
			}
		},
		{
			"from": [8.625, 4.975, 8.4],
			"to": [8.7, 5.225, 8.475],
			"faces": {
				"north": {"uv": [6.75, 4.75, 6.875, 4.875], "texture": "#0"},
				"east": {"uv": [5, 6.75, 5.125, 6.875], "texture": "#0"},
				"south": {"uv": [6.75, 5, 6.875, 5.125], "texture": "#0"},
				"west": {"uv": [5.25, 6.75, 5.375, 6.875], "texture": "#0"},
				"up": {"uv": [6.875, 5.375, 6.75, 5.25], "texture": "#0"},
				"down": {"uv": [5.625, 6.75, 5.5, 6.875], "texture": "#0"}
			}
		},
		{
			"from": [8.575, 5.125, 8.425],
			"to": [8.65, 5.375, 8.5],
			"faces": {
				"north": {"uv": [6.75, 4, 6.875, 4.125], "texture": "#0"},
				"east": {"uv": [4.25, 6.75, 4.375, 6.875], "texture": "#0"},
				"south": {"uv": [6.75, 4.25, 6.875, 4.375], "texture": "#0"},
				"west": {"uv": [4.5, 6.75, 4.625, 6.875], "texture": "#0"},
				"up": {"uv": [6.875, 4.625, 6.75, 4.5], "texture": "#0"},
				"down": {"uv": [4.875, 6.75, 4.75, 6.875], "texture": "#0"}
			}
		},
		{
			"from": [8.5, 5.275, 8.44],
			"to": [8.575, 5.525, 8.515],
			"faces": {
				"north": {"uv": [6.75, 3.25, 6.875, 3.375], "texture": "#0"},
				"east": {"uv": [3.5, 6.75, 3.625, 6.875], "texture": "#0"},
				"south": {"uv": [6.75, 3.5, 6.875, 3.625], "texture": "#0"},
				"west": {"uv": [3.75, 6.75, 3.875, 6.875], "texture": "#0"},
				"up": {"uv": [6.875, 3.875, 6.75, 3.75], "texture": "#0"},
				"down": {"uv": [4.125, 6.75, 4, 6.875], "texture": "#0"}
			}
		},
		{
			"from": [8.5, 5.4, 8.49],
			"to": [8.575, 5.65, 8.565],
			"faces": {
				"north": {"uv": [6.75, 2.5, 6.875, 2.625], "texture": "#0"},
				"east": {"uv": [2.75, 6.75, 2.875, 6.875], "texture": "#0"},
				"south": {"uv": [6.75, 2.75, 6.875, 2.875], "texture": "#0"},
				"west": {"uv": [3, 6.75, 3.125, 6.875], "texture": "#0"},
				"up": {"uv": [6.875, 3.125, 6.75, 3], "texture": "#0"},
				"down": {"uv": [3.375, 6.75, 3.25, 6.875], "texture": "#0"}
			}
		},
		{
			"from": [8.5, 5.5, 8.54],
			"to": [8.575, 5.7, 8.615],
			"faces": {
				"north": {"uv": [6.75, 1.75, 6.875, 1.875], "texture": "#0"},
				"east": {"uv": [2, 6.75, 2.125, 6.875], "texture": "#0"},
				"south": {"uv": [6.75, 2, 6.875, 2.125], "texture": "#0"},
				"west": {"uv": [2.25, 6.75, 2.375, 6.875], "texture": "#0"},
				"up": {"uv": [6.875, 2.375, 6.75, 2.25], "texture": "#0"},
				"down": {"uv": [2.625, 6.75, 2.5, 6.875], "texture": "#0"}
			}
		},
		{
			"from": [8.525, 5.625, 8.565],
			"to": [8.6, 5.825, 8.64],
			"faces": {
				"north": {"uv": [6.75, 1, 6.875, 1.125], "texture": "#0"},
				"east": {"uv": [1.25, 6.75, 1.375, 6.875], "texture": "#0"},
				"south": {"uv": [6.75, 1.25, 6.875, 1.375], "texture": "#0"},
				"west": {"uv": [1.5, 6.75, 1.625, 6.875], "texture": "#0"},
				"up": {"uv": [6.875, 1.625, 6.75, 1.5], "texture": "#0"},
				"down": {"uv": [1.875, 6.75, 1.75, 6.875], "texture": "#0"}
			}
		},
		{
			"from": [8.575, 5.675, 8.59],
			"to": [8.65, 5.875, 8.665],
			"faces": {
				"north": {"uv": [6.75, 0.25, 6.875, 0.375], "texture": "#0"},
				"east": {"uv": [0.5, 6.75, 0.625, 6.875], "texture": "#0"},
				"south": {"uv": [6.75, 0.5, 6.875, 0.625], "texture": "#0"},
				"west": {"uv": [0.75, 6.75, 0.875, 6.875], "texture": "#0"},
				"up": {"uv": [6.875, 0.875, 6.75, 0.75], "texture": "#0"},
				"down": {"uv": [1.125, 6.75, 1, 6.875], "texture": "#0"}
			}
		},
		{
			"from": [8.625, 5.8, 8.59],
			"to": [8.7, 5.975, 8.665],
			"faces": {
				"north": {"uv": [6.25, 6.5, 6.375, 6.625], "texture": "#0"},
				"east": {"uv": [6.5, 6.25, 6.625, 6.375], "texture": "#0"},
				"south": {"uv": [6.5, 6.5, 6.625, 6.625], "texture": "#0"},
				"west": {"uv": [0, 6.75, 0.125, 6.875], "texture": "#0"},
				"up": {"uv": [6.875, 0.125, 6.75, 0], "texture": "#0"},
				"down": {"uv": [0.375, 6.75, 0.25, 6.875], "texture": "#0"}
			}
		},
		{
			"from": [8.675, 5.9, 8.565],
			"to": [8.75, 6.075, 8.64],
			"faces": {
				"north": {"uv": [5.5, 6.5, 5.625, 6.625], "texture": "#0"},
				"east": {"uv": [6.5, 5.5, 6.625, 5.625], "texture": "#0"},
				"south": {"uv": [5.75, 6.5, 5.875, 6.625], "texture": "#0"},
				"west": {"uv": [6.5, 5.75, 6.625, 5.875], "texture": "#0"},
				"up": {"uv": [6.125, 6.625, 6, 6.5], "texture": "#0"},
				"down": {"uv": [6.625, 6, 6.5, 6.125], "texture": "#0"}
			}
		},
		{
			"from": [8.7, 5.975, 8.525],
			"to": [8.775, 6.225, 8.6],
			"faces": {
				"north": {"uv": [7.25, 2, 7.375, 2.125], "texture": "#0"},
				"east": {"uv": [2.25, 7.25, 2.375, 7.375], "texture": "#0"},
				"south": {"uv": [7.25, 2.25, 7.375, 2.375], "texture": "#0"},
				"west": {"uv": [2.5, 7.25, 2.625, 7.375], "texture": "#0"},
				"up": {"uv": [7.375, 2.625, 7.25, 2.5], "texture": "#0"},
				"down": {"uv": [2.875, 7.25, 2.75, 7.375], "texture": "#0"}
			}
		},
		{
			"from": [8.7, 6.175, 8.475],
			"to": [8.775, 6.425, 8.55],
			"faces": {
				"north": {"uv": [7.25, 1.25, 7.375, 1.375], "texture": "#0"},
				"east": {"uv": [1.5, 7.25, 1.625, 7.375], "texture": "#0"},
				"south": {"uv": [7.25, 1.5, 7.375, 1.625], "texture": "#0"},
				"west": {"uv": [1.75, 7.25, 1.875, 7.375], "texture": "#0"},
				"up": {"uv": [7.375, 1.875, 7.25, 1.75], "texture": "#0"},
				"down": {"uv": [2.125, 7.25, 2, 7.375], "texture": "#0"}
			}
		},
		{
			"from": [8.7, 6.325, 8.425],
			"to": [8.775, 6.575, 8.5],
			"faces": {
				"north": {"uv": [7.25, 0.5, 7.375, 0.625], "texture": "#0"},
				"east": {"uv": [0.75, 7.25, 0.875, 7.375], "texture": "#0"},
				"south": {"uv": [7.25, 0.75, 7.375, 0.875], "texture": "#0"},
				"west": {"uv": [1, 7.25, 1.125, 7.375], "texture": "#0"},
				"up": {"uv": [7.375, 1.125, 7.25, 1], "texture": "#0"},
				"down": {"uv": [1.375, 7.25, 1.25, 7.375], "texture": "#0"}
			}
		},
		{
			"from": [8.625, 6.475, 8.4],
			"to": [8.7, 6.725, 8.475],
			"faces": {
				"north": {"uv": [7, 7, 7.125, 7.125], "texture": "#0"},
				"east": {"uv": [0, 7.25, 0.125, 7.375], "texture": "#0"},
				"south": {"uv": [7.25, 0, 7.375, 0.125], "texture": "#0"},
				"west": {"uv": [0.25, 7.25, 0.375, 7.375], "texture": "#0"},
				"up": {"uv": [7.375, 0.375, 7.25, 0.25], "texture": "#0"},
				"down": {"uv": [0.625, 7.25, 0.5, 7.375], "texture": "#0"}
			}
		},
		{
			"from": [8.575, 6.625, 8.425],
			"to": [8.65, 6.875, 8.5],
			"faces": {
				"north": {"uv": [6.25, 7, 6.375, 7.125], "texture": "#0"},
				"east": {"uv": [7, 6.25, 7.125, 6.375], "texture": "#0"},
				"south": {"uv": [6.5, 7, 6.625, 7.125], "texture": "#0"},
				"west": {"uv": [7, 6.5, 7.125, 6.625], "texture": "#0"},
				"up": {"uv": [6.875, 7.125, 6.75, 7], "texture": "#0"},
				"down": {"uv": [7.125, 6.75, 7, 6.875], "texture": "#0"}
			}
		},
		{
			"from": [8.5, 6.775, 8.44],
			"to": [8.575, 7.025, 8.515],
			"faces": {
				"north": {"uv": [5.5, 7, 5.625, 7.125], "texture": "#0"},
				"east": {"uv": [7, 5.5, 7.125, 5.625], "texture": "#0"},
				"south": {"uv": [5.75, 7, 5.875, 7.125], "texture": "#0"},
				"west": {"uv": [7, 5.75, 7.125, 5.875], "texture": "#0"},
				"up": {"uv": [6.125, 7.125, 6, 7], "texture": "#0"},
				"down": {"uv": [7.125, 6, 7, 6.125], "texture": "#0"}
			}
		},
		{
			"from": [8.5, 6.9, 8.49],
			"to": [8.575, 7.15, 8.565],
			"faces": {
				"north": {"uv": [4.75, 7, 4.875, 7.125], "texture": "#0"},
				"east": {"uv": [7, 4.75, 7.125, 4.875], "texture": "#0"},
				"south": {"uv": [5, 7, 5.125, 7.125], "texture": "#0"},
				"west": {"uv": [7, 5, 7.125, 5.125], "texture": "#0"},
				"up": {"uv": [5.375, 7.125, 5.25, 7], "texture": "#0"},
				"down": {"uv": [7.125, 5.25, 7, 5.375], "texture": "#0"}
			}
		},
		{
			"from": [8.5, 7, 8.54],
			"to": [8.575, 7.2, 8.615],
			"faces": {
				"north": {"uv": [4, 7, 4.125, 7.125], "texture": "#0"},
				"east": {"uv": [7, 4, 7.125, 4.125], "texture": "#0"},
				"south": {"uv": [4.25, 7, 4.375, 7.125], "texture": "#0"},
				"west": {"uv": [7, 4.25, 7.125, 4.375], "texture": "#0"},
				"up": {"uv": [4.625, 7.125, 4.5, 7], "texture": "#0"},
				"down": {"uv": [7.125, 4.5, 7, 4.625], "texture": "#0"}
			}
		},
		{
			"from": [8.525, 7.125, 8.565],
			"to": [8.6, 7.325, 8.64],
			"faces": {
				"north": {"uv": [3.25, 7, 3.375, 7.125], "texture": "#0"},
				"east": {"uv": [7, 3.25, 7.125, 3.375], "texture": "#0"},
				"south": {"uv": [3.5, 7, 3.625, 7.125], "texture": "#0"},
				"west": {"uv": [7, 3.5, 7.125, 3.625], "texture": "#0"},
				"up": {"uv": [3.875, 7.125, 3.75, 7], "texture": "#0"},
				"down": {"uv": [7.125, 3.75, 7, 3.875], "texture": "#0"}
			}
		},
		{
			"from": [8.575, 7.175, 8.59],
			"to": [8.65, 7.375, 8.665],
			"faces": {
				"north": {"uv": [2.5, 7, 2.625, 7.125], "texture": "#0"},
				"east": {"uv": [7, 2.5, 7.125, 2.625], "texture": "#0"},
				"south": {"uv": [2.75, 7, 2.875, 7.125], "texture": "#0"},
				"west": {"uv": [7, 2.75, 7.125, 2.875], "texture": "#0"},
				"up": {"uv": [3.125, 7.125, 3, 7], "texture": "#0"},
				"down": {"uv": [7.125, 3, 7, 3.125], "texture": "#0"}
			}
		},
		{
			"from": [8.625, 7.3, 8.59],
			"to": [8.7, 7.475, 8.665],
			"faces": {
				"north": {"uv": [1.75, 7, 1.875, 7.125], "texture": "#0"},
				"east": {"uv": [7, 1.75, 7.125, 1.875], "texture": "#0"},
				"south": {"uv": [2, 7, 2.125, 7.125], "texture": "#0"},
				"west": {"uv": [7, 2, 7.125, 2.125], "texture": "#0"},
				"up": {"uv": [2.375, 7.125, 2.25, 7], "texture": "#0"},
				"down": {"uv": [7.125, 2.25, 7, 2.375], "texture": "#0"}
			}
		},
		{
			"from": [8.675, 7.4, 8.565],
			"to": [8.75, 7.575, 8.64],
			"faces": {
				"north": {"uv": [1, 7, 1.125, 7.125], "texture": "#0"},
				"east": {"uv": [7, 1, 7.125, 1.125], "texture": "#0"},
				"south": {"uv": [1.25, 7, 1.375, 7.125], "texture": "#0"},
				"west": {"uv": [7, 1.25, 7.125, 1.375], "texture": "#0"},
				"up": {"uv": [1.625, 7.125, 1.5, 7], "texture": "#0"},
				"down": {"uv": [7.125, 1.5, 7, 1.625], "texture": "#0"}
			}
		},
		{
			"from": [8.7, 7.5, 8.525],
			"to": [8.775, 7.75, 8.6],
			"faces": {
				"north": {"uv": [3.75, 7.5, 3.875, 7.625], "texture": "#0"},
				"east": {"uv": [7.5, 3.75, 7.625, 3.875], "texture": "#0"},
				"south": {"uv": [4, 7.5, 4.125, 7.625], "texture": "#0"},
				"west": {"uv": [7.5, 4, 7.625, 4.125], "texture": "#0"},
				"up": {"uv": [4.375, 7.625, 4.25, 7.5], "texture": "#0"},
				"down": {"uv": [7.625, 4.25, 7.5, 4.375], "texture": "#0"}
			}
		},
		{
			"from": [8.7, 7.7, 8.475],
			"to": [8.775, 7.95, 8.55],
			"faces": {
				"north": {"uv": [3, 7.5, 3.125, 7.625], "texture": "#0"},
				"east": {"uv": [7.5, 3, 7.625, 3.125], "texture": "#0"},
				"south": {"uv": [3.25, 7.5, 3.375, 7.625], "texture": "#0"},
				"west": {"uv": [7.5, 3.25, 7.625, 3.375], "texture": "#0"},
				"up": {"uv": [3.625, 7.625, 3.5, 7.5], "texture": "#0"},
				"down": {"uv": [7.625, 3.5, 7.5, 3.625], "texture": "#0"}
			}
		},
		{
			"from": [8.7, 7.85, 8.425],
			"to": [8.775, 8.1, 8.5],
			"faces": {
				"north": {"uv": [2.25, 7.5, 2.375, 7.625], "texture": "#0"},
				"east": {"uv": [7.5, 2.25, 7.625, 2.375], "texture": "#0"},
				"south": {"uv": [2.5, 7.5, 2.625, 7.625], "texture": "#0"},
				"west": {"uv": [7.5, 2.5, 7.625, 2.625], "texture": "#0"},
				"up": {"uv": [2.875, 7.625, 2.75, 7.5], "texture": "#0"},
				"down": {"uv": [7.625, 2.75, 7.5, 2.875], "texture": "#0"}
			}
		},
		{
			"from": [8.625, 8, 8.4],
			"to": [8.7, 8.25, 8.475],
			"faces": {
				"north": {"uv": [1.5, 7.5, 1.625, 7.625], "texture": "#0"},
				"east": {"uv": [7.5, 1.5, 7.625, 1.625], "texture": "#0"},
				"south": {"uv": [1.75, 7.5, 1.875, 7.625], "texture": "#0"},
				"west": {"uv": [7.5, 1.75, 7.625, 1.875], "texture": "#0"},
				"up": {"uv": [2.125, 7.625, 2, 7.5], "texture": "#0"},
				"down": {"uv": [7.625, 2, 7.5, 2.125], "texture": "#0"}
			}
		},
		{
			"from": [8.575, 8.15, 8.425],
			"to": [8.65, 8.4, 8.5],
			"faces": {
				"north": {"uv": [0.75, 7.5, 0.875, 7.625], "texture": "#0"},
				"east": {"uv": [7.5, 0.75, 7.625, 0.875], "texture": "#0"},
				"south": {"uv": [1, 7.5, 1.125, 7.625], "texture": "#0"},
				"west": {"uv": [7.5, 1, 7.625, 1.125], "texture": "#0"},
				"up": {"uv": [1.375, 7.625, 1.25, 7.5], "texture": "#0"},
				"down": {"uv": [7.625, 1.25, 7.5, 1.375], "texture": "#0"}
			}
		},
		{
			"from": [8.5, 8.3, 8.44],
			"to": [8.575, 8.55, 8.515],
			"faces": {
				"north": {"uv": [0, 7.5, 0.125, 7.625], "texture": "#0"},
				"east": {"uv": [7.5, 0, 7.625, 0.125], "texture": "#0"},
				"south": {"uv": [0.25, 7.5, 0.375, 7.625], "texture": "#0"},
				"west": {"uv": [7.5, 0.25, 7.625, 0.375], "texture": "#0"},
				"up": {"uv": [0.625, 7.625, 0.5, 7.5], "texture": "#0"},
				"down": {"uv": [7.625, 0.5, 7.5, 0.625], "texture": "#0"}
			}
		},
		{
			"from": [8.5, 8.425, 8.49],
			"to": [8.575, 8.675, 8.565],
			"faces": {
				"north": {"uv": [7.25, 6.5, 7.375, 6.625], "texture": "#0"},
				"east": {"uv": [6.75, 7.25, 6.875, 7.375], "texture": "#0"},
				"south": {"uv": [7.25, 6.75, 7.375, 6.875], "texture": "#0"},
				"west": {"uv": [7, 7.25, 7.125, 7.375], "texture": "#0"},
				"up": {"uv": [7.375, 7.125, 7.25, 7], "texture": "#0"},
				"down": {"uv": [7.375, 7.25, 7.25, 7.375], "texture": "#0"}
			}
		},
		{
			"from": [8.5, 8.525, 8.54],
			"to": [8.575, 8.725, 8.615],
			"faces": {
				"north": {"uv": [7.25, 5.75, 7.375, 5.875], "texture": "#0"},
				"east": {"uv": [6, 7.25, 6.125, 7.375], "texture": "#0"},
				"south": {"uv": [7.25, 6, 7.375, 6.125], "texture": "#0"},
				"west": {"uv": [6.25, 7.25, 6.375, 7.375], "texture": "#0"},
				"up": {"uv": [7.375, 6.375, 7.25, 6.25], "texture": "#0"},
				"down": {"uv": [6.625, 7.25, 6.5, 7.375], "texture": "#0"}
			}
		},
		{
			"from": [8.525, 8.65, 8.565],
			"to": [8.6, 8.85, 8.64],
			"faces": {
				"north": {"uv": [7.25, 5, 7.375, 5.125], "texture": "#0"},
				"east": {"uv": [5.25, 7.25, 5.375, 7.375], "texture": "#0"},
				"south": {"uv": [7.25, 5.25, 7.375, 5.375], "texture": "#0"},
				"west": {"uv": [5.5, 7.25, 5.625, 7.375], "texture": "#0"},
				"up": {"uv": [7.375, 5.625, 7.25, 5.5], "texture": "#0"},
				"down": {"uv": [5.875, 7.25, 5.75, 7.375], "texture": "#0"}
			}
		},
		{
			"from": [8.575, 8.7, 8.59],
			"to": [8.65, 8.9, 8.665],
			"faces": {
				"north": {"uv": [7.25, 4.25, 7.375, 4.375], "texture": "#0"},
				"east": {"uv": [4.5, 7.25, 4.625, 7.375], "texture": "#0"},
				"south": {"uv": [7.25, 4.5, 7.375, 4.625], "texture": "#0"},
				"west": {"uv": [4.75, 7.25, 4.875, 7.375], "texture": "#0"},
				"up": {"uv": [7.375, 4.875, 7.25, 4.75], "texture": "#0"},
				"down": {"uv": [5.125, 7.25, 5, 7.375], "texture": "#0"}
			}
		},
		{
			"from": [8.625, 8.825, 8.59],
			"to": [8.7, 9, 8.665],
			"faces": {
				"north": {"uv": [7.25, 3.5, 7.375, 3.625], "texture": "#0"},
				"east": {"uv": [3.75, 7.25, 3.875, 7.375], "texture": "#0"},
				"south": {"uv": [7.25, 3.75, 7.375, 3.875], "texture": "#0"},
				"west": {"uv": [4, 7.25, 4.125, 7.375], "texture": "#0"},
				"up": {"uv": [7.375, 4.125, 7.25, 4], "texture": "#0"},
				"down": {"uv": [4.375, 7.25, 4.25, 7.375], "texture": "#0"}
			}
		},
		{
			"from": [8.675, 8.925, 8.565],
			"to": [8.75, 9.1, 8.64],
			"faces": {
				"north": {"uv": [7.25, 2.75, 7.375, 2.875], "texture": "#0"},
				"east": {"uv": [3, 7.25, 3.125, 7.375], "texture": "#0"},
				"south": {"uv": [7.25, 3, 7.375, 3.125], "texture": "#0"},
				"west": {"uv": [3.25, 7.25, 3.375, 7.375], "texture": "#0"},
				"up": {"uv": [7.375, 3.375, 7.25, 3.25], "texture": "#0"},
				"down": {"uv": [3.625, 7.25, 3.5, 7.375], "texture": "#0"}
			}
		},
		{
			"from": [8.7, 8.975, 8.525],
			"to": [8.775, 9.225, 8.6],
			"faces": {
				"north": {"uv": [7.75, 2, 7.875, 2.125], "texture": "#0"},
				"east": {"uv": [2.25, 7.75, 2.375, 7.875], "texture": "#0"},
				"south": {"uv": [7.75, 2.25, 7.875, 2.375], "texture": "#0"},
				"west": {"uv": [2.5, 7.75, 2.625, 7.875], "texture": "#0"},
				"up": {"uv": [7.875, 2.625, 7.75, 2.5], "texture": "#0"},
				"down": {"uv": [2.875, 7.75, 2.75, 7.875], "texture": "#0"}
			}
		},
		{
			"from": [8.7, 9.175, 8.475],
			"to": [8.775, 9.425, 8.55],
			"faces": {
				"north": {"uv": [7.75, 1.25, 7.875, 1.375], "texture": "#0"},
				"east": {"uv": [1.5, 7.75, 1.625, 7.875], "texture": "#0"},
				"south": {"uv": [7.75, 1.5, 7.875, 1.625], "texture": "#0"},
				"west": {"uv": [1.75, 7.75, 1.875, 7.875], "texture": "#0"},
				"up": {"uv": [7.875, 1.875, 7.75, 1.75], "texture": "#0"},
				"down": {"uv": [2.125, 7.75, 2, 7.875], "texture": "#0"}
			}
		},
		{
			"from": [8.7, 9.325, 8.425],
			"to": [8.775, 9.575, 8.5],
			"faces": {
				"north": {"uv": [7.75, 0.5, 7.875, 0.625], "texture": "#0"},
				"east": {"uv": [0.75, 7.75, 0.875, 7.875], "texture": "#0"},
				"south": {"uv": [7.75, 0.75, 7.875, 0.875], "texture": "#0"},
				"west": {"uv": [1, 7.75, 1.125, 7.875], "texture": "#0"},
				"up": {"uv": [7.875, 1.125, 7.75, 1], "texture": "#0"},
				"down": {"uv": [1.375, 7.75, 1.25, 7.875], "texture": "#0"}
			}
		},
		{
			"from": [8.625, 9.475, 8.4],
			"to": [8.7, 9.725, 8.475],
			"faces": {
				"north": {"uv": [7.5, 7.5, 7.625, 7.625], "texture": "#0"},
				"east": {"uv": [0, 7.75, 0.125, 7.875], "texture": "#0"},
				"south": {"uv": [7.75, 0, 7.875, 0.125], "texture": "#0"},
				"west": {"uv": [0.25, 7.75, 0.375, 7.875], "texture": "#0"},
				"up": {"uv": [7.875, 0.375, 7.75, 0.25], "texture": "#0"},
				"down": {"uv": [0.625, 7.75, 0.5, 7.875], "texture": "#0"}
			}
		},
		{
			"from": [8.575, 9.625, 8.425],
			"to": [8.65, 9.875, 8.5],
			"faces": {
				"north": {"uv": [6.75, 7.5, 6.875, 7.625], "texture": "#0"},
				"east": {"uv": [7.5, 6.75, 7.625, 6.875], "texture": "#0"},
				"south": {"uv": [7, 7.5, 7.125, 7.625], "texture": "#0"},
				"west": {"uv": [7.5, 7, 7.625, 7.125], "texture": "#0"},
				"up": {"uv": [7.375, 7.625, 7.25, 7.5], "texture": "#0"},
				"down": {"uv": [7.625, 7.25, 7.5, 7.375], "texture": "#0"}
			}
		},
		{
			"from": [8.5, 9.775, 8.44],
			"to": [8.575, 10.025, 8.515],
			"faces": {
				"north": {"uv": [6, 7.5, 6.125, 7.625], "texture": "#0"},
				"east": {"uv": [7.5, 6, 7.625, 6.125], "texture": "#0"},
				"south": {"uv": [6.25, 7.5, 6.375, 7.625], "texture": "#0"},
				"west": {"uv": [7.5, 6.25, 7.625, 6.375], "texture": "#0"},
				"up": {"uv": [6.625, 7.625, 6.5, 7.5], "texture": "#0"},
				"down": {"uv": [7.625, 6.5, 7.5, 6.625], "texture": "#0"}
			}
		},
		{
			"from": [8.5, 9.9, 8.49],
			"to": [8.575, 10.15, 8.565],
			"faces": {
				"north": {"uv": [5.25, 7.5, 5.375, 7.625], "texture": "#0"},
				"east": {"uv": [7.5, 5.25, 7.625, 5.375], "texture": "#0"},
				"south": {"uv": [5.5, 7.5, 5.625, 7.625], "texture": "#0"},
				"west": {"uv": [7.5, 5.5, 7.625, 5.625], "texture": "#0"},
				"up": {"uv": [5.875, 7.625, 5.75, 7.5], "texture": "#0"},
				"down": {"uv": [7.625, 5.75, 7.5, 5.875], "texture": "#0"}
			}
		},
		{
			"from": [8.5, 10, 8.54],
			"to": [8.575, 10.2, 8.615],
			"faces": {
				"north": {"uv": [4.5, 7.5, 4.625, 7.625], "texture": "#0"},
				"east": {"uv": [7.5, 4.5, 7.625, 4.625], "texture": "#0"},
				"south": {"uv": [4.75, 7.5, 4.875, 7.625], "texture": "#0"},
				"west": {"uv": [7.5, 4.75, 7.625, 4.875], "texture": "#0"},
				"up": {"uv": [5.125, 7.625, 5, 7.5], "texture": "#0"},
				"down": {"uv": [7.625, 5, 7.5, 5.125], "texture": "#0"}
			}
		},
		{
			"from": [8.65, 9.95, 8.475],
			"to": [8.775, 10.275, 8.575],
			"faces": {
				"north": {"uv": [7.75, 2.75, 7.875, 2.875], "texture": "#0"},
				"east": {"uv": [3, 7.75, 3.125, 7.875], "texture": "#0"},
				"south": {"uv": [7.75, 3, 7.875, 3.125], "texture": "#0"},
				"west": {"uv": [3.25, 7.75, 3.375, 7.875], "texture": "#0"},
				"up": {"uv": [7.875, 3.375, 7.75, 3.25], "texture": "#0"},
				"down": {"uv": [3.625, 7.75, 3.5, 7.875], "texture": "#0"}
			}
		},
		{
			"from": [8.675, 10.05, 8.475],
			"to": [8.8, 10.375, 8.575],
			"faces": {
				"north": {"uv": [7.75, 3.5, 7.875, 3.625], "texture": "#0"},
				"east": {"uv": [3.75, 7.75, 3.875, 7.875], "texture": "#0"},
				"south": {"uv": [7.75, 3.75, 7.875, 3.875], "texture": "#0"},
				"west": {"uv": [4, 7.75, 4.125, 7.875], "texture": "#0"},
				"up": {"uv": [7.875, 4.125, 7.75, 4], "texture": "#0"},
				"down": {"uv": [4.375, 7.75, 4.25, 7.875], "texture": "#0"}
			}
		},
		{
			"from": [8.775, 10.3, 8.475],
			"to": [8.825, 10.45, 8.575],
			"faces": {
				"north": {"uv": [7.75, 4.25, 7.875, 4.375], "texture": "#0"},
				"east": {"uv": [4.5, 7.75, 4.625, 7.875], "texture": "#0"},
				"south": {"uv": [7.75, 4.5, 7.875, 4.625], "texture": "#0"},
				"west": {"uv": [4.75, 7.75, 4.875, 7.875], "texture": "#0"},
				"up": {"uv": [7.875, 4.875, 7.75, 4.75], "texture": "#0"},
				"down": {"uv": [5.125, 7.75, 5, 7.875], "texture": "#0"}
			}
		},
		{
			"from": [8.825, 10.35, 8.475],
			"to": [8.875, 10.5, 8.575],
			"faces": {
				"north": {"uv": [7.75, 5, 7.875, 5.125], "texture": "#0"},
				"east": {"uv": [5.25, 7.75, 5.375, 7.875], "texture": "#0"},
				"south": {"uv": [7.75, 5.25, 7.875, 5.375], "texture": "#0"},
				"west": {"uv": [5.5, 7.75, 5.625, 7.875], "texture": "#0"},
				"up": {"uv": [7.875, 5.625, 7.75, 5.5], "texture": "#0"},
				"down": {"uv": [5.875, 7.75, 5.75, 7.875], "texture": "#0"}
			}
		},
		{
			"from": [8.85, 10.4, 8.475],
			"to": [8.9, 10.55, 8.575],
			"faces": {
				"north": {"uv": [7.75, 5.75, 7.875, 5.875], "texture": "#0"},
				"east": {"uv": [6, 7.75, 6.125, 7.875], "texture": "#0"},
				"south": {"uv": [7.75, 6, 7.875, 6.125], "texture": "#0"},
				"west": {"uv": [6.25, 7.75, 6.375, 7.875], "texture": "#0"},
				"up": {"uv": [7.875, 6.375, 7.75, 6.25], "texture": "#0"},
				"down": {"uv": [6.625, 7.75, 6.5, 7.875], "texture": "#0"}
			}
		},
		{
			"from": [8.9, 10.425, 8.475],
			"to": [8.95, 10.575, 8.575],
			"faces": {
				"north": {"uv": [7.75, 6.5, 7.875, 6.625], "texture": "#0"},
				"east": {"uv": [6.75, 7.75, 6.875, 7.875], "texture": "#0"},
				"south": {"uv": [7.75, 6.75, 7.875, 6.875], "texture": "#0"},
				"west": {"uv": [7, 7.75, 7.125, 7.875], "texture": "#0"},
				"up": {"uv": [7.875, 7.125, 7.75, 7], "texture": "#0"},
				"down": {"uv": [7.375, 7.75, 7.25, 7.875], "texture": "#0"}
			}
		},
		{
			"from": [8.925, 10.45, 8.475],
			"to": [8.975, 10.6, 8.575],
			"faces": {
				"north": {"uv": [7.75, 7.25, 7.875, 7.375], "texture": "#0"},
				"east": {"uv": [7.5, 7.75, 7.625, 7.875], "texture": "#0"},
				"south": {"uv": [7.75, 7.5, 7.875, 7.625], "texture": "#0"},
				"west": {"uv": [7.75, 7.75, 7.875, 7.875], "texture": "#0"},
				"up": {"uv": [0.125, 8.125, 0, 8], "texture": "#0"},
				"down": {"uv": [8.125, 0, 8, 0.125], "texture": "#0"}
			}
		},
		{
			"from": [8.95, 10.475, 8.475],
			"to": [9, 10.625, 8.575],
			"faces": {
				"north": {"uv": [0.25, 8, 0.375, 8.125], "texture": "#0"},
				"east": {"uv": [8, 0.25, 8.125, 0.375], "texture": "#0"},
				"south": {"uv": [0.5, 8, 0.625, 8.125], "texture": "#0"},
				"west": {"uv": [8, 0.5, 8.125, 0.625], "texture": "#0"},
				"up": {"uv": [0.875, 8.125, 0.75, 8], "texture": "#0"},
				"down": {"uv": [8.125, 0.75, 8, 0.875], "texture": "#0"}
			}
		},
		{
			"from": [9, 10.475, 8.475],
			"to": [9.05, 10.625, 8.575],
			"faces": {
				"north": {"uv": [1, 8, 1.125, 8.125], "texture": "#0"},
				"east": {"uv": [8, 1, 8.125, 1.125], "texture": "#0"},
				"south": {"uv": [1.25, 8, 1.375, 8.125], "texture": "#0"},
				"west": {"uv": [8, 1.25, 8.125, 1.375], "texture": "#0"},
				"up": {"uv": [1.625, 8.125, 1.5, 8], "texture": "#0"},
				"down": {"uv": [8.125, 1.5, 8, 1.625], "texture": "#0"}
			}
		},
		{
			"from": [9.05, 10.5, 8.475],
			"to": [9.1, 10.65, 8.575],
			"faces": {
				"north": {"uv": [1.75, 8, 1.875, 8.125], "texture": "#0"},
				"east": {"uv": [8, 1.75, 8.125, 1.875], "texture": "#0"},
				"south": {"uv": [2, 8, 2.125, 8.125], "texture": "#0"},
				"west": {"uv": [8, 2, 8.125, 2.125], "texture": "#0"},
				"up": {"uv": [2.375, 8.125, 2.25, 8], "texture": "#0"},
				"down": {"uv": [8.125, 2.25, 8, 2.375], "texture": "#0"}
			}
		},
		{
			"from": [9.075, 10.525, 8.475],
			"to": [9.125, 10.675, 8.575],
			"faces": {
				"north": {"uv": [2.5, 8, 2.625, 8.125], "texture": "#0"},
				"east": {"uv": [8, 2.5, 8.125, 2.625], "texture": "#0"},
				"south": {"uv": [2.75, 8, 2.875, 8.125], "texture": "#0"},
				"west": {"uv": [8, 2.75, 8.125, 2.875], "texture": "#0"},
				"up": {"uv": [3.125, 8.125, 3, 8], "texture": "#0"},
				"down": {"uv": [8.125, 3, 8, 3.125], "texture": "#0"}
			}
		},
		{
			"from": [9.125, 10.525, 8.475],
			"to": [9.175, 10.675, 8.575],
			"faces": {
				"north": {"uv": [3.25, 8, 3.375, 8.125], "texture": "#0"},
				"east": {"uv": [8, 3.25, 8.125, 3.375], "texture": "#0"},
				"south": {"uv": [3.5, 8, 3.625, 8.125], "texture": "#0"},
				"west": {"uv": [8, 3.5, 8.125, 3.625], "texture": "#0"},
				"up": {"uv": [3.875, 8.125, 3.75, 8], "texture": "#0"},
				"down": {"uv": [8.125, 3.75, 8, 3.875], "texture": "#0"}
			}
		},
		{
			"from": [9.15, 10.525, 8.475],
			"to": [9.2, 10.675, 8.575],
			"faces": {
				"north": {"uv": [4, 8, 4.125, 8.125], "texture": "#0"},
				"east": {"uv": [8, 4, 8.125, 4.125], "texture": "#0"},
				"south": {"uv": [4.25, 8, 4.375, 8.125], "texture": "#0"},
				"west": {"uv": [8, 4.25, 8.125, 4.375], "texture": "#0"},
				"up": {"uv": [4.625, 8.125, 4.5, 8], "texture": "#0"},
				"down": {"uv": [8.125, 4.5, 8, 4.625], "texture": "#0"}
			}
		},
		{
			"from": [9.2, 10.525, 8.475],
			"to": [9.25, 10.675, 8.575],
			"faces": {
				"north": {"uv": [4.75, 8, 4.875, 8.125], "texture": "#0"},
				"east": {"uv": [8, 4.75, 8.125, 4.875], "texture": "#0"},
				"south": {"uv": [5, 8, 5.125, 8.125], "texture": "#0"},
				"west": {"uv": [8, 5, 8.125, 5.125], "texture": "#0"},
				"up": {"uv": [5.375, 8.125, 5.25, 8], "texture": "#0"},
				"down": {"uv": [8.125, 5.25, 8, 5.375], "texture": "#0"}
			}
		},
		{
			"from": [9.225, 10.5, 8.475],
			"to": [9.275, 10.65, 8.575],
			"faces": {
				"north": {"uv": [5.5, 8, 5.625, 8.125], "texture": "#0"},
				"east": {"uv": [8, 5.5, 8.125, 5.625], "texture": "#0"},
				"south": {"uv": [5.75, 8, 5.875, 8.125], "texture": "#0"},
				"west": {"uv": [8, 5.75, 8.125, 5.875], "texture": "#0"},
				"up": {"uv": [6.125, 8.125, 6, 8], "texture": "#0"},
				"down": {"uv": [8.125, 6, 8, 6.125], "texture": "#0"}
			}
		},
		{
			"from": [9.17929, 10.49393, 8.5],
			"to": [9.32929, 10.54393, 8.55],
			"rotation": {"angle": -22.5, "axis": "z", "origin": [9.25429, 10.46893, 8.525]},
			"faces": {
				"north": {"uv": [6.25, 8, 6.375, 8.125], "texture": "#0"},
				"east": {"uv": [8, 6.25, 8.125, 6.375], "texture": "#0"},
				"south": {"uv": [6.5, 8, 6.625, 8.125], "texture": "#0"},
				"west": {"uv": [8, 6.5, 8.125, 6.625], "texture": "#0"},
				"up": {"uv": [6.875, 8.125, 6.75, 8], "texture": "#0"},
				"down": {"uv": [8.125, 6.75, 8, 6.875], "texture": "#0"}
			}
		},
		{
			"from": [9.27929, 10.51893, 8.5],
			"to": [9.42929, 10.56893, 8.55],
			"rotation": {"angle": -22.5, "axis": "z", "origin": [9.25429, 10.46893, 8.525]},
			"faces": {
				"north": {"uv": [7, 8, 7.125, 8.125], "texture": "#0"},
				"east": {"uv": [8, 7, 8.125, 7.125], "texture": "#0"},
				"south": {"uv": [7.25, 8, 7.375, 8.125], "texture": "#0"},
				"west": {"uv": [8, 7.25, 8.125, 7.375], "texture": "#0"},
				"up": {"uv": [7.625, 8.125, 7.5, 8], "texture": "#0"},
				"down": {"uv": [8.125, 7.5, 8, 7.625], "texture": "#0"}
			}
		},
		{
			"from": [9.37929, 10.51893, 8.5],
			"to": [9.52929, 10.56893, 8.55],
			"rotation": {"angle": -22.5, "axis": "z", "origin": [9.25429, 10.46893, 8.525]},
			"faces": {
				"north": {"uv": [7.75, 8, 7.875, 8.125], "texture": "#0"},
				"east": {"uv": [8, 7.75, 8.125, 7.875], "texture": "#0"},
				"south": {"uv": [8, 8, 8.125, 8.125], "texture": "#0"},
				"west": {"uv": [0, 8.25, 0.125, 8.375], "texture": "#0"},
				"up": {"uv": [8.375, 0.125, 8.25, 0], "texture": "#0"},
				"down": {"uv": [0.375, 8.25, 0.25, 8.375], "texture": "#0"}
			}
		},
		{
			"from": [9.46777, 10.43669, 8.5],
			"to": [9.54277, 10.48669, 8.55],
			"rotation": {"angle": -45, "axis": "z", "origin": [9.46777, 10.46169, 8.525]},
			"faces": {
				"north": {"uv": [8.25, 0.25, 8.375, 0.375], "texture": "#0"},
				"east": {"uv": [0.5, 8.25, 0.625, 8.375], "texture": "#0"},
				"south": {"uv": [8.25, 0.5, 8.375, 0.625], "texture": "#0"},
				"west": {"uv": [0.75, 8.25, 0.875, 8.375], "texture": "#0"},
				"up": {"uv": [8.375, 0.875, 8.25, 0.75], "texture": "#0"},
				"down": {"uv": [1.125, 8.25, 1, 8.375], "texture": "#0"}
			}
		},
		{
			"from": [9.51777, 10.45, 8.5],
			"to": [9.59277, 10.5, 8.55],
			"rotation": {"angle": -45, "axis": "z", "origin": [9.46777, 10.46169, 8.525]},
			"faces": {
				"north": {"uv": [8.25, 1, 8.375, 1.125], "texture": "#0"},
				"east": {"uv": [1.25, 8.25, 1.375, 8.375], "texture": "#0"},
				"south": {"uv": [8.25, 1.25, 8.375, 1.375], "texture": "#0"},
				"west": {"uv": [1.5, 8.25, 1.625, 8.375], "texture": "#0"},
				"up": {"uv": [8.375, 1.625, 8.25, 1.5], "texture": "#0"},
				"down": {"uv": [1.875, 8.25, 1.75, 8.375], "texture": "#0"}
			}
		},
		{
			"from": [9.54277, 10.425, 8.5],
			"to": [9.66777, 10.475, 8.55],
			"rotation": {"angle": -45, "axis": "z", "origin": [9.46777, 10.46169, 8.525]},
			"faces": {
				"north": {"uv": [8.25, 1.75, 8.375, 1.875], "texture": "#0"},
				"east": {"uv": [2, 8.25, 2.125, 8.375], "texture": "#0"},
				"south": {"uv": [8.25, 2, 8.375, 2.125], "texture": "#0"},
				"west": {"uv": [2.25, 8.25, 2.375, 8.375], "texture": "#0"},
				"up": {"uv": [8.375, 2.375, 8.25, 2.25], "texture": "#0"},
				"down": {"uv": [2.625, 8.25, 2.5, 8.375], "texture": "#0"}
			}
		},
		{
			"from": [9.64277, 10.4, 8.5],
			"to": [9.71777, 10.45, 8.55],
			"rotation": {"angle": -45, "axis": "z", "origin": [9.46777, 10.46169, 8.525]},
			"faces": {
				"north": {"uv": [8.25, 2.5, 8.375, 2.625], "texture": "#0"},
				"east": {"uv": [2.75, 8.25, 2.875, 8.375], "texture": "#0"},
				"south": {"uv": [8.25, 2.75, 8.375, 2.875], "texture": "#0"},
				"west": {"uv": [3, 8.25, 3.125, 8.375], "texture": "#0"},
				"up": {"uv": [8.375, 3.125, 8.25, 3], "texture": "#0"},
				"down": {"uv": [3.375, 8.25, 3.25, 8.375], "texture": "#0"}
			}
		}
	],
	"display": {
		"thirdperson_righthand": {
			"rotation": [68, 104, -7],
			"translation": [-0.25, -3.25, -1.25],
			"scale": [2, 1.54883, 2.61133]
		},
		"thirdperson_lefthand": {
			"rotation": [59, -86.01, -6.72],
			"translation": [1, -2.75, -2.25],
			"scale": [1.87, 1.63, 2.08]
		},
		"firstperson_righthand": {
			"rotation": [4, 65, -7],
			"translation": [-3.5, 2.5, 5.5],
			"scale": [2.28, 2.31, 1.84]
		},
		"firstperson_lefthand": {
			"rotation": [150.15, -85.67, 150.49],
			"translation": [-1.5, 4, 6],
			"scale": [1.87, 1.36, 2.08]
		},
		"ground": {
			"rotation": [38, 0, 0],
			"translation": [0, 6.25, 0],
			"scale": [2, 2, 2]
		},
		"gui": {
			"rotation": [36, -146, -23],
			"translation": [1, 3.25, 0],
			"scale": [2, 2, 2]
		},
		"head": {
			"rotation": [-4.37, 0, -44.79],
			"translation": [7.25, -38, 2.25],
			"scale": [3, 3, 3.5]
		},
		"fixed": {
			"rotation": [-35, 27, 47],
			"translation": [-5.25, 1.25, -2],
			"scale": [2, 2, 4]
		}
	}
}