{
	"credit": "Made with Blockbench",
	"textures": {
		"1": "occhiali/swag2",
		"2": "occhiali/swag1"
	},
	"elements": [
		{
			"from": [4.1, 3.625, 2.925],
			"to": [10.925, 3.875, 3.075],
			"faces": {
				"north": {"uv": [0, 0, 6.825, 0.2], "texture": "#1"},
				"east": {"uv": [0, 0, 0.15, 0.2], "texture": "#1"},
				"south": {"uv": [0, 0, 6.825, 0.2], "texture": "#1"},
				"west": {"uv": [0, 0, 0.15, 0.2], "texture": "#1"},
				"up": {"uv": [0, 0, 0.15, 6.825], "rotation": 90, "texture": "#1"},
				"down": {"uv": [0, 0, 0.15, 6.825], "rotation": 270, "texture": "#1"}
			}
		},
		{
			"from": [4.025, 3.475, 3.05],
			"to": [4.175, 3.85, 6.425],
			"faces": {
				"north": {"uv": [0, 0, 0.15, 0.375], "texture": "#1"},
				"east": {"uv": [0, 0, 3.375, 0.375], "texture": "#1"},
				"south": {"uv": [0, 0, 0.15, 0.375], "texture": "#1"},
				"west": {"uv": [0, 0, 3.375, 0.375], "texture": "#1"},
				"up": {"uv": [0, 0, 0.15, 3.375], "texture": "#1"},
				"down": {"uv": [0, 0, 0.15, 3.375], "texture": "#1"}
			}
		},
		{
			"from": [10.8, 3.475, 3.05],
			"to": [10.95, 3.85, 6.425],
			"faces": {
				"north": {"uv": [0, 0, 0.15, 0.375], "texture": "#1"},
				"east": {"uv": [0, 0, 3.375, 0.375], "texture": "#1"},
				"south": {"uv": [0, 0, 0.15, 0.375], "texture": "#1"},
				"west": {"uv": [0, 0, 3.375, 0.375], "texture": "#1"},
				"up": {"uv": [0, 0, 0.15, 3.375], "texture": "#1"},
				"down": {"uv": [0, 0, 0.15, 3.375], "texture": "#1"}
			}
		},
		{
			"from": [4.85, 2.375, 3],
			"to": [6.625, 2.65, 3.125],
			"faces": {
				"north": {"uv": [9, 7, 10.75, 7.25], "texture": "#2"},
				"east": {"uv": [11, 1, 11.25, 1.25], "texture": "#2"},
				"south": {"uv": [9, 8, 10.75, 8.25], "texture": "#2"},
				"west": {"uv": [2, 11, 2.25, 11.25], "texture": "#2"},
				"up": {"uv": [10.75, 9.25, 9, 9], "texture": "#2"},
				"down": {"uv": [1.75, 10, 0, 10.25], "texture": "#2"}
			}
		},
		{
			"from": [4.575, 2.65, 3.025],
			"to": [6.925, 2.925, 3.15],
			"faces": {
				"north": {"uv": [8, 2, 10.25, 2.25], "texture": "#2"},
				"east": {"uv": [11, 0, 11.25, 0.25], "texture": "#2"},
				"south": {"uv": [3, 8, 5.25, 8.25], "texture": "#2"},
				"west": {"uv": [1, 11, 1.25, 11.25], "texture": "#2"},
				"up": {"uv": [8.25, 8.25, 6, 8], "texture": "#2"},
				"down": {"uv": [2.25, 9, 0, 9.25], "texture": "#2"}
			}
		},
		{
			"from": [4.3, 2.925, 3.05],
			"to": [7.225, 3.2, 3.175],
			"faces": {
				"north": {"uv": [0, 6, 3, 6.25], "texture": "#2"},
				"east": {"uv": [10, 10, 10.25, 10.25], "texture": "#2"},
				"south": {"uv": [3, 6, 6, 6.25], "texture": "#2"},
				"west": {"uv": [0, 11, 0.25, 11.25], "texture": "#2"},
				"up": {"uv": [9, 5.25, 6, 5], "texture": "#2"},
				"down": {"uv": [9, 6, 6, 6.25], "texture": "#2"}
			}
		},
		{
			"from": [4.275, 3.2, 3.025],
			"to": [7.225, 3.475, 3.15],
			"faces": {
				"north": {"uv": [4, 3, 7, 3.25], "texture": "#2"},
				"east": {"uv": [8, 10, 8.25, 10.25], "texture": "#2"},
				"south": {"uv": [4, 4, 7, 4.25], "texture": "#2"},
				"west": {"uv": [9, 10, 9.25, 10.25], "texture": "#2"},
				"up": {"uv": [3, 5.25, 0, 5], "texture": "#2"},
				"down": {"uv": [6, 5, 3, 5.25], "texture": "#2"}
			}
		},
		{
			"from": [4.175, 3.425, 3],
			"to": [7.3, 3.625, 3.125],
			"faces": {
				"north": {"uv": [0, 0, 3.25, 0.25], "texture": "#2"},
				"east": {"uv": [6, 10, 6.25, 10.25], "texture": "#2"},
				"south": {"uv": [0, 1, 3.25, 1.25], "texture": "#2"},
				"west": {"uv": [7, 10, 7.25, 10.25], "texture": "#2"},
				"up": {"uv": [3.25, 2.25, 0, 2], "texture": "#2"},
				"down": {"uv": [3.25, 3, 0, 3.25], "texture": "#2"}
			}
		},
		{
			"from": [8.35, 2.375, 3],
			"to": [10.125, 2.65, 3.125],
			"faces": {
				"north": {"uv": [2, 10, 3.75, 10.25], "texture": "#2"},
				"east": {"uv": [11, 8, 11.25, 8.25], "texture": "#2"},
				"south": {"uv": [10, 3, 11.75, 3.25], "texture": "#2"},
				"west": {"uv": [9, 11, 9.25, 11.25], "texture": "#2"},
				"up": {"uv": [5.75, 10.25, 4, 10], "texture": "#2"},
				"down": {"uv": [11.75, 4, 10, 4.25], "texture": "#2"}
			}
		},
		{
			"from": [8.075, 2.65, 3.025],
			"to": [10.425, 2.925, 3.15],
			"faces": {
				"north": {"uv": [3, 9, 5.25, 9.25], "texture": "#2"},
				"east": {"uv": [11, 7, 11.25, 7.25], "texture": "#2"},
				"south": {"uv": [9, 5, 11.25, 5.25], "texture": "#2"},
				"west": {"uv": [8, 11, 8.25, 11.25], "texture": "#2"},
				"up": {"uv": [8.25, 9.25, 6, 9], "texture": "#2"},
				"down": {"uv": [11.25, 6, 9, 6.25], "texture": "#2"}
			}
		},
		{
			"from": [7.775, 2.925, 3.05],
			"to": [10.7, 3.2, 3.175],
			"faces": {
				"north": {"uv": [6, 7, 9, 7.25], "texture": "#2"},
				"east": {"uv": [6, 11, 6.25, 11.25], "texture": "#2"},
				"south": {"uv": [0, 8, 3, 8.25], "texture": "#2"},
				"west": {"uv": [7, 11, 7.25, 11.25], "texture": "#2"},
				"up": {"uv": [11, 0.25, 8, 0], "texture": "#2"},
				"down": {"uv": [11, 1, 8, 1.25], "texture": "#2"}
			}
		},
		{
			"from": [7.775, 3.2, 3.025],
			"to": [10.725, 3.475, 3.15],
			"faces": {
				"north": {"uv": [0, 7, 3, 7.25], "texture": "#2"},
				"east": {"uv": [4, 11, 4.25, 11.25], "texture": "#2"},
				"south": {"uv": [3, 7, 6, 7.25], "texture": "#2"},
				"west": {"uv": [5, 11, 5.25, 11.25], "texture": "#2"},
				"up": {"uv": [10, 3.25, 7, 3], "texture": "#2"},
				"down": {"uv": [10, 4, 7, 4.25], "texture": "#2"}
			}
		},
		{
			"from": [7.675, 3.425, 3],
			"to": [10.8, 3.625, 3.125],
			"faces": {
				"north": {"uv": [0, 4, 3.25, 4.25], "texture": "#2"},
				"east": {"uv": [11, 2, 11.25, 2.25], "texture": "#2"},
				"south": {"uv": [4, 0, 7.25, 0.25], "texture": "#2"},
				"west": {"uv": [3, 11, 3.25, 11.25], "texture": "#2"},
				"up": {"uv": [7.25, 1.25, 4, 1], "texture": "#2"},
				"down": {"uv": [7.25, 2, 4, 2.25], "texture": "#2"}
			}
		}
	],
	"display": {
		"thirdperson_righthand": {
			"translation": [0, 1.75, 0],
			"scale": [0.5, 0.5, 0.5]
		},
		"thirdperson_lefthand": {
			"translation": [0, 3, 3.25]
		},
		"ground": {
			"translation": [0, 2.25, 3.5]
		},
		"gui": {
			"rotation": [-152.21, 31.38, 174.93],
			"translation": [2, 11, 0],
			"scale": [2.02148, 2.02148, 2.02148]
		},
		"head": {
			"translation": [1, 8.25, 3.75],
			"scale": [2.08789, 2.37305, 2.08789]
		},
		"fixed": {
			"translation": [1.25, 10, 10],
			"scale": [2.26953, 2.26953, 2.26953]
		}
	}
}