{
	"credit": "Made by PolygonMC",
	"textures": {
		"2": "littlepandaset/bamboo_backpack",
		"particle": "littlepandaset/bamboo_backpack"
	},
	"elements": [
		{
			"from": [6.5, -12.46967, 6.5005],
			"to": [9.5, -10.96967, 6.5005],
			"rotation": {"angle": 0, "axis": "y", "origin": [0.5, -17.46967, 0.9005]},
			"faces": {
				"north": {"uv": [11, 0, 14, 1.5], "texture": "#2"},
				"south": {"uv": [11, 2, 14, 3.5], "texture": "#2"}
			}
		},
		{
			"from": [6.5, -9.46967, 6.5005],
			"to": [9.5, -7.96967, 6.5005],
			"rotation": {"angle": 0, "axis": "y", "origin": [0.5, -17.46967, 0.9005]},
			"faces": {
				"north": {"uv": [3, 11, 6, 12.5], "texture": "#2"},
				"south": {"uv": [11, 4, 14, 5.5], "texture": "#2"}
			}
		},
		{
			"from": [6.5, -12.46967, 9.4995],
			"to": [9.5, -10.96967, 9.4995],
			"rotation": {"angle": 0, "axis": "y", "origin": [0.5, -17.46967, 14.9995]},
			"faces": {
				"north": {"uv": [14, 2, 11, 3.5], "texture": "#2"},
				"south": {"uv": [14, 0, 11, 1.5], "texture": "#2"}
			}
		},
		{
			"from": [6.5, -9.46967, 9.4995],
			"to": [9.5, -7.96967, 9.4995],
			"rotation": {"angle": 0, "axis": "y", "origin": [0.5, -17.46967, 14.9995]},
			"faces": {
				"north": {"uv": [14, 4, 11, 5.5], "texture": "#2"},
				"south": {"uv": [6, 11, 3, 12.5], "texture": "#2"}
			}
		},
		{
			"from": [9.499, -12.46967, 6.5005],
			"to": [9.499, -10.96967, 9.5005],
			"rotation": {"angle": 0, "axis": "y", "origin": [9.499, -10.21967, 8.0005]},
			"faces": {
				"east": {"uv": [14, 0, 11, 1.5], "texture": "#2"},
				"west": {"uv": [14, 2, 11, 3.5], "texture": "#2"}
			}
		},
		{
			"from": [9.499, -9.46967, 6.5005],
			"to": [9.499, -7.96967, 9.5005],
			"rotation": {"angle": 0, "axis": "y", "origin": [9.499, -10.21967, 8.0005]},
			"faces": {
				"east": {"uv": [6, 11, 3, 12.5], "texture": "#2"},
				"west": {"uv": [14, 4, 11, 5.5], "texture": "#2"}
			}
		},
		{
			"from": [6.499, -9.46967, 6.5005],
			"to": [6.499, -7.96967, 9.5005],
			"rotation": {"angle": 0, "axis": "y", "origin": [11.249, -10.21967, 8.0005]},
			"faces": {
				"east": {"uv": [6, 11, 3, 12.5], "texture": "#2"},
				"west": {"uv": [14, 4, 11, 5.5], "texture": "#2"}
			}
		},
		{
			"from": [6.499, -12.46967, 6.5005],
			"to": [6.499, -10.96967, 9.5005],
			"rotation": {"angle": 0, "axis": "y", "origin": [11.249, -10.21967, 8.0005]},
			"faces": {
				"east": {"uv": [14, 0, 11, 1.5], "texture": "#2"},
				"west": {"uv": [14, 2, 11, 3.5], "texture": "#2"}
			}
		},
		{
			"from": [7.70711, -13.92678, 6.6],
			"to": [8.70711, -5.92678, 6.6],
			"rotation": {"angle": 45, "axis": "z", "origin": [8.20711, -10.17678, 6.6]},
			"faces": {
				"north": {"uv": [9, 0, 10, 8], "texture": "#2"},
				"south": {"uv": [9, 8, 10, 16], "texture": "#2"},
				"up": {"uv": [1, 0, 0, 0], "texture": "#2"},
				"down": {"uv": [1, 0, 0, 0], "texture": "#2"}
			}
		},
		{
			"from": [7.70711, -13.92678, 4.1],
			"to": [8.70711, -5.92678, 4.1],
			"rotation": {"angle": 45, "axis": "z", "origin": [8.20711, -10.17678, 6.6]},
			"faces": {
				"north": {"uv": [10, 0, 11, 8], "texture": "#2"},
				"east": {"uv": [0, 0, 0, 8], "texture": "#2"},
				"south": {"uv": [10, 8, 11, 16], "texture": "#2"},
				"west": {"uv": [0, 0, 0, 8], "texture": "#2"},
				"up": {"uv": [1, 0, 0, 0], "texture": "#2"},
				"down": {"uv": [1, 0, 0, 0], "texture": "#2"}
			}
		},
		{
			"from": [7.70711, -13.92678, 4.1],
			"to": [8.70711, -13.92678, 6.6],
			"rotation": {"angle": 45, "axis": "z", "origin": [8.20711, -10.17678, 6.6]},
			"faces": {
				"north": {"uv": [0, 0, 1, 0], "texture": "#2"},
				"east": {"uv": [0, 0, 2.5, 0], "texture": "#2"},
				"south": {"uv": [0, 0, 1, 0], "texture": "#2"},
				"west": {"uv": [0, 0, 2.5, 0], "texture": "#2"},
				"up": {"uv": [12, 8.5, 11, 6], "texture": "#2"},
				"down": {"uv": [12, 9, 11, 11.5], "texture": "#2"}
			}
		},
		{
			"from": [7.70711, -5.92678, 4.1],
			"to": [8.70711, -5.92678, 6.6],
			"rotation": {"angle": 45, "axis": "z", "origin": [8.20711, -10.17678, 6.6]},
			"faces": {
				"north": {"uv": [0, 0, 1, 0], "texture": "#2"},
				"east": {"uv": [0, 0, 2.5, 0], "texture": "#2"},
				"south": {"uv": [0, 0, 1, 0], "texture": "#2"},
				"west": {"uv": [0, 0, 2.5, 0], "texture": "#2"},
				"up": {"uv": [13, 8.5, 12, 6], "texture": "#2"},
				"down": {"uv": [13, 9, 12, 11.5], "texture": "#2"}
			}
		},
		{
			"from": [6.6, -14, 6.525],
			"to": [9.4, -6, 9.475],
			"rotation": {"angle": 0, "axis": "y", "origin": [6.5, -14, 0]},
			"faces": {
				"north": {"uv": [0, 0, 3, 8], "texture": "#2"},
				"east": {"uv": [3, 0, 0, 8], "texture": "#2"},
				"south": {"uv": [0, 0, 3, 8], "texture": "#2"},
				"west": {"uv": [3, 0, 0, 8], "texture": "#2"},
				"up": {"uv": [6, 11, 3, 8], "texture": "#2"},
				"down": {"uv": [9, 8, 6, 11], "texture": "#2"}
			}
		},
		{
			"from": [9.20417, -7.46757, 7.985],
			"to": [12.20417, -5.96757, 8.015],
			"rotation": {"angle": 22.5, "axis": "z", "origin": [10.70417, -6.71757, 8]},
			"faces": {
				"north": {"uv": [6, 11, 9, 12.5], "texture": "#2"},
				"south": {"uv": [9, 11, 6, 12.5], "texture": "#2"}
			}
		},
		{
			"from": [3.675, -13.2, 7.985],
			"to": [6.675, -11.7, 8.015],
			"rotation": {"angle": -22.5, "axis": "z", "origin": [4.5, -12.9, 8]},
			"faces": {
				"north": {"uv": [9, 11, 6, 12.5], "texture": "#2"},
				"south": {"uv": [6, 11, 9, 12.5], "texture": "#2"}
			}
		}
	],
	"gui_light": "front",
	"display": {
		"thirdperson_righthand": {
			"rotation": [-119.75, 0, -180],
			"translation": [0, 1, -2.25],
			"scale": [1.44727, 1.44727, 1.44727]
		},
		"thirdperson_lefthand": {
			"rotation": [67.26, -0.09, 14.75],
			"translation": [-5.75, -7.75, 9.5],
			"scale": [1.88281, 1.88281, 1.88281]
		},
		"firstperson_righthand": {
			"rotation": [154, 0, 180],
			"translation": [0, 1.75, 0],
			"scale": [1.66797, 1.66797, 1.66797]
		},
		"firstperson_lefthand": {
			"scale": [0, 0, 0]
		},
		"ground": {
			"rotation": [-45, 0, 0],
			"translation": [0, 11.75, 0],
			"scale": [1.9082, 1.9082, 1.9082]
		},
		"gui": {
			"rotation": [-180, 27.25, -180],
			"translation": [1, 0, 0],
			"scale": [1.96094, 1.96094, 1.96094]
		},
		"head": {
			"rotation": [0, 0, -14.5],
			"translation": [14.25, -56.5, 8],
			"scale": [3.02344, 3.02344, 3.02344]
		},
		"fixed": {
			"rotation": [-111, 0, 0],
			"translation": [0, 1, -16.75],
			"scale": [4, 4, 4]
		}
	}
}