{
	"credit": "Made by PolygonMC",
	"texture_size": [32, 32],
	"textures": {
		"1": "littlepandaset/greatsword",
		"particle": "littlepandaset/greatsword"
	},
	"elements": [
		{
			"from": [7.5, 1, 7.5],
			"to": [8.5, 2, 8.5],
			"rotation": {"angle": 0, "axis": "y", "origin": [6.5, 0, 7.5]},
			"faces": {
				"north": {"uv": [11, 0, 11.5, 0.5], "texture": "#1"},
				"east": {"uv": [0.5, 11, 1, 11.5], "texture": "#1"},
				"south": {"uv": [11, 0.5, 11.5, 1], "texture": "#1"},
				"west": {"uv": [1, 11, 1.5, 11.5], "texture": "#1"},
				"up": {"uv": [11.5, 1.5, 11, 1], "texture": "#1"},
				"down": {"uv": [2, 11, 1.5, 11.5], "texture": "#1"}
			}
		},
		{
			"from": [7.5, 2.5, 7.5],
			"to": [8.5, 7.5, 8.5],
			"rotation": {"angle": 0, "axis": "y", "origin": [6.5, 0, 7.5]},
			"faces": {
				"north": {"uv": [6.5, 4.5, 7, 7], "texture": "#1"},
				"east": {"uv": [7, 4.5, 7.5, 7], "texture": "#1"},
				"south": {"uv": [6.5, 7, 7, 9.5], "texture": "#1"},
				"west": {"uv": [7, 7, 7.5, 9.5], "texture": "#1"}
			}
		},
		{
			"from": [7.35, 2, 7.35],
			"to": [8.65, 2.5, 8.65],
			"rotation": {"angle": 0, "axis": "y", "origin": [6.5, 0, 7.5]},
			"faces": {
				"north": {"uv": [11, 5, 11.75, 5.25], "texture": "#1"},
				"east": {"uv": [11, 5.5, 11.75, 5.75], "texture": "#1"},
				"south": {"uv": [11, 6, 11.75, 6.25], "texture": "#1"},
				"west": {"uv": [11, 6.5, 11.75, 6.75], "texture": "#1"},
				"up": {"uv": [10.75, 0.75, 10, 0], "texture": "#1"},
				"down": {"uv": [10.75, 1, 10, 1.75], "texture": "#1"}
			}
		},
		{
			"from": [7.35, 6.5, 7.35],
			"to": [8.65, 7, 8.65],
			"rotation": {"angle": 0, "axis": "y", "origin": [6.5, -1, 7.5]},
			"faces": {
				"north": {"uv": [11, 7, 11.75, 7.25], "texture": "#1"},
				"east": {"uv": [7.5, 11, 8.25, 11.25], "texture": "#1"},
				"south": {"uv": [11, 7.5, 11.75, 7.75], "texture": "#1"},
				"west": {"uv": [11, 8, 11.75, 8.25], "texture": "#1"},
				"up": {"uv": [10.75, 2.75, 10, 2], "texture": "#1"},
				"down": {"uv": [3.25, 10, 2.5, 10.75], "texture": "#1"}
			}
		},
		{
			"from": [7.35, 3, 7.35],
			"to": [8.65, 6, 8.65],
			"rotation": {"angle": 0, "axis": "y", "origin": [6.5, 0, 7.5]},
			"faces": {
				"north": {"uv": [7.5, 0, 8.25, 1.5], "texture": "#1"},
				"east": {"uv": [7.5, 1.5, 8.25, 3], "texture": "#1"},
				"south": {"uv": [7.5, 3, 8.25, 4.5], "texture": "#1"},
				"west": {"uv": [7.5, 4.5, 8.25, 6], "texture": "#1"},
				"up": {"uv": [10.75, 3.75, 10, 3], "texture": "#1"},
				"down": {"uv": [4.25, 10, 3.5, 10.75], "texture": "#1"}
			}
		},
		{
			"from": [7.75, 0, 7.25],
			"to": [8.25, 1.5, 8.75],
			"rotation": {"angle": -45, "axis": "x", "origin": [8, 0.75, 8]},
			"faces": {
				"north": {"uv": [11, 8.5, 11.25, 9.25], "texture": "#1"},
				"east": {"uv": [10, 4, 10.75, 4.75], "texture": "#1"},
				"south": {"uv": [9.5, 11, 9.75, 11.75], "texture": "#1"},
				"west": {"uv": [4.5, 10, 5.25, 10.75], "texture": "#1"},
				"up": {"uv": [11.25, 10.25, 11, 9.5], "texture": "#1"},
				"down": {"uv": [10.25, 11, 10, 11.75], "texture": "#1"}
			}
		},
		{
			"from": [6, 7.5, 6],
			"to": [10, 11.5, 10],
			"rotation": {"angle": 0, "axis": "y", "origin": [6.5, 8, 6.5]},
			"faces": {
				"north": {"uv": [2.5, 0, 4.5, 2], "texture": "#1"},
				"east": {"uv": [2.5, 2, 4.5, 4], "texture": "#1"},
				"south": {"uv": [2.5, 4, 4.5, 6], "texture": "#1"},
				"west": {"uv": [4.5, 0, 6.5, 2], "texture": "#1"},
				"up": {"uv": [6.5, 4, 4.5, 2], "texture": "#1"},
				"down": {"uv": [6.5, 4, 4.5, 6], "texture": "#1"}
			}
		},
		{
			"from": [7, 7.5, 5],
			"to": [9, 9, 6],
			"rotation": {"angle": 0, "axis": "y", "origin": [6.5, 8, 2.5]},
			"faces": {
				"north": {"uv": [9, 5, 10, 5.75], "texture": "#1"},
				"east": {"uv": [7, 10.5, 7.5, 11.25], "texture": "#1"},
				"west": {"uv": [10.5, 9, 11, 9.75], "texture": "#1"},
				"up": {"uv": [1, 11, 0, 10.5], "texture": "#1"},
				"down": {"uv": [2, 10.5, 1, 11], "texture": "#1"}
			}
		},
		{
			"from": [9, 11, 7.75],
			"to": [11, 12.5, 8.25],
			"rotation": {"angle": 0, "axis": "y", "origin": [9, 11, 7.75]},
			"faces": {
				"north": {"uv": [9, 6, 10, 6.75], "texture": "#1"},
				"east": {"uv": [10.5, 11, 10.75, 11.75], "texture": "#1"},
				"south": {"uv": [9, 7, 10, 7.75], "texture": "#1"},
				"west": {"uv": [11, 10.5, 11.25, 11.25], "texture": "#1"},
				"up": {"uv": [12, 1.75, 11, 1.5], "texture": "#1"},
				"down": {"uv": [12, 2, 11, 2.25], "texture": "#1"}
			}
		},
		{
			"from": [5, 11, 7.75],
			"to": [7, 12.5, 8.25],
			"rotation": {"angle": 0, "axis": "y", "origin": [7, 11, 7.75]},
			"faces": {
				"north": {"uv": [7.5, 9, 8.5, 9.75], "texture": "#1"},
				"east": {"uv": [11.5, 0, 11.75, 0.75], "texture": "#1"},
				"south": {"uv": [9, 8, 10, 8.75], "texture": "#1"},
				"west": {"uv": [0.5, 11.5, 0.75, 12.25], "texture": "#1"},
				"up": {"uv": [3.5, 11.25, 2.5, 11], "texture": "#1"},
				"down": {"uv": [12, 2.5, 11, 2.75], "texture": "#1"}
			}
		},
		{
			"from": [7.75, 11.5, 6.75],
			"to": [8.25, 17.5, 9.25],
			"rotation": {"angle": 0, "axis": "y", "origin": [7.75, 11.5, 6.5]},
			"faces": {
				"north": {"uv": [8.5, 9, 8.75, 12], "texture": "#1"},
				"east": {"uv": [2.5, 6, 3.75, 9], "texture": "#1"},
				"south": {"uv": [9, 9, 9.25, 12], "texture": "#1"},
				"west": {"uv": [4, 6, 5.25, 9], "texture": "#1"}
			}
		},
		{
			"from": [7.985, 11.5, 4.75],
			"to": [8.015, 32, 9.95],
			"rotation": {"angle": 0, "axis": "y", "origin": [7.735, 11.5, 6.75]},
			"faces": {
				"east": {"uv": [2.5, 0, 0, 10.25], "texture": "#1"},
				"west": {"uv": [0, 0, 2.5, 10.25], "texture": "#1"}
			}
		},
		{
			"from": [7.75, 17.5, 7.75511],
			"to": [8.25, 26, 9.25511],
			"rotation": {"angle": 0, "axis": "y", "origin": [7.75, 17, 7.00511]},
			"faces": {
				"north": {"uv": [8.5, 0, 8.75, 4.25], "texture": "#1"},
				"east": {"uv": [5.5, 6, 6.25, 10.25], "texture": "#1"},
				"south": {"uv": [8.5, 4.5, 8.75, 8.75], "texture": "#1"},
				"west": {"uv": [6.5, 0, 7.25, 4.25], "texture": "#1"},
				"up": {"uv": [1.25, 12.25, 1, 11.5], "texture": "#1"}
			}
		},
		{
			"from": [7.5, 11.5, 7.25],
			"to": [8.5, 13.5, 8.75],
			"rotation": {"angle": 0, "axis": "y", "origin": [7.75, 11.5, 6.5]},
			"faces": {
				"north": {"uv": [2, 10.5, 2.5, 11.5], "texture": "#1"},
				"east": {"uv": [6.5, 9.5, 7.25, 10.5], "texture": "#1"},
				"south": {"uv": [5.5, 10.5, 6, 11.5], "texture": "#1"},
				"west": {"uv": [9.5, 9, 10.25, 10], "texture": "#1"},
				"up": {"uv": [11, 10.75, 10.5, 10], "texture": "#1"},
				"down": {"uv": [0.5, 11, 0, 11.75], "texture": "#1"}
			}
		},
		{
			"from": [7.7475, 16.86621, 7.725],
			"to": [8.2525, 18.64121, 9.5],
			"rotation": {"angle": 45, "axis": "x", "origin": [7.9975, 18.36621, 8]},
			"faces": {
				"north": {"uv": [11, 3, 11.25, 4], "texture": "#1"},
				"east": {"uv": [9, 0, 10, 1], "texture": "#1"},
				"south": {"uv": [3.5, 11, 3.75, 12], "texture": "#1"},
				"west": {"uv": [9, 1, 10, 2], "texture": "#1"},
				"up": {"uv": [4.25, 12, 4, 11], "texture": "#1"},
				"down": {"uv": [11.25, 4, 11, 5], "texture": "#1"}
			}
		},
		{
			"from": [7.7475, 25.86118, 8.94025],
			"to": [8.2525, 27.92618, 10.00525],
			"rotation": {"angle": 45, "axis": "x", "origin": [7.9975, 27.36118, 8.51525]},
			"faces": {
				"north": {"uv": [4.5, 11, 4.75, 12], "texture": "#1"},
				"east": {"uv": [6, 10.5, 6.5, 11.5], "texture": "#1"},
				"south": {"uv": [5, 11, 5.25, 12], "texture": "#1"},
				"west": {"uv": [6.5, 10.5, 7, 11.5], "texture": "#1"},
				"up": {"uv": [11.75, 4, 11.5, 3.5], "texture": "#1"},
				"down": {"uv": [11.75, 4, 11.5, 4.5], "texture": "#1"}
			}
		},
		{
			"from": [7, -2.22976, 3.87392],
			"to": [9, -0.22976, 5.87392],
			"rotation": {"angle": 22.5, "axis": "x", "origin": [8, -0.06726, 4.87392]},
			"faces": {
				"north": {"uv": [9, 2, 10, 3], "texture": "#1"},
				"east": {"uv": [2.5, 9, 3.5, 10], "texture": "#1"},
				"south": {"uv": [9, 3, 10, 4], "texture": "#1"},
				"west": {"uv": [3.5, 9, 4.5, 10], "texture": "#1"},
				"up": {"uv": [10, 5, 9, 4], "texture": "#1"},
				"down": {"uv": [5.5, 9, 4.5, 10], "texture": "#1"}
			}
		},
		{
			"from": [7.3, -0.22976, 4.17392],
			"to": [8.7, 0.27024, 5.57392],
			"rotation": {"angle": 22.5, "axis": "x", "origin": [8, -0.06726, 4.87392]},
			"faces": {
				"north": {"uv": [11.5, 1, 12.25, 1.25], "texture": "#1"},
				"east": {"uv": [1.5, 11.5, 2.25, 11.75], "texture": "#1"},
				"south": {"uv": [2.5, 11.5, 3.25, 11.75], "texture": "#1"},
				"west": {"uv": [11.5, 3, 12.25, 3.25], "texture": "#1"}
			}
		},
		{
			"from": [7.2, 0.27024, 4.07392],
			"to": [8.8, 1.92024, 5.67392],
			"rotation": {"angle": 22.5, "axis": "x", "origin": [8, -0.06726, 4.87392]},
			"faces": {
				"north": {"uv": [10, 5, 10.75, 5.75], "texture": "#1"},
				"east": {"uv": [10, 6, 10.75, 6.75], "texture": "#1"},
				"south": {"uv": [10, 7, 10.75, 7.75], "texture": "#1"},
				"west": {"uv": [7.5, 10, 8.25, 10.75], "texture": "#1"},
				"up": {"uv": [10.75, 8.75, 10, 8], "texture": "#1"},
				"down": {"uv": [10.25, 10, 9.5, 10.75], "texture": "#1"}
			}
		},
		{
			"from": [7.25, 0.275, 5.35],
			"to": [8.75, 0.305, 8.35],
			"rotation": {"angle": -22.5, "axis": "x", "origin": [8, 0.275, 6.85]},
			"faces": {
				"up": {"uv": [8.25, 7.5, 7.5, 6], "texture": "#1"},
				"down": {"uv": [8.25, 7.5, 7.5, 9], "texture": "#1"}
			}
		}
	],
	"gui_light": "front",
	"display": {
		"thirdperson_righthand": {
			"translation": [0, 1.5, 1]
		},
		"firstperson_righthand": {
			"rotation": [-10, 0, 0]
		},
		"firstperson_lefthand": {
			"rotation": [-10, 0, 0]
		},
		"ground": {
			"rotation": [-45, 0, 0],
			"translation": [0, 10.5, 0]
		},
		"gui": {
			"rotation": [-90, 45, 90],
			"translation": [3.75, -4, 0],
			"scale": [0.72852, 0.72852, 0.72852]
		},
		"head": {
			"rotation": [90, -90, 90]
		},
		"fixed": {
			"rotation": [90, -90, 90],
			"translation": [0, -12.5, -1],
			"scale": [2, 2, 2]
		}
	}
}