{
	"credit": "Made by PolygonMC",
	"texture_size": [32, 32],
	"textures": {
		"1": "littlepandaset/scythe",
		"particle": "littlepandaset/scythe"
	},
	"elements": [
		{
			"from": [7.5, 1, 7.5],
			"to": [8.5, 2, 8.5],
			"rotation": {"angle": 0, "axis": "y", "origin": [6.5, 0, 7.5]},
			"faces": {
				"north": {"uv": [7.5, 2.5, 8, 3], "texture": "#1"},
				"east": {"uv": [9, 6.5, 9.5, 7], "texture": "#1"},
				"south": {"uv": [11.5, 10, 12, 10.5], "texture": "#1"},
				"west": {"uv": [2, 12, 2.5, 12.5], "texture": "#1"},
				"up": {"uv": [12.5, 5.5, 12, 5], "texture": "#1"},
				"down": {"uv": [13, 0, 12.5, 0.5], "texture": "#1"}
			}
		},
		{
			"from": [7.5, 2.5, 7.5],
			"to": [8.5, 7.5, 8.5],
			"rotation": {"angle": 0, "axis": "y", "origin": [6.5, 0, 7.5]},
			"faces": {
				"north": {"uv": [7.5, 0, 8, 2.5], "texture": "#1"},
				"east": {"uv": [4, 9, 4.5, 11.5], "texture": "#1"},
				"south": {"uv": [9, 4, 9.5, 6.5], "texture": "#1"},
				"west": {"uv": [4.5, 9, 5, 11.5], "texture": "#1"}
			}
		},
		{
			"from": [7.35, 2, 7.35],
			"to": [8.65, 2.5, 8.65],
			"rotation": {"angle": 0, "axis": "y", "origin": [6.5, 0, 7.5]},
			"faces": {
				"north": {"uv": [13.5, 5.5, 14.25, 5.75], "texture": "#1"},
				"east": {"uv": [6, 13.5, 6.75, 13.75], "texture": "#1"},
				"south": {"uv": [13.5, 6, 14.25, 6.25], "texture": "#1"},
				"west": {"uv": [13.5, 6.5, 14.25, 6.75], "texture": "#1"},
				"up": {"uv": [11.25, 12.25, 10.5, 11.5], "texture": "#1"},
				"down": {"uv": [12.25, 11.5, 11.5, 12.25], "texture": "#1"}
			}
		},
		{
			"from": [7.35, 6.5, 7.35],
			"to": [8.65, 7, 8.65],
			"rotation": {"angle": 0, "axis": "y", "origin": [6.5, -1, 7.5]},
			"faces": {
				"north": {"uv": [7, 13.5, 7.75, 13.75], "texture": "#1"},
				"east": {"uv": [9, 13.5, 9.75, 13.75], "texture": "#1"},
				"south": {"uv": [13.5, 9, 14.25, 9.25], "texture": "#1"},
				"west": {"uv": [13.5, 9.5, 14.25, 9.75], "texture": "#1"},
				"up": {"uv": [0.75, 12.75, 0, 12], "texture": "#1"},
				"down": {"uv": [1.75, 12, 1, 12.75], "texture": "#1"}
			}
		},
		{
			"from": [7.35, 3, 7.35],
			"to": [8.65, 6, 8.65],
			"rotation": {"angle": 0, "axis": "y", "origin": [6.5, 0, 7.5]},
			"faces": {
				"north": {"uv": [9.5, 0.5, 10.25, 2], "texture": "#1"},
				"east": {"uv": [1, 9.5, 1.75, 11], "texture": "#1"},
				"south": {"uv": [2, 9.5, 2.75, 11], "texture": "#1"},
				"west": {"uv": [9.5, 2, 10.25, 3.5], "texture": "#1"},
				"up": {"uv": [12.75, 4.75, 12, 4], "texture": "#1"},
				"down": {"uv": [12.75, 8.5, 12, 9.25], "texture": "#1"}
			}
		},
		{
			"from": [7.75, 0, 7.25],
			"to": [8.25, 1.5, 8.75],
			"rotation": {"angle": -45, "axis": "x", "origin": [8, 0.75, 8]},
			"faces": {
				"north": {"uv": [8, 13.5, 8.25, 14.25], "texture": "#1"},
				"east": {"uv": [12, 9.5, 12.75, 10.25], "texture": "#1"},
				"south": {"uv": [10, 13.5, 10.25, 14.25], "texture": "#1"},
				"west": {"uv": [12, 10.5, 12.75, 11.25], "texture": "#1"},
				"up": {"uv": [13.75, 10.75, 13.5, 10], "texture": "#1"},
				"down": {"uv": [10.75, 13.5, 10.5, 14.25], "texture": "#1"}
			}
		},
		{
			"from": [7.5, 13.5, 7.5],
			"to": [8.5, 14.5, 8.5],
			"rotation": {"angle": 0, "axis": "y", "origin": [6.5, -8, 7.5]},
			"faces": {
				"north": {"uv": [12.5, 3.5, 13, 4], "texture": "#1"},
				"east": {"uv": [12.5, 7, 13, 7.5], "texture": "#1"},
				"south": {"uv": [13, 10, 13.5, 10.5], "texture": "#1"},
				"west": {"uv": [13, 10.5, 13.5, 11], "texture": "#1"},
				"up": {"uv": [13.5, 11.5, 13, 11], "texture": "#1"},
				"down": {"uv": [13.5, 12.5, 13, 13], "texture": "#1"}
			}
		},
		{
			"from": [7.5, 15, 7.5],
			"to": [8.5, 20, 8.5],
			"rotation": {"angle": 0, "axis": "y", "origin": [6.5, -8, 7.5]},
			"faces": {
				"north": {"uv": [5, 9, 5.5, 11.5], "texture": "#1"},
				"east": {"uv": [5.5, 9, 6, 11.5], "texture": "#1"},
				"south": {"uv": [0, 9.5, 0.5, 12], "texture": "#1"},
				"west": {"uv": [0.5, 9.5, 1, 12], "texture": "#1"}
			}
		},
		{
			"from": [7.35, 14.5, 7.35],
			"to": [8.65, 15, 8.65],
			"rotation": {"angle": 0, "axis": "y", "origin": [6.5, -8, 7.5]},
			"faces": {
				"north": {"uv": [11, 13.5, 11.75, 13.75], "texture": "#1"},
				"east": {"uv": [13.5, 11, 14.25, 11.25], "texture": "#1"},
				"south": {"uv": [13.5, 11.5, 14.25, 11.75], "texture": "#1"},
				"west": {"uv": [12, 13.5, 12.75, 13.75], "texture": "#1"},
				"up": {"uv": [2.75, 13.25, 2, 12.5], "texture": "#1"},
				"down": {"uv": [13.25, 2.5, 12.5, 3.25], "texture": "#1"}
			}
		},
		{
			"from": [7.35, 19, 7.35],
			"to": [8.65, 19.5, 8.65],
			"rotation": {"angle": 0, "axis": "y", "origin": [6.5, -9, 7.5]},
			"faces": {
				"north": {"uv": [13.5, 12, 14.25, 12.25], "texture": "#1"},
				"east": {"uv": [13.5, 12.5, 14.25, 12.75], "texture": "#1"},
				"south": {"uv": [13, 13.5, 13.75, 13.75], "texture": "#1"},
				"west": {"uv": [13.5, 13, 14.25, 13.25], "texture": "#1"},
				"up": {"uv": [3.75, 13.25, 3, 12.5], "texture": "#1"},
				"down": {"uv": [13.25, 5, 12.5, 5.75], "texture": "#1"}
			}
		},
		{
			"from": [7.35, 15.5, 7.35],
			"to": [8.65, 18.5, 8.65],
			"rotation": {"angle": 0, "axis": "y", "origin": [6.5, -8, 7.5]},
			"faces": {
				"north": {"uv": [9.5, 3.5, 10.25, 5], "texture": "#1"},
				"east": {"uv": [9.5, 5, 10.25, 6.5], "texture": "#1"},
				"south": {"uv": [9.5, 6.5, 10.25, 8], "texture": "#1"},
				"west": {"uv": [9.5, 8, 10.25, 9.5], "texture": "#1"},
				"up": {"uv": [6.25, 13.25, 5.5, 12.5], "texture": "#1"},
				"down": {"uv": [13.25, 6, 12.5, 6.75], "texture": "#1"}
			}
		},
		{
			"from": [7, -2.22976, 3.87392],
			"to": [9, -0.22976, 5.87392],
			"rotation": {"angle": 22.5, "axis": "x", "origin": [8, -0.06726, 4.87392]},
			"faces": {
				"north": {"uv": [6, 10.5, 7, 11.5], "texture": "#1"},
				"east": {"uv": [10.5, 6.5, 11.5, 7.5], "texture": "#1"},
				"south": {"uv": [7, 10.5, 8, 11.5], "texture": "#1"},
				"west": {"uv": [10.5, 7.5, 11.5, 8.5], "texture": "#1"},
				"up": {"uv": [11.5, 9.5, 10.5, 8.5], "texture": "#1"},
				"down": {"uv": [11.5, 9.5, 10.5, 10.5], "texture": "#1"}
			}
		},
		{
			"from": [7.3, -0.22976, 4.17392],
			"to": [8.7, 0.27024, 5.57392],
			"rotation": {"angle": 22.5, "axis": "x", "origin": [8, -0.06726, 4.87392]},
			"faces": {
				"north": {"uv": [0, 14, 0.75, 14.25], "texture": "#1"},
				"east": {"uv": [14, 0, 14.75, 0.25], "texture": "#1"},
				"south": {"uv": [14, 0.5, 14.75, 0.75], "texture": "#1"},
				"west": {"uv": [1, 14, 1.75, 14.25], "texture": "#1"}
			}
		},
		{
			"from": [7.2, 0.27024, 4.07392],
			"to": [8.8, 1.92024, 5.67392],
			"rotation": {"angle": 22.5, "axis": "x", "origin": [8, -0.06726, 4.87392]},
			"faces": {
				"north": {"uv": [6.5, 12.5, 7.25, 13.25], "texture": "#1"},
				"east": {"uv": [7.5, 12.5, 8.25, 13.25], "texture": "#1"},
				"south": {"uv": [9, 12.5, 9.75, 13.25], "texture": "#1"},
				"west": {"uv": [10, 12.5, 10.75, 13.25], "texture": "#1"},
				"up": {"uv": [11.75, 13.25, 11, 12.5], "texture": "#1"},
				"down": {"uv": [13.25, 11.5, 12.5, 12.25], "texture": "#1"}
			}
		},
		{
			"from": [7.25, 0.275, 5.35],
			"to": [8.75, 0.305, 8.35],
			"rotation": {"angle": -22.5, "axis": "x", "origin": [8, 0.275, 6.85]},
			"faces": {
				"up": {"uv": [10.25, 11, 9.5, 9.5], "texture": "#1"},
				"down": {"uv": [8.75, 10, 8, 11.5], "texture": "#1"}
			}
		},
		{
			"from": [7.25, 7.5, 7.25],
			"to": [8.75, 14, 8.75],
			"rotation": {"angle": 0, "axis": "y", "origin": [7.5, 7.5, 7.5]},
			"faces": {
				"north": {"uv": [6, 7, 6.75, 10.25], "texture": "#1"},
				"east": {"uv": [7, 7, 7.75, 10.25], "texture": "#1"},
				"south": {"uv": [8, 0, 8.75, 3.25], "texture": "#1"},
				"west": {"uv": [8, 3.5, 8.75, 6.75], "texture": "#1"},
				"up": {"uv": [12.75, 13.25, 12, 12.5], "texture": "#1"},
				"down": {"uv": [0.75, 13, 0, 13.75], "texture": "#1"}
			}
		},
		{
			"from": [7.5, 23, 7.5],
			"to": [8.5, 26, 8.5],
			"rotation": {"angle": 0, "axis": "y", "origin": [7.5, 23, 7.5]},
			"faces": {
				"north": {"uv": [3, 9.5, 3.5, 11], "texture": "#1"},
				"east": {"uv": [10, 11, 10.5, 12.5], "texture": "#1"},
				"south": {"uv": [11.5, 4, 12, 5.5], "texture": "#1"},
				"west": {"uv": [5, 11.5, 5.5, 13], "texture": "#1"},
				"up": {"uv": [13.5, 13.5, 13, 13], "texture": "#1"}
			}
		},
		{
			"from": [7.985, 23, 6.25],
			"to": [8.015, 31, 9.75],
			"rotation": {"angle": 0, "axis": "y", "origin": [8, 27, 8]},
			"faces": {
				"east": {"uv": [0, 3, 1.75, 7], "texture": "#1"},
				"west": {"uv": [0, 3, 1.75, 7], "texture": "#1"}
			}
		},
		{
			"from": [7.25, 20, 7.25],
			"to": [8.75, 23, 8.75],
			"rotation": {"angle": 0, "axis": "y", "origin": [6.5, 20, 6.5]},
			"faces": {
				"north": {"uv": [10.5, 0.5, 11.25, 2], "texture": "#1"},
				"east": {"uv": [10.5, 2, 11.25, 3.5], "texture": "#1"},
				"south": {"uv": [10.5, 3.5, 11.25, 5], "texture": "#1"},
				"west": {"uv": [10.5, 5, 11.25, 6.5], "texture": "#1"},
				"up": {"uv": [13.75, 0.75, 13, 0], "texture": "#1"},
				"down": {"uv": [1.75, 13, 1, 13.75], "texture": "#1"}
			}
		},
		{
			"from": [4.75, 18.5, 9.94174],
			"to": [8.75, 22.5, 13.94174],
			"rotation": {"angle": 45, "axis": "y", "origin": [6.75, 21, 10.69174]},
			"faces": {
				"north": {"uv": [2, 3, 4, 5], "texture": "#1"},
				"east": {"uv": [4, 3, 6, 5], "texture": "#1"},
				"south": {"uv": [2, 5, 4, 7], "texture": "#1"},
				"west": {"uv": [4, 5, 6, 7], "texture": "#1"},
				"up": {"uv": [8, 5, 6, 3], "texture": "#1"},
				"down": {"uv": [8, 5, 6, 7], "texture": "#1"}
			}
		},
		{
			"from": [5.75, 18.5, 8.94174],
			"to": [7.75, 20, 9.94174],
			"rotation": {"angle": 45, "axis": "y", "origin": [6.75, 21, 10.69174]},
			"faces": {
				"north": {"uv": [5.5, 11.5, 6.5, 12.25], "texture": "#1"},
				"east": {"uv": [8.5, 13, 9, 13.75], "texture": "#1"},
				"west": {"uv": [13, 9, 13.5, 9.75], "texture": "#1"},
				"up": {"uv": [14, 2.5, 13, 2], "texture": "#1"},
				"down": {"uv": [14, 4.5, 13, 5], "texture": "#1"}
			}
		},
		{
			"from": [7.75, 22, 11.69174],
			"to": [9.75, 23.5, 12.19174],
			"rotation": {"angle": 45, "axis": "y", "origin": [6.75, 21, 10.69174]},
			"faces": {
				"north": {"uv": [11.5, 5.5, 12.5, 6.25], "texture": "#1"},
				"east": {"uv": [14, 1, 14.25, 1.75], "texture": "#1"},
				"south": {"uv": [6.5, 11.5, 7.5, 12.25], "texture": "#1"},
				"west": {"uv": [2, 14, 2.25, 14.75], "texture": "#1"},
				"up": {"uv": [3, 13.75, 2, 13.5], "texture": "#1"},
				"down": {"uv": [14.5, 2.5, 13.5, 2.75], "texture": "#1"}
			}
		},
		{
			"from": [3.75, 22, 11.69174],
			"to": [5.75, 23.5, 12.19174],
			"rotation": {"angle": 45, "axis": "y", "origin": [6.75, 21, 10.69174]},
			"faces": {
				"north": {"uv": [11.5, 6.5, 12.5, 7.25], "texture": "#1"},
				"east": {"uv": [2.5, 14, 2.75, 14.75], "texture": "#1"},
				"south": {"uv": [7.5, 11.5, 8.5, 12.25], "texture": "#1"},
				"west": {"uv": [3, 14, 3.25, 14.75], "texture": "#1"},
				"up": {"uv": [4, 13.75, 3, 13.5], "texture": "#1"},
				"down": {"uv": [14.5, 3, 13.5, 3.25], "texture": "#1"}
			}
		},
		{
			"from": [6.5, 14.52224, 10.15276],
			"to": [9.5, 18.52224, 13.15276],
			"rotation": {"angle": 0, "axis": "x", "origin": [7.10702, 21.27224, 18.75]},
			"faces": {
				"north": {"uv": [0, 7, 1.5, 9], "texture": "#1"},
				"east": {"uv": [1.5, 7, 3, 9], "texture": "#1"},
				"south": {"uv": [3, 7, 4.5, 9], "texture": "#1"},
				"west": {"uv": [4.5, 7, 6, 9], "texture": "#1"},
				"up": {"uv": [9.5, 8.5, 8, 7], "texture": "#1"},
				"down": {"uv": [9.5, 8.5, 8, 10], "texture": "#1"}
			}
		},
		{
			"from": [5.71404, 14.27224, 8.34724],
			"to": [7.21404, 15.77224, 10.84724],
			"rotation": {"angle": -22.5, "axis": "y", "origin": [6.46404, 16.27224, 9.59724]},
			"faces": {
				"north": {"uv": [13, 1, 13.75, 1.75], "texture": "#1"},
				"east": {"uv": [10.5, 10.5, 11.75, 11.25], "texture": "#1"},
				"south": {"uv": [13, 3.5, 13.75, 4.25], "texture": "#1"},
				"west": {"uv": [1, 11, 2.25, 11.75], "texture": "#1"},
				"up": {"uv": [3.25, 12.25, 2.5, 11], "texture": "#1"},
				"down": {"uv": [9.75, 11, 9, 12.25], "texture": "#1"}
			}
		},
		{
			"from": [5.71404, 16.77224, 8.34724],
			"to": [7.21404, 18.27224, 10.84724],
			"rotation": {"angle": -22.5, "axis": "y", "origin": [6.46404, 16.27224, 9.59724]},
			"faces": {
				"north": {"uv": [4, 13, 4.75, 13.75], "texture": "#1"},
				"east": {"uv": [11.5, 0.5, 12.75, 1.25], "texture": "#1"},
				"south": {"uv": [13, 7, 13.75, 7.75], "texture": "#1"},
				"west": {"uv": [11.5, 1.5, 12.75, 2.25], "texture": "#1"},
				"up": {"uv": [12.25, 3.75, 11.5, 2.5], "texture": "#1"},
				"down": {"uv": [4.75, 11.5, 4, 12.75], "texture": "#1"}
			}
		},
		{
			"from": [8.78596, 16.77224, 8.34724],
			"to": [10.28596, 18.27224, 10.84724],
			"rotation": {"angle": 22.5, "axis": "y", "origin": [9.53596, 16.27224, 9.59724]},
			"faces": {
				"north": {"uv": [4.75, 13, 4, 13.75], "texture": "#1"},
				"east": {"uv": [12.75, 1.5, 11.5, 2.25], "texture": "#1"},
				"south": {"uv": [13.75, 7, 13, 7.75], "texture": "#1"},
				"west": {"uv": [12.75, 0.5, 11.5, 1.25], "texture": "#1"},
				"up": {"uv": [11.5, 3.75, 12.25, 2.5], "texture": "#1"},
				"down": {"uv": [4, 11.5, 4.75, 12.75], "texture": "#1"}
			}
		},
		{
			"from": [8.78596, 14.27224, 8.34724],
			"to": [10.28596, 15.77224, 10.84724],
			"rotation": {"angle": 22.5, "axis": "y", "origin": [9.53596, 16.27224, 9.59724]},
			"faces": {
				"north": {"uv": [13.75, 1, 13, 1.75], "texture": "#1"},
				"east": {"uv": [2.25, 11, 1, 11.75], "texture": "#1"},
				"south": {"uv": [13.75, 3.5, 13, 4.25], "texture": "#1"},
				"west": {"uv": [11.75, 10.5, 10.5, 11.25], "texture": "#1"},
				"up": {"uv": [2.5, 12.25, 3.25, 11], "texture": "#1"},
				"down": {"uv": [9, 11, 9.75, 12.25], "texture": "#1"}
			}
		},
		{
			"from": [7.5, 21.75, 0.25],
			"to": [8.5, 22.75, 7.25],
			"rotation": {"angle": 0, "axis": "y", "origin": [7.5, 21.75, 5.25]},
			"faces": {
				"east": {"uv": [0, 9, 3.5, 9.5], "texture": "#1"},
				"west": {"uv": [9, 0, 12.5, 0.5], "texture": "#1"},
				"up": {"uv": [9.5, 4, 9, 0.5], "texture": "#1"},
				"down": {"uv": [4, 9, 3.5, 12.5], "texture": "#1"}
			}
		},
		{
			"from": [7.5, 23.01616, -4.69321],
			"to": [8.5, 24.01616, -2.69321],
			"rotation": {"angle": -45, "axis": "x", "origin": [7.5, 23.01616, 0.30679]},
			"faces": {
				"north": {"uv": [13.5, 5, 14, 5.5], "texture": "#1"},
				"east": {"uv": [13, 8, 14, 8.5], "texture": "#1"},
				"west": {"uv": [13, 8.5, 14, 9], "texture": "#1"},
				"up": {"uv": [9.5, 11, 9, 10], "texture": "#1"},
				"down": {"uv": [5.5, 13, 5, 14], "texture": "#1"}
			}
		},
		{
			"from": [7.5, 21.06075, -2.21508],
			"to": [8.5, 22.06075, 0.78492],
			"rotation": {"angle": -22.5, "axis": "x", "origin": [7.5, 21.06075, -1.21508]},
			"faces": {
				"north": {"uv": [5.5, 13.5, 6, 14], "texture": "#1"},
				"east": {"uv": [11.5, 7.5, 13, 8], "texture": "#1"},
				"west": {"uv": [11.5, 8, 13, 8.5], "texture": "#1"},
				"up": {"uv": [9, 13, 8.5, 11.5], "texture": "#1"},
				"down": {"uv": [12, 8.5, 11.5, 10], "texture": "#1"}
			}
		},
		{
			"from": [7.985, 16, -7],
			"to": [8.015, 22, 8],
			"rotation": {"angle": 0, "axis": "y", "origin": [7.985, 0, 0]},
			"faces": {
				"east": {"uv": [7.5, 0, 0, 3], "texture": "#1"},
				"west": {"uv": [0, 0, 7.5, 3], "texture": "#1"}
			}
		}
	],
	"gui_light": "front",
	"display": {
		"thirdperson_righthand": {
			"translation": [0, -4.75, 1]
		},
		"thirdperson_lefthand": {
			"translation": [0, -4.75, 1]
		},
		"firstperson_righthand": {
			"rotation": [-10, 0, 0],
			"translation": [0, -2.5, 0]
		},
		"firstperson_lefthand": {
			"rotation": [-10, 0, 0],
			"translation": [0, -2.5, 0]
		},
		"ground": {
			"rotation": [-45, 0, 0],
			"translation": [0, 10.5, 0]
		},
		"gui": {
			"rotation": [-90, 45, 90],
			"translation": [3.75, -3.5, 0],
			"scale": [0.7168, 0.7168, 0.7168]
		},
		"head": {
			"rotation": [90, -90, 90]
		},
		"fixed": {
			"rotation": [90, -90, 90],
			"translation": [0, -9.5, -1],
			"scale": [2, 2, 2]
		}
	}
}