{"textures":{"0":"modelengine:entity/ballon_cluster"},"elements":[{"from":[3.4285712,14.370743,5.2766914],"to":[8.0,21.227886,9.84812],"rotation":{"angle":22.5,"axis":"x","origin":[7.86832,12.989412,7.273943]},"faces":{"east":{"uv":[12.0,0.0,16.0,6.0],"rotation":0,"texture":"#0","tintindex":0},"south":{"uv":[12.0,0.0,16.0,6.0],"rotation":0,"texture":"#0","tintindex":0},"north":{"uv":[12.0,0.0,16.0,6.0],"rotation":0,"texture":"#0","tintindex":0},"west":{"uv":[12.0,0.0,16.0,6.0],"rotation":0,"texture":"#0","tintindex":0},"up":{"uv":[12.0,0.0,16.0,6.0],"rotation":0,"texture":"#0","tintindex":0},"down":{"uv":[12.0,0.0,16.0,6.0],"rotation":0,"texture":"#0","tintindex":0}}},{"from":[8.620011,10.7993145,4.5714283],"to":[13.191441,17.656458,9.142858],"rotation":{"angle":-22.5,"axis":"z","origin":[7.86832,12.989412,7.273943]},"faces":{"east":{"uv":[4.0,0.0,8.0,6.0],"rotation":0,"texture":"#0","tintindex":0},"south":{"uv":[4.0,0.0,8.0,6.0],"rotation":0,"texture":"#0","tintindex":0},"north":{"uv":[4.0,0.0,8.0,6.0],"rotation":0,"texture":"#0","tintindex":0},"west":{"uv":[4.0,0.0,8.0,6.0],"rotation":0,"texture":"#0","tintindex":0},"up":{"uv":[4.0,0.0,8.0,6.0],"rotation":0,"texture":"#0","tintindex":0},"down":{"uv":[4.0,0.0,8.0,6.0],"rotation":0,"texture":"#0","tintindex":0}}},{"from":[5.1914396,14.7993145,4.0],"to":[9.762869,21.656458,8.571428],"rotation":{"angle":-22.5,"axis":"z","origin":[7.86832,12.989412,7.273943]},"faces":{"east":{"uv":[0.0,0.0,4.0,6.0],"rotation":0,"texture":"#0","tintindex":0},"south":{"uv":[0.0,0.0,4.0,6.0],"rotation":0,"texture":"#0","tintindex":0},"north":{"uv":[0.0,0.0,4.0,6.0],"rotation":0,"texture":"#0","tintindex":0},"west":{"uv":[0.0,0.0,4.0,6.0],"rotation":0,"texture":"#0","tintindex":0},"up":{"uv":[0.0,0.0,4.0,6.0],"rotation":0,"texture":"#0","tintindex":0},"down":{"uv":[0.0,0.0,4.0,6.0],"rotation":0,"texture":"#0","tintindex":0}}},{"from":[4.0,13.142858,2.8571424],"to":[8.571428,20.0,7.428571],"rotation":{"angle":0.0,"axis":"y","origin":[7.86832,12.989412,7.273943]},"faces":{"east":{"uv":[8.0,0.0,12.0,6.0],"rotation":0,"texture":"#0","tintindex":0},"south":{"uv":[8.0,0.0,12.0,6.0],"rotation":0,"texture":"#0","tintindex":0},"north":{"uv":[8.0,0.0,12.0,6.0],"rotation":0,"texture":"#0","tintindex":0},"west":{"uv":[8.0,0.0,12.0,6.0],"rotation":0,"texture":"#0","tintindex":0},"up":{"uv":[8.0,0.0,12.0,6.0],"rotation":0,"texture":"#0","tintindex":0},"down":{"uv":[8.0,0.0,12.0,6.0],"rotation":0,"texture":"#0","tintindex":0}}},{"from":[8.0,11.428572,7.428571],"to":[12.571428,18.285715,12.0],"rotation":{"angle":0.0,"axis":"y","origin":[7.86832,12.989412,7.273943]},"faces":{"east":{"uv":[8.0,0.0,12.0,6.0],"rotation":0,"texture":"#0","tintindex":0},"south":{"uv":[8.0,0.0,12.0,6.0],"rotation":0,"texture":"#0","tintindex":0},"north":{"uv":[8.0,0.0,12.0,6.0],"rotation":0,"texture":"#0","tintindex":0},"west":{"uv":[8.0,0.0,12.0,6.0],"rotation":0,"texture":"#0","tintindex":0},"up":{"uv":[8.0,0.0,12.0,6.0],"rotation":0,"texture":"#0","tintindex":0},"down":{"uv":[8.0,0.0,12.0,6.0],"rotation":0,"texture":"#0","tintindex":0}}},{"from":[4.5714283,10.942171,8.133834],"to":[9.142858,17.799314,12.705263],"rotation":{"angle":22.5,"axis":"x","origin":[7.86832,12.989412,7.273943]},"faces":{"east":{"uv":[0.0,0.0,4.0,6.0],"rotation":0,"texture":"#0","tintindex":0},"south":{"uv":[0.0,0.0,4.0,6.0],"rotation":0,"texture":"#0","tintindex":0},"north":{"uv":[0.0,0.0,4.0,6.0],"rotation":0,"texture":"#0","tintindex":0},"west":{"uv":[0.0,0.0,4.0,6.0],"rotation":0,"texture":"#0","tintindex":0},"up":{"uv":[0.0,0.0,4.0,6.0],"rotation":0,"texture":"#0","tintindex":0},"down":{"uv":[0.0,0.0,4.0,6.0],"rotation":0,"texture":"#0","tintindex":0}}},{"from":[5.714286,10.252395,1.5569139],"to":[10.285714,17.109539,6.1283426],"rotation":{"angle":-22.5,"axis":"x","origin":[7.86832,12.989412,7.273943]},"faces":{"east":{"uv":[12.0,0.0,16.0,6.0],"rotation":0,"texture":"#0","tintindex":0},"south":{"uv":[12.0,0.0,16.0,6.0],"rotation":0,"texture":"#0","tintindex":0},"north":{"uv":[12.0,0.0,16.0,6.0],"rotation":0,"texture":"#0","tintindex":0},"west":{"uv":[12.0,0.0,16.0,6.0],"rotation":0,"texture":"#0","tintindex":0},"up":{"uv":[12.0,0.0,16.0,6.0],"rotation":0,"texture":"#0","tintindex":0},"down":{"uv":[12.0,0.0,16.0,6.0],"rotation":0,"texture":"#0","tintindex":0}}},{"from":[2.6145196,10.966681,5.142857],"to":[7.1859484,17.823824,9.714286],"rotation":{"angle":22.5,"axis":"z","origin":[7.86832,12.989412,7.273943]},"faces":{"east":{"uv":[4.0,0.0,8.0,6.0],"rotation":0,"texture":"#0","tintindex":0},"south":{"uv":[4.0,0.0,8.0,6.0],"rotation":0,"texture":"#0","tintindex":0},"north":{"uv":[4.0,0.0,8.0,6.0],"rotation":0,"texture":"#0","tintindex":0},"west":{"uv":[4.0,0.0,8.0,6.0],"rotation":0,"texture":"#0","tintindex":0},"up":{"uv":[4.0,0.0,8.0,6.0],"rotation":0,"texture":"#0","tintindex":0},"down":{"uv":[4.0,0.0,8.0,6.0],"rotation":0,"texture":"#0","tintindex":0}}}],"display":{"head":{"translation":[0.0,-6.4,0.0],"scale":[4.0,4.0,4.0]}}}