{"textures":{"0":"cosmetics:entity/star_kite/star_kite"},"elements":[{"from":[5.8285713,5.3714285,8.0],"to":[10.171429,10.6285715,8.0],"rotation":{"angle":22.5,"axis":"y","origin":[8.0,8.0,8.0]},"faces":{"east":{"uv":[0.0,0.0,0.0,11.5],"rotation":0,"texture":"#0","tintindex":0},"south":{"uv":[0.0,0.0,9.5,11.5],"rotation":0,"texture":"#0","tintindex":0},"north":{"uv":[0.0,0.0,9.5,11.5],"rotation":0,"texture":"#0","tintindex":0},"west":{"uv":[0.0,0.0,0.0,11.5],"rotation":0,"texture":"#0","tintindex":0},"up":{"uv":[5.0,0.0,0.0,0.0],"rotation":0,"texture":"#0","tintindex":0},"down":{"uv":[5.0,0.0,0.0,0.0],"rotation":0,"texture":"#0","tintindex":0}}},{"from":[5.8285713,5.3714285,8.0],"to":[10.171429,10.6285715,8.0],"rotation":{"angle":-22.5,"axis":"y","origin":[8.0,8.0,8.0]},"faces":{"east":{"uv":[0.0,0.0,0.0,11.5],"rotation":0,"texture":"#0","tintindex":0},"south":{"uv":[0.0,0.0,9.5,11.5],"rotation":0,"texture":"#0","tintindex":0},"north":{"uv":[0.0,0.0,9.5,11.5],"rotation":0,"texture":"#0","tintindex":0},"west":{"uv":[0.0,0.0,0.0,11.5],"rotation":0,"texture":"#0","tintindex":0},"up":{"uv":[5.0,0.0,0.0,0.0],"rotation":0,"texture":"#0","tintindex":0},"down":{"uv":[5.0,0.0,0.0,0.0],"rotation":0,"texture":"#0","tintindex":0}}}],"display":{"head":{"translation":[0.0,-6.4,0.0],"scale":[4.0,4.0,4.0]}}}