{
	"credit": "Made by PolygonMC",
	"textures": {
		"4": "fairyset/animations/animations_03",
		"5": "fairyset/axe",
		"6": "fairyset/animations/animations_axe"
	},
	"elements": [
		{
			"from": [7.5, 0.8, 7.5],
			"to": [8.5, 6.8, 8.5],
			"rotation": {"angle": 0, "axis": "y", "origin": [7.5, 0, 7.5]},
			"faces": {
				"north": {"uv": [13.33333, 8.33333, 14, 12.33333], "texture": "#5"},
				"east": {"uv": [14, 8.33333, 14.66667, 12.33333], "texture": "#5"},
				"south": {"uv": [14.66667, 8.33333, 15.33333, 12.33333], "texture": "#5"},
				"west": {"uv": [15.33333, 8.33333, 16, 12.33333], "texture": "#5"}
			}
		},
		{
			"from": [7.4, 1.8, 7.4],
			"to": [8.6, 2.3, 8.6],
			"rotation": {"angle": 0, "axis": "y", "origin": [7.5, 0, 7.5]},
			"faces": {
				"north": {"uv": [12.66667, 12.66667, 13.5, 13], "texture": "#5"},
				"east": {"uv": [0, 13.33333, 0.83333, 13.66667], "texture": "#5"},
				"south": {"uv": [13.33333, 0, 14.16667, 0.33333], "texture": "#5"},
				"west": {"uv": [13.33333, 0.66667, 14.16667, 1], "texture": "#5"},
				"up": {"uv": [6.16667, 11.5, 5.33333, 10.66667], "texture": "#5"},
				"down": {"uv": [11.5, 6, 10.66667, 6.83333], "texture": "#5"}
			}
		},
		{
			"from": [7.4, 5.55, 7.4],
			"to": [8.6, 6.05, 8.6],
			"rotation": {"angle": 0, "axis": "y", "origin": [7.5, 0, 7.5]},
			"faces": {
				"north": {"uv": [1.33333, 13.33333, 2.16667, 13.66667], "texture": "#5"},
				"east": {"uv": [13.33333, 1.33333, 14.16667, 1.66667], "texture": "#5"},
				"south": {"uv": [13.33333, 2, 14.16667, 2.33333], "texture": "#5"},
				"west": {"uv": [2.66667, 13.33333, 3.5, 13.66667], "texture": "#5"},
				"up": {"uv": [7.5, 11.5, 6.66667, 10.66667], "texture": "#5"},
				"down": {"uv": [11.5, 7.33333, 10.66667, 8.16667], "texture": "#5"}
			}
		},
		{
			"from": [7.4, 3.3, 7.4],
			"to": [8.6, 4.55, 8.6],
			"rotation": {"angle": 0, "axis": "y", "origin": [7.5, 0, 7.5]},
			"faces": {
				"north": {"uv": [8, 10.66667, 8.83333, 11.5], "texture": "#5"},
				"east": {"uv": [10.66667, 8.66667, 11.5, 9.5], "texture": "#5"},
				"south": {"uv": [10.66667, 10, 11.5, 10.83333], "texture": "#5"},
				"west": {"uv": [1.33333, 11.33333, 2.16667, 12.16667], "texture": "#5"},
				"up": {"uv": [3.5, 12.16667, 2.66667, 11.33333], "texture": "#5"},
				"down": {"uv": [12.16667, 2.66667, 11.33333, 3.5], "texture": "#5"}
			}
		},
		{
			"from": [7.4, -0.1, 7.4],
			"to": [8.6, 1.1, 8.6],
			"rotation": {"angle": -45, "axis": "x", "origin": [8, 0.5, 8]},
			"faces": {
				"north": {"uv": [11.33333, 4, 12.16667, 4.83333], "texture": "#5"},
				"east": {"uv": [10.66667, 11.33333, 11.5, 12.16667], "texture": "#5"},
				"south": {"uv": [12, 0, 12.83333, 0.83333], "texture": "#5"},
				"west": {"uv": [12, 1.33333, 12.83333, 2.16667], "texture": "#5"},
				"up": {"uv": [6.16667, 12.83333, 5.33333, 12], "texture": "#5"},
				"down": {"uv": [12.83333, 5.33333, 12, 6.16667], "texture": "#5"}
			}
		},
		{
			"from": [7.2, 0.1, 7.6],
			"to": [8.8, 0.9, 8.4],
			"rotation": {"angle": -45, "axis": "x", "origin": [8, 0.5, 8]},
			"faces": {
				"north": {"uv": [12, 11.33333, 13, 11.83333], "texture": "#5"},
				"east": {"uv": [13.33333, 3.33333, 13.83333, 3.83333], "texture": "#5"},
				"south": {"uv": [12, 12, 13, 12.5], "texture": "#5"},
				"west": {"uv": [4, 13.33333, 4.5, 13.83333], "texture": "#5"},
				"up": {"uv": [1, 13.16667, 0, 12.66667], "texture": "#5"},
				"down": {"uv": [2.33333, 12.66667, 1.33333, 13.16667], "texture": "#5"}
			}
		},
		{
			"from": [7.3, 12.325, 7.4],
			"to": [8.7, 14.525, 9.6],
			"rotation": {"angle": -45, "axis": "x", "origin": [8, 12.925, 8]},
			"faces": {
				"north": {"uv": [0, 14, 1, 15.5], "texture": "#5"},
				"east": {"uv": [8, 0, 9.5, 1.5], "texture": "#5"},
				"south": {"uv": [1.33333, 14, 2.33333, 15.5], "texture": "#5"},
				"west": {"uv": [8, 2, 9.5, 3.5], "texture": "#5"},
				"up": {"uv": [3.66667, 15.5, 2.66667, 14], "texture": "#5"},
				"down": {"uv": [10.33333, 4, 9.33333, 5.5], "texture": "#5"}
			}
		},
		{
			"from": [7.05, 12.575, 7.65],
			"to": [8.95, 14.275, 9.35],
			"rotation": {"angle": -45, "axis": "x", "origin": [8, 12.925, 8]},
			"faces": {
				"north": {"uv": [8, 4, 9.33333, 5.16667], "texture": "#5"},
				"east": {"uv": [9.33333, 6, 10.5, 7.16667], "texture": "#5"},
				"south": {"uv": [8, 5.33333, 9.33333, 6.5], "texture": "#5"},
				"west": {"uv": [9.33333, 7.33333, 10.5, 8.5], "texture": "#5"},
				"up": {"uv": [9.33333, 7.83333, 8, 6.66667], "texture": "#5"},
				"down": {"uv": [9.33333, 8, 8, 9.16667], "texture": "#5"}
			}
		},
		{
			"from": [7.4, 13.09575, 5.34675],
			"to": [8.6, 14.09575, 7.34675],
			"rotation": {"angle": 0, "axis": "x", "origin": [8, 13.69176, 6.41522]},
			"faces": {
				"north": {"uv": [12, 10.66667, 12.83333, 11.33333], "texture": "#5"},
				"east": {"uv": [1.33333, 10.66667, 2.66667, 11.33333], "texture": "#5"},
				"west": {"uv": [2.66667, 10.66667, 4, 11.33333], "texture": "#5"},
				"down": {"uv": [10.83333, 2.66667, 10, 4], "texture": "#5"}
			}
		},
		{
			"from": [7.495, 12.64926, 5.50522],
			"to": [8.505, 13.45926, 7.12522],
			"rotation": {"angle": -22.5, "axis": "x", "origin": [8, 13.69176, 6.41522]},
			"faces": {
				"north": {"uv": [12.66667, 4.66667, 13.33333, 5.16667], "texture": "#5"},
				"east": {"uv": [2.66667, 12.66667, 3.66667, 13.16667], "texture": "#5"},
				"west": {"uv": [12.66667, 2.66667, 13.66667, 3.16667], "texture": "#5"},
				"down": {"uv": [8.66667, 12, 8, 13], "texture": "#5"}
			}
		},
		{
			"from": [7.33, 13.64325, 4.89515],
			"to": [8.67, 14.78325, 7.17515],
			"rotation": {"angle": 22.5, "axis": "x", "origin": [8, 13.69176, 6.41522]},
			"faces": {
				"north": {"uv": [6.66667, 12, 7.5, 12.83333], "texture": "#5"},
				"east": {"uv": [10, 0, 11.5, 0.83333], "texture": "#5"},
				"south": {"uv": [12, 6.66667, 12.83333, 7.5], "texture": "#5"},
				"west": {"uv": [10, 1.33333, 11.5, 2.16667], "texture": "#5"},
				"up": {"uv": [10.16667, 11.5, 9.33333, 10], "texture": "#5"},
				"down": {"uv": [0.83333, 10.66667, 0, 12.16667], "texture": "#5"}
			}
		},
		{
			"from": [7.985, -2.25, 5.75],
			"to": [8.015, 1.75, 10.25],
			"rotation": {"angle": 0, "axis": "y", "origin": [7.985, -1.25, 6.5]},
			"faces": {
				"east": {"uv": [16, 13.33333, 13, 16], "texture": "#5"},
				"west": {"uv": [13, 13.33333, 16, 16], "texture": "#5"}
			}
		},
		{
			"from": [7.5, 7, 7.25],
			"to": [8.5, 13, 8.75],
			"rotation": {"angle": 0, "axis": "y", "origin": [7.75, 2, 6.75]},
			"faces": {
				"north": {"uv": [7.33333, 2.66667, 8, 6.66667], "texture": "#5"},
				"east": {"uv": [6.16667, 0, 7.16667, 4], "texture": "#5"},
				"south": {"uv": [7.33333, 6.66667, 8, 10.66667], "texture": "#5"},
				"west": {"uv": [6.16667, 4.16667, 7.16667, 8.16667], "texture": "#5"}
			}
		},
		{
			"from": [7.601, 9.17938, 5.22084],
			"to": [8.399, 10.17938, 5.97084],
			"rotation": {"angle": -45, "axis": "x", "origin": [8.001, 11.17938, 5.59584]},
			"faces": {
				"north": {"uv": [12.66667, 8, 13.16667, 8.66667], "texture": "#5"},
				"east": {"uv": [12.66667, 8.66667, 13.16667, 9.33333], "texture": "#5"},
				"south": {"uv": [12.66667, 9.33333, 13.16667, 10], "texture": "#5"},
				"west": {"uv": [10, 12.66667, 10.5, 13.33333], "texture": "#5"},
				"up": {"uv": [13.83333, 4.5, 13.33333, 4], "texture": "#5"}
			}
		},
		{
			"from": [7.601, 12.4205, 6.1565],
			"to": [8.399, 13.1705, 7.1565],
			"rotation": {"angle": -45, "axis": "x", "origin": [8.001, 12.7955, 6.6565]},
			"faces": {
				"east": {"uv": [12.66667, 10, 13.33333, 10.5], "texture": "#5"},
				"south": {"uv": [4.66667, 13.33333, 5.16667, 13.83333], "texture": "#5"},
				"west": {"uv": [10.66667, 12.66667, 11.33333, 13.16667], "texture": "#5"},
				"up": {"uv": [11.83333, 13.33333, 11.33333, 12.66667], "texture": "#5"},
				"down": {"uv": [12.5, 12.66667, 12, 13.33333], "texture": "#5"}
			}
		},
		{
			"from": [7.6, 10.20711, 6.03778],
			"to": [8.4, 12.70711, 6.78778],
			"rotation": {"angle": 0, "axis": "x", "origin": [8, 10.95711, 6.41278]},
			"faces": {
				"north": {"uv": [6.66667, 8.33333, 7.16667, 10], "texture": "#5"},
				"east": {"uv": [4, 10.66667, 4.5, 12.33333], "texture": "#5"},
				"south": {"uv": [10.66667, 4, 11.16667, 5.66667], "texture": "#5"},
				"west": {"uv": [4.66667, 10.66667, 5.16667, 12.33333], "texture": "#5"},
				"up": {"uv": [13.83333, 5.16667, 13.33333, 4.66667], "texture": "#5"},
				"down": {"uv": [5.83333, 13.33333, 5.33333, 13.83333], "texture": "#5"}
			}
		},
		{
			"from": [7.5975, 8.24489, 8],
			"to": [8.4025, 10.01989, 9.775],
			"rotation": {"angle": -45, "axis": "x", "origin": [7.7475, 8.24489, 8]},
			"faces": {
				"north": {"uv": [12, 8, 12.5, 9.16667], "texture": "#5"},
				"east": {"uv": [8, 9.33333, 9.16667, 10.5], "texture": "#5"},
				"south": {"uv": [8.66667, 12, 9.16667, 13.16667], "texture": "#5"},
				"west": {"uv": [9.33333, 8.66667, 10.5, 9.83333], "texture": "#5"},
				"up": {"uv": [9.83333, 13.16667, 9.33333, 12], "texture": "#5"},
				"down": {"uv": [12.5, 9.33333, 12, 10.5], "texture": "#5"}
			}
		},
		{
			"from": [7.4975, 6.24835, 8],
			"to": [8.5025, 7.31135, 9.063],
			"rotation": {"angle": -45, "axis": "x", "origin": [8.2525, 6.24835, 8]},
			"faces": {
				"north": {"uv": [11.33333, 5.33333, 12, 6], "texture": "#5"},
				"east": {"uv": [10, 12, 10.66667, 12.66667], "texture": "#5"},
				"south": {"uv": [12.66667, 3.33333, 13.33333, 4], "texture": "#5"},
				"west": {"uv": [4, 12.66667, 4.66667, 13.33333], "texture": "#5"},
				"up": {"uv": [13.33333, 4.66667, 12.66667, 4], "texture": "#5"},
				"down": {"uv": [5.33333, 12.66667, 4.66667, 13.33333], "texture": "#5"}
			}
		},
		{
			"from": [7.4, 13.09575, 8.65325],
			"to": [8.6, 14.09575, 10.65325],
			"rotation": {"angle": 0, "axis": "x", "origin": [8, 13.69176, 9.58478]},
			"faces": {
				"east": {"uv": [2.66667, 10.66667, 1.33333, 11.33333], "texture": "#5"},
				"south": {"uv": [12.83333, 10.66667, 12, 11.33333], "texture": "#5"},
				"west": {"uv": [4, 10.66667, 2.66667, 11.33333], "texture": "#5"},
				"down": {"uv": [10.83333, 4, 10, 2.66667], "texture": "#5"}
			}
		},
		{
			"from": [7.495, 12.64926, 8.87478],
			"to": [8.505, 13.45926, 10.49478],
			"rotation": {"angle": 22.5, "axis": "x", "origin": [8, 13.69176, 9.58478]},
			"faces": {
				"east": {"uv": [3.66667, 12.66667, 2.66667, 13.16667], "texture": "#5"},
				"south": {"uv": [13.33333, 4.66667, 12.66667, 5.16667], "texture": "#5"},
				"west": {"uv": [13.66667, 2.66667, 12.66667, 3.16667], "texture": "#5"},
				"down": {"uv": [8.66667, 13, 8, 12], "texture": "#5"}
			}
		},
		{
			"from": [7.33, 13.64325, 8.82485],
			"to": [8.67, 14.78325, 11.10485],
			"rotation": {"angle": -22.5, "axis": "x", "origin": [8, 13.69176, 9.58478]},
			"faces": {
				"north": {"uv": [12.83333, 6.66667, 12, 7.5], "texture": "#5"},
				"east": {"uv": [11.5, 0, 10, 0.83333], "texture": "#5"},
				"south": {"uv": [7.5, 12, 6.66667, 12.83333], "texture": "#5"},
				"west": {"uv": [11.5, 1.33333, 10, 2.16667], "texture": "#5"},
				"up": {"uv": [10.16667, 10, 9.33333, 11.5], "texture": "#5"},
				"down": {"uv": [0.83333, 12.16667, 0, 10.66667], "texture": "#5"}
			}
		},
		{
			"from": [7.601, 9.17938, 10.02916],
			"to": [8.399, 10.17938, 10.77916],
			"rotation": {"angle": 45, "axis": "x", "origin": [8.001, 11.17938, 10.40416]},
			"faces": {
				"north": {"uv": [13.16667, 9.33333, 12.66667, 10], "texture": "#5"},
				"east": {"uv": [13.16667, 8.66667, 12.66667, 9.33333], "texture": "#5"},
				"south": {"uv": [13.16667, 8, 12.66667, 8.66667], "texture": "#5"},
				"west": {"uv": [10.5, 12.66667, 10, 13.33333], "texture": "#5"},
				"up": {"uv": [13.83333, 4, 13.33333, 4.5], "texture": "#5"}
			}
		},
		{
			"from": [7.601, 12.4205, 8.8435],
			"to": [8.399, 13.1705, 9.8435],
			"rotation": {"angle": 45, "axis": "x", "origin": [8.001, 12.7955, 9.3435]},
			"faces": {
				"north": {"uv": [5.16667, 13.33333, 4.66667, 13.83333], "texture": "#5"},
				"east": {"uv": [13.33333, 10, 12.66667, 10.5], "texture": "#5"},
				"west": {"uv": [11.33333, 12.66667, 10.66667, 13.16667], "texture": "#5"},
				"up": {"uv": [11.83333, 12.66667, 11.33333, 13.33333], "texture": "#5"},
				"down": {"uv": [12.5, 13.33333, 12, 12.66667], "texture": "#5"}
			}
		},
		{
			"from": [7.6, 10.20711, 9.21222],
			"to": [8.4, 12.70711, 9.96222],
			"rotation": {"angle": 0, "axis": "x", "origin": [8, 10.95711, 9.58722]},
			"faces": {
				"north": {"uv": [11.16667, 4, 10.66667, 5.66667], "texture": "#5"},
				"east": {"uv": [4.5, 10.66667, 4, 12.33333], "texture": "#5"},
				"south": {"uv": [7.16667, 8.33333, 6.66667, 10], "texture": "#5"},
				"west": {"uv": [5.16667, 10.66667, 4.66667, 12.33333], "texture": "#5"},
				"up": {"uv": [13.83333, 4.66667, 13.33333, 5.16667], "texture": "#5"},
				"down": {"uv": [5.83333, 13.83333, 5.33333, 13.33333], "texture": "#5"}
			}
		},
		{
			"from": [7.985, 6.1, 0.5],
			"to": [8.015, 19.1, 7.5],
			"rotation": {"angle": 0, "axis": "y", "origin": [7.985, 0, 0]},
			"faces": {
				"east": {"uv": [4.66667, 0, 0, 8.66667], "texture": "#5"},
				"west": {"uv": [0, 0, 4.66667, 8.66667], "texture": "#5"}
			}
		},
		{
			"from": [7.685, 6.1, 0.5],
			"to": [7.685, 19.1, 7.5],
			"rotation": {"angle": 0, "axis": "y", "origin": [7.685, 0, 0]},
			"faces": {
				"west": {"uv": [0, 0, 7, 13], "texture": "#6"}
			}
		},
		{
			"from": [7.685, 6.1, 8.5],
			"to": [7.685, 19.1, 15.5],
			"rotation": {"angle": 0, "axis": "y", "origin": [7.685, 0, 16]},
			"faces": {
				"west": {"uv": [7, 0, 0, 13], "texture": "#6"}
			}
		},
		{
			"from": [8.315, 6.1, 8.5],
			"to": [8.315, 19.1, 15.5],
			"rotation": {"angle": 0, "axis": "y", "origin": [8.315, 0, 16]},
			"faces": {
				"east": {"uv": [0, 0, 7, 13], "texture": "#6"}
			}
		},
		{
			"from": [8.315, 6.1, 0.5],
			"to": [8.315, 19.1, 7.5],
			"rotation": {"angle": 0, "axis": "y", "origin": [8.315, 0, 0]},
			"faces": {
				"east": {"uv": [7, 0, 0, 13], "texture": "#6"}
			}
		},
		{
			"from": [7.985, 6.1, 8.5],
			"to": [8.015, 19.1, 15.5],
			"rotation": {"angle": 0, "axis": "y", "origin": [7.985, 0, 16]},
			"faces": {
				"east": {"uv": [0, 0, 4.66667, 8.66667], "texture": "#5"},
				"west": {"uv": [4.66667, 0, 0, 8.66667], "texture": "#5"}
			}
		},
		{
			"from": [7.6, -2.5, 5.5],
			"to": [7.6, 2.5, 10.5],
			"rotation": {"angle": 0, "axis": "y", "origin": [7.6, -7, 6.5]},
			"faces": {
				"west": {"uv": [0, 0, 10, 10], "texture": "#4"}
			}
		},
		{
			"from": [8.4, -2.5, 5.5],
			"to": [8.4, 2.5, 10.5],
			"rotation": {"angle": 0, "axis": "y", "origin": [8.4, -7, 6.5]},
			"faces": {
				"east": {"uv": [10, 0, 0, 10], "texture": "#4"}
			}
		}
	],
	"gui_light": "front",
	"display": {
		"thirdperson_righthand": {
			"translation": [0, 2.25, 1]
		},
		"thirdperson_lefthand": {
			"translation": [0, 2.25, 1]
		},
		"firstperson_righthand": {
			"rotation": [-10, 0, 0],
			"translation": [0, 4, 0]
		},
		"firstperson_lefthand": {
			"rotation": [-10, 0, 0],
			"translation": [0, 4, 0]
		},
		"ground": {
			"rotation": [-45, 0, 0],
			"translation": [0, 9.5, 0]
		},
		"gui": {
			"rotation": [-90, 45, 90],
			"translation": [1.25, -1.25, 0],
			"scale": [0.85547, 0.85547, 0.85547]
		},
		"head": {
			"rotation": [-90, 90, 90]
		},
		"fixed": {
			"rotation": [0, -90, 0],
			"translation": [0, -1.5, -1.75],
			"scale": [2, 2, 2]
		}
	}
}