{
	"credit": "Made by PolygonMC",
	"texture_size": [24, 24],
	"textures": {
		"3": "fairyset/animations/animations_pickaxe",
		"4": "fairyset/animations/animations_03",
		"5": "fairyset/fishing_rod_cast",
		"particle": "fairyset/animations/animations_pickaxe"
	},
	"elements": [
		{
			"from": [7.5, 0.8, 7.5],
			"to": [8.5, 6.8, 8.5],
			"rotation": {"angle": 0, "axis": "y", "origin": [7.5, 0, 7.5]},
			"faces": {
				"north": {"uv": [6, 6.66667, 6.66667, 10.66667], "texture": "#5"},
				"east": {"uv": [7.33333, 0, 8, 4], "texture": "#5"},
				"south": {"uv": [7.33333, 4, 8, 8], "texture": "#5"},
				"west": {"uv": [6.66667, 7.33333, 7.33333, 11.33333], "texture": "#5"}
			}
		},
		{
			"from": [7.4, 1.8, 7.4],
			"to": [8.6, 2.3, 8.6],
			"rotation": {"angle": 0, "axis": "y", "origin": [7.5, 0, 7.5]},
			"faces": {
				"north": {"uv": [12, 13.33333, 12.83333, 13.66667], "texture": "#5"},
				"east": {"uv": [13.33333, 12, 14.16667, 12.33333], "texture": "#5"},
				"south": {"uv": [13.33333, 12.66667, 14.16667, 13], "texture": "#5"},
				"west": {"uv": [13.33333, 13.33333, 14.16667, 13.66667], "texture": "#5"},
				"up": {"uv": [12.16667, 2.83333, 11.33333, 2], "texture": "#5"},
				"down": {"uv": [4.16667, 11.33333, 3.33333, 12.16667], "texture": "#5"}
			}
		},
		{
			"from": [7.4, 5.55, 7.4],
			"to": [8.6, 6.05, 8.6],
			"rotation": {"angle": 0, "axis": "y", "origin": [7.5, 0, 7.5]},
			"faces": {
				"north": {"uv": [0, 14, 0.83333, 14.33333], "texture": "#5"},
				"east": {"uv": [14, 0, 14.83333, 0.33333], "texture": "#5"},
				"south": {"uv": [14, 0.66667, 14.83333, 1], "texture": "#5"},
				"west": {"uv": [1.33333, 14, 2.16667, 14.33333], "texture": "#5"},
				"up": {"uv": [12.16667, 4.16667, 11.33333, 3.33333], "texture": "#5"},
				"down": {"uv": [5.5, 11.33333, 4.66667, 12.16667], "texture": "#5"}
			}
		},
		{
			"from": [7.4, 3.3, 7.4],
			"to": [8.6, 4.55, 8.6],
			"rotation": {"angle": 0, "axis": "y", "origin": [7.5, 0, 7.5]},
			"faces": {
				"north": {"uv": [11.33333, 4.66667, 12.16667, 5.5], "texture": "#5"},
				"east": {"uv": [6, 11.33333, 6.83333, 12.16667], "texture": "#5"},
				"south": {"uv": [11.33333, 6, 12.16667, 6.83333], "texture": "#5"},
				"west": {"uv": [7.33333, 11.33333, 8.16667, 12.16667], "texture": "#5"},
				"up": {"uv": [9.5, 12.16667, 8.66667, 11.33333], "texture": "#5"},
				"down": {"uv": [10.83333, 11.33333, 10, 12.16667], "texture": "#5"}
			}
		},
		{
			"from": [7.4, -0.1, 7.4],
			"to": [8.6, 1.1, 8.6],
			"rotation": {"angle": -45, "axis": "x", "origin": [8, 0.5, 8]},
			"faces": {
				"north": {"uv": [11.33333, 11.33333, 12.16667, 12.16667], "texture": "#5"},
				"east": {"uv": [0, 12, 0.83333, 12.83333], "texture": "#5"},
				"south": {"uv": [12, 7.33333, 12.83333, 8.16667], "texture": "#5"},
				"west": {"uv": [12, 8.66667, 12.83333, 9.5], "texture": "#5"},
				"up": {"uv": [12.83333, 10.83333, 12, 10], "texture": "#5"},
				"down": {"uv": [13.5, 0, 12.66667, 0.83333], "texture": "#5"}
			}
		},
		{
			"from": [7.2, 0.1, 7.6],
			"to": [8.8, 0.9, 8.4],
			"rotation": {"angle": -45, "axis": "x", "origin": [8, 0.5, 8]},
			"faces": {
				"north": {"uv": [12.66667, 4.66667, 13.66667, 5.16667], "texture": "#5"},
				"east": {"uv": [4, 14, 4.5, 14.5], "texture": "#5"},
				"south": {"uv": [12.66667, 5.33333, 13.66667, 5.83333], "texture": "#5"},
				"west": {"uv": [4.66667, 14, 5.16667, 14.5], "texture": "#5"},
				"up": {"uv": [7, 13.16667, 6, 12.66667], "texture": "#5"},
				"down": {"uv": [13.66667, 6, 12.66667, 6.5], "texture": "#5"}
			}
		},
		{
			"from": [7.3, 6.475, 7.4],
			"to": [8.7, 8.675, 9.6],
			"rotation": {"angle": -45, "axis": "x", "origin": [8, 7.075, 8]},
			"faces": {
				"north": {"uv": [9.33333, 7.33333, 10.33333, 8.83333], "texture": "#5"},
				"east": {"uv": [7.33333, 8, 8.83333, 9.5], "texture": "#5"},
				"south": {"uv": [9.33333, 9.33333, 10.33333, 10.83333], "texture": "#5"},
				"west": {"uv": [8.66667, 0, 10.16667, 1.5], "texture": "#5"},
				"up": {"uv": [11, 3.5, 10, 2], "texture": "#5"},
				"down": {"uv": [11, 4, 10, 5.5], "texture": "#5"}
			}
		},
		{
			"from": [7.05, 6.725, 7.65],
			"to": [8.95, 8.425, 9.35],
			"rotation": {"angle": -45, "axis": "x", "origin": [8, 7.075, 8]},
			"faces": {
				"north": {"uv": [8.66667, 2, 10, 3.16667], "texture": "#5"},
				"east": {"uv": [10, 6, 11.16667, 7.16667], "texture": "#5"},
				"south": {"uv": [8.66667, 3.33333, 10, 4.5], "texture": "#5"},
				"west": {"uv": [7.33333, 10, 8.5, 11.16667], "texture": "#5"},
				"up": {"uv": [10, 5.83333, 8.66667, 4.66667], "texture": "#5"},
				"down": {"uv": [10, 6, 8.66667, 7.16667], "texture": "#5"}
			}
		},
		{
			"from": [7.4, 7.24575, 5.34675],
			"to": [8.6, 8.24575, 7.34675],
			"rotation": {"angle": 0, "axis": "x", "origin": [8, 7.84176, 6.41522]},
			"faces": {
				"north": {"uv": [4.66667, 12.66667, 5.5, 13.33333], "texture": "#5"},
				"east": {"uv": [10.66667, 1.33333, 12, 2], "texture": "#5"},
				"west": {"uv": [10.66667, 10.66667, 12, 11.33333], "texture": "#5"},
				"down": {"uv": [11.5, 9.33333, 10.66667, 10.66667], "texture": "#5"}
			}
		},
		{
			"from": [7.495, 6.79926, 5.50522],
			"to": [8.505, 7.60926, 7.12522],
			"rotation": {"angle": -22.5, "axis": "x", "origin": [8, 7.84176, 6.41522]},
			"faces": {
				"north": {"uv": [13.33333, 11.33333, 14, 11.83333], "texture": "#5"},
				"east": {"uv": [12.66667, 6.66667, 13.66667, 7.16667], "texture": "#5"},
				"west": {"uv": [7.33333, 12.66667, 8.33333, 13.16667], "texture": "#5"},
				"down": {"uv": [9.33333, 10, 8.66667, 11], "texture": "#5"}
			}
		},
		{
			"from": [7.33, 7.79325, 4.89515],
			"to": [8.67, 8.93325, 7.17515],
			"rotation": {"angle": 22.5, "axis": "x", "origin": [8, 7.84176, 6.41522]},
			"faces": {
				"north": {"uv": [1.33333, 12.66667, 2.16667, 13.5], "texture": "#5"},
				"east": {"uv": [14.5, 1.66667, 16, 2.5], "texture": "#5"},
				"south": {"uv": [12.66667, 1.33333, 13.5, 2.16667], "texture": "#5"},
				"west": {"uv": [10.66667, 0, 12.16667, 0.83333], "texture": "#5"},
				"up": {"uv": [16, 1.5, 15.16667, 0], "texture": "#5"},
				"down": {"uv": [11.5, 7.33333, 10.66667, 8.83333], "texture": "#5"}
			}
		},
		{
			"from": [7.985, -2.25, 5.75],
			"to": [8.015, 1.75, 10.25],
			"rotation": {"angle": 0, "axis": "y", "origin": [7.985, -1.25, 6.5]},
			"faces": {
				"east": {"uv": [7, 0, 4, 2.66667], "texture": "#5"},
				"west": {"uv": [4, 0, 7, 2.66667], "texture": "#5"}
			}
		},
		{
			"from": [7.5, 9.25, 7.25],
			"to": [8.5, 15.25, 8.75],
			"rotation": {"angle": 0, "axis": "y", "origin": [7.75, 4.25, 6.75]},
			"faces": {
				"north": {"uv": [8, 0, 8.66667, 4], "texture": "#5"},
				"east": {"uv": [4, 2.66667, 5, 6.66667], "texture": "#5"},
				"south": {"uv": [8, 4, 8.66667, 8], "texture": "#5"},
				"west": {"uv": [5.33333, 2.66667, 6.33333, 6.66667], "texture": "#5"}
			}
		},
		{
			"from": [7.4975, 8.49835, 8],
			"to": [8.5025, 9.56135, 9.063],
			"rotation": {"angle": -45, "axis": "x", "origin": [8.2525, 8.49835, 8]},
			"faces": {
				"north": {"uv": [8.66667, 7.33333, 9.33333, 8], "texture": "#5"},
				"east": {"uv": [3.33333, 10.66667, 4, 11.33333], "texture": "#5"},
				"south": {"uv": [6, 10.66667, 6.66667, 11.33333], "texture": "#5"},
				"west": {"uv": [1.33333, 12, 2, 12.66667], "texture": "#5"},
				"up": {"uv": [12.66667, 2, 12, 1.33333], "texture": "#5"},
				"down": {"uv": [9.33333, 12.66667, 8.66667, 13.33333], "texture": "#5"}
			}
		},
		{
			"from": [7.4975, 14.7185, 7.4685],
			"to": [8.5025, 15.7815, 8.5315],
			"rotation": {"angle": 45, "axis": "x", "origin": [8, 15.25, 8]},
			"faces": {
				"north": {"uv": [10, 12.66667, 10.66667, 13.33333], "texture": "#5"},
				"east": {"uv": [10.66667, 12.66667, 11.33333, 13.33333], "texture": "#5"},
				"south": {"uv": [11.33333, 12.66667, 12, 13.33333], "texture": "#5"},
				"west": {"uv": [12.66667, 11.33333, 13.33333, 12], "texture": "#5"},
				"up": {"uv": [12.66667, 13.33333, 12, 12.66667], "texture": "#5"},
				"down": {"uv": [13.33333, 12, 12.66667, 12.66667], "texture": "#5"}
			}
		},
		{
			"from": [7.5, 7.95154, 9.00322],
			"to": [8.5, 9.45154, 10.00322],
			"rotation": {"angle": 22.5, "axis": "x", "origin": [8, 9.68985, 9.16648]},
			"faces": {
				"north": {"uv": [13.33333, 4.33333, 12.66667, 3.33333], "rotation": 180, "texture": "#5"},
				"east": {"uv": [2.66667, 12.66667, 3.66667, 13.33333], "rotation": 90, "texture": "#5"},
				"south": {"uv": [4.66667, 12.66667, 4, 13.66667], "texture": "#5"},
				"west": {"uv": [12.66667, 2.66667, 13.66667, 3.33333], "rotation": 270, "texture": "#5"},
				"up": {"uv": [9.33333, 12.66667, 10, 13.33333], "texture": "#5"}
			}
		},
		{
			"from": [7.605, 9.15218, 8.99631],
			"to": [8.395, 10.33718, 9.78631],
			"rotation": {"angle": 0, "axis": "x", "origin": [8, 9.68985, 9.16648]},
			"faces": {
				"north": {"uv": [13.83333, 10.83333, 13.33333, 10], "rotation": 180, "texture": "#5"},
				"east": {"uv": [13.33333, 9.33333, 14.16667, 9.83333], "rotation": 90, "texture": "#5"},
				"south": {"uv": [11.83333, 13.33333, 11.33333, 14.16667], "texture": "#5"},
				"west": {"uv": [10, 13.33333, 10.83333, 13.83333], "rotation": 270, "texture": "#5"},
				"up": {"uv": [14, 4.66667, 14.5, 5.16667], "texture": "#5"}
			}
		},
		{
			"from": [7.68795, 10.03371, 9.31516],
			"to": [8.31205, 11.21986, 9.93926],
			"rotation": {"angle": -22.5, "axis": "x", "origin": [8, 9.68985, 9.16648]},
			"faces": {
				"north": {"uv": [14, 1.33333, 14.33333, 2.16667], "texture": "#5"},
				"east": {"uv": [2.66667, 14, 3, 14.83333], "texture": "#5"},
				"south": {"uv": [14, 2.66667, 14.33333, 3.5], "texture": "#5"},
				"west": {"uv": [3.33333, 14, 3.66667, 14.83333], "texture": "#5"},
				"up": {"uv": [14.33333, 11.66667, 14, 11.33333], "texture": "#5"}
			}
		},
		{
			"from": [7.5, 15.25, 7.5],
			"to": [8.5, 22.25, 8.5],
			"rotation": {"angle": 0, "axis": "x", "origin": [7.5, 18, 7.5]},
			"faces": {
				"north": {"uv": [6.66667, 2.66667, 7.33333, 7.33333], "texture": "#5"},
				"east": {"uv": [4, 6.66667, 4.66667, 11.33333], "texture": "#5"},
				"south": {"uv": [4.66667, 6.66667, 5.33333, 11.33333], "texture": "#5"},
				"west": {"uv": [5.33333, 6.66667, 6, 11.33333], "texture": "#5"}
			}
		},
		{
			"from": [7.465, 21.5934, 8],
			"to": [8.535, 22.6634, 9.07],
			"rotation": {"angle": -45, "axis": "x", "origin": [7.465, 21.5934, 8]},
			"faces": {
				"north": {"uv": [12.66667, 12.66667, 13.33333, 13.33333], "texture": "#5"},
				"east": {"uv": [0, 13.33333, 0.66667, 14], "texture": "#5"},
				"south": {"uv": [0.66667, 13.33333, 1.33333, 14], "texture": "#5"},
				"west": {"uv": [2.66667, 13.33333, 3.33333, 14], "texture": "#5"},
				"up": {"uv": [4, 14, 3.33333, 13.33333], "texture": "#5"},
				"down": {"uv": [14, 3.33333, 13.33333, 4], "texture": "#5"}
			}
		},
		{
			"from": [7, 9.625, 7.1],
			"to": [9, 10.125, 7.6],
			"rotation": {"angle": 22.5, "axis": "x", "origin": [8, 9.875, 6.6]},
			"faces": {
				"north": {"uv": [13.33333, 4, 14.66667, 4.33333], "texture": "#5"},
				"east": {"uv": [12, 14, 12.33333, 14.33333], "texture": "#5"},
				"south": {"uv": [4.66667, 13.33333, 6, 13.66667], "texture": "#5"},
				"west": {"uv": [12.66667, 14, 13, 14.33333], "texture": "#5"},
				"up": {"uv": [7.33333, 13.66667, 6, 13.33333], "texture": "#5"},
				"down": {"uv": [8.66667, 13.33333, 7.33333, 13.66667], "texture": "#5"}
			}
		},
		{
			"from": [7, 9.625, 5.6],
			"to": [9, 10.125, 6.1],
			"rotation": {"angle": 22.5, "axis": "x", "origin": [8, 9.875, 6.6]},
			"faces": {
				"north": {"uv": [13.33333, 7.33333, 14.66667, 7.66667], "texture": "#5"},
				"east": {"uv": [13.33333, 14, 13.66667, 14.33333], "texture": "#5"},
				"south": {"uv": [13.33333, 8, 14.66667, 8.33333], "texture": "#5"},
				"west": {"uv": [14, 14, 14.33333, 14.33333], "texture": "#5"},
				"up": {"uv": [10, 13.66667, 8.66667, 13.33333], "texture": "#5"},
				"down": {"uv": [14.66667, 8.66667, 13.33333, 9], "texture": "#5"}
			}
		},
		{
			"from": [8.5, 9.625, 6.1],
			"to": [9, 10.125, 7.1],
			"rotation": {"angle": 22.5, "axis": "x", "origin": [8, 9.875, 6.6]},
			"faces": {
				"east": {"uv": [7.33333, 14, 8, 14.33333], "texture": "#5"},
				"west": {"uv": [8, 14, 8.66667, 14.33333], "texture": "#5"},
				"up": {"uv": [9, 14.66667, 8.66667, 14], "texture": "#5"},
				"down": {"uv": [9.66667, 14, 9.33333, 14.66667], "texture": "#5"}
			}
		},
		{
			"from": [7, 9.625, 6.1],
			"to": [7.5, 10.125, 7.1],
			"rotation": {"angle": 22.5, "axis": "x", "origin": [8, 9.875, 6.6]},
			"faces": {
				"east": {"uv": [10, 14, 10.66667, 14.33333], "texture": "#5"},
				"west": {"uv": [14, 10, 14.66667, 10.33333], "texture": "#5"},
				"up": {"uv": [11, 14.66667, 10.66667, 14], "texture": "#5"},
				"down": {"uv": [14.33333, 10.66667, 14, 11.33333], "texture": "#5"}
			}
		},
		{
			"from": [7, 13.625, 7.1],
			"to": [9, 14.125, 7.6],
			"rotation": {"angle": 22.5, "axis": "x", "origin": [8, 13.875, 6.6]},
			"faces": {
				"north": {"uv": [13.33333, 4, 14.66667, 4.33333], "texture": "#5"},
				"east": {"uv": [12, 14, 12.33333, 14.33333], "texture": "#5"},
				"south": {"uv": [4.66667, 13.33333, 6, 13.66667], "texture": "#5"},
				"west": {"uv": [12.66667, 14, 13, 14.33333], "texture": "#5"},
				"up": {"uv": [7.33333, 13.66667, 6, 13.33333], "texture": "#5"},
				"down": {"uv": [8.66667, 13.33333, 7.33333, 13.66667], "texture": "#5"}
			}
		},
		{
			"from": [7, 13.625, 6.1],
			"to": [7.5, 14.125, 7.1],
			"rotation": {"angle": 22.5, "axis": "x", "origin": [8, 13.875, 6.6]},
			"faces": {
				"east": {"uv": [10, 14, 10.66667, 14.33333], "texture": "#5"},
				"west": {"uv": [14, 10, 14.66667, 10.33333], "texture": "#5"},
				"up": {"uv": [11, 14.66667, 10.66667, 14], "texture": "#5"},
				"down": {"uv": [14.33333, 10.66667, 14, 11.33333], "texture": "#5"}
			}
		},
		{
			"from": [7, 13.625, 5.6],
			"to": [9, 14.125, 6.1],
			"rotation": {"angle": 22.5, "axis": "x", "origin": [8, 13.875, 6.6]},
			"faces": {
				"north": {"uv": [13.33333, 7.33333, 14.66667, 7.66667], "texture": "#5"},
				"east": {"uv": [13.33333, 14, 13.66667, 14.33333], "texture": "#5"},
				"south": {"uv": [13.33333, 8, 14.66667, 8.33333], "texture": "#5"},
				"west": {"uv": [14, 14, 14.33333, 14.33333], "texture": "#5"},
				"up": {"uv": [10, 13.66667, 8.66667, 13.33333], "texture": "#5"},
				"down": {"uv": [14.66667, 8.66667, 13.33333, 9], "texture": "#5"}
			}
		},
		{
			"from": [8.5, 13.625, 6.1],
			"to": [9, 14.125, 7.1],
			"rotation": {"angle": 22.5, "axis": "x", "origin": [8, 13.875, 6.6]},
			"faces": {
				"east": {"uv": [7.33333, 14, 8, 14.33333], "texture": "#5"},
				"west": {"uv": [8, 14, 8.66667, 14.33333], "texture": "#5"},
				"up": {"uv": [9, 14.66667, 8.66667, 14], "texture": "#5"},
				"down": {"uv": [9.66667, 14, 9.33333, 14.66667], "texture": "#5"}
			}
		},
		{
			"from": [7, 17.625, 7.1],
			"to": [9, 18.125, 7.6],
			"rotation": {"angle": 22.5, "axis": "x", "origin": [8, 17.875, 6.6]},
			"faces": {
				"north": {"uv": [13.33333, 4, 14.66667, 4.33333], "texture": "#5"},
				"east": {"uv": [12, 14, 12.33333, 14.33333], "texture": "#5"},
				"south": {"uv": [4.66667, 13.33333, 6, 13.66667], "texture": "#5"},
				"west": {"uv": [12.66667, 14, 13, 14.33333], "texture": "#5"},
				"up": {"uv": [7.33333, 13.66667, 6, 13.33333], "texture": "#5"},
				"down": {"uv": [8.66667, 13.33333, 7.33333, 13.66667], "texture": "#5"}
			}
		},
		{
			"from": [7, 17.625, 6.1],
			"to": [7.5, 18.125, 7.1],
			"rotation": {"angle": 22.5, "axis": "x", "origin": [8, 17.875, 6.6]},
			"faces": {
				"east": {"uv": [10, 14, 10.66667, 14.33333], "texture": "#5"},
				"west": {"uv": [14, 10, 14.66667, 10.33333], "texture": "#5"},
				"up": {"uv": [11, 14.66667, 10.66667, 14], "texture": "#5"},
				"down": {"uv": [14.33333, 10.66667, 14, 11.33333], "texture": "#5"}
			}
		},
		{
			"from": [7, 17.625, 5.6],
			"to": [9, 18.125, 6.1],
			"rotation": {"angle": 22.5, "axis": "x", "origin": [8, 17.875, 6.6]},
			"faces": {
				"north": {"uv": [13.33333, 7.33333, 14.66667, 7.66667], "texture": "#5"},
				"east": {"uv": [13.33333, 14, 13.66667, 14.33333], "texture": "#5"},
				"south": {"uv": [13.33333, 8, 14.66667, 8.33333], "texture": "#5"},
				"west": {"uv": [14, 14, 14.33333, 14.33333], "texture": "#5"},
				"up": {"uv": [10, 13.66667, 8.66667, 13.33333], "texture": "#5"},
				"down": {"uv": [14.66667, 8.66667, 13.33333, 9], "texture": "#5"}
			}
		},
		{
			"from": [8.5, 17.625, 6.1],
			"to": [9, 18.125, 7.1],
			"rotation": {"angle": 22.5, "axis": "x", "origin": [8, 17.875, 6.6]},
			"faces": {
				"east": {"uv": [7.33333, 14, 8, 14.33333], "texture": "#5"},
				"west": {"uv": [8, 14, 8.66667, 14.33333], "texture": "#5"},
				"up": {"uv": [9, 14.66667, 8.66667, 14], "texture": "#5"},
				"down": {"uv": [9.66667, 14, 9.33333, 14.66667], "texture": "#5"}
			}
		},
		{
			"from": [7, 21.625, 7.1],
			"to": [9, 22.125, 7.6],
			"rotation": {"angle": 22.5, "axis": "x", "origin": [8, 21.875, 6.6]},
			"faces": {
				"north": {"uv": [13.33333, 4, 14.66667, 4.33333], "texture": "#5"},
				"east": {"uv": [12, 14, 12.33333, 14.33333], "texture": "#5"},
				"south": {"uv": [4.66667, 13.33333, 6, 13.66667], "texture": "#5"},
				"west": {"uv": [12.66667, 14, 13, 14.33333], "texture": "#5"},
				"up": {"uv": [7.33333, 13.66667, 6, 13.33333], "texture": "#5"},
				"down": {"uv": [8.66667, 13.33333, 7.33333, 13.66667], "texture": "#5"}
			}
		},
		{
			"from": [7, 21.625, 6.1],
			"to": [7.5, 22.125, 7.1],
			"rotation": {"angle": 22.5, "axis": "x", "origin": [8, 21.875, 6.6]},
			"faces": {
				"east": {"uv": [10, 14, 10.66667, 14.33333], "texture": "#5"},
				"west": {"uv": [14, 10, 14.66667, 10.33333], "texture": "#5"},
				"up": {"uv": [11, 14.66667, 10.66667, 14], "texture": "#5"},
				"down": {"uv": [14.33333, 10.66667, 14, 11.33333], "texture": "#5"}
			}
		},
		{
			"from": [7, 21.625, 5.6],
			"to": [9, 22.125, 6.1],
			"rotation": {"angle": 22.5, "axis": "x", "origin": [8, 21.875, 6.6]},
			"faces": {
				"north": {"uv": [13.33333, 7.33333, 14.66667, 7.66667], "texture": "#5"},
				"east": {"uv": [13.33333, 14, 13.66667, 14.33333], "texture": "#5"},
				"south": {"uv": [13.33333, 8, 14.66667, 8.33333], "texture": "#5"},
				"west": {"uv": [14, 14, 14.33333, 14.33333], "texture": "#5"},
				"up": {"uv": [10, 13.66667, 8.66667, 13.33333], "texture": "#5"},
				"down": {"uv": [14.66667, 8.66667, 13.33333, 9], "texture": "#5"}
			}
		},
		{
			"from": [8.5, 21.625, 6.1],
			"to": [9, 22.125, 7.1],
			"rotation": {"angle": 22.5, "axis": "x", "origin": [8, 21.875, 6.6]},
			"faces": {
				"east": {"uv": [7.33333, 14, 8, 14.33333], "texture": "#5"},
				"west": {"uv": [8, 14, 8.66667, 14.33333], "texture": "#5"},
				"up": {"uv": [9, 14.66667, 8.66667, 14], "texture": "#5"},
				"down": {"uv": [9.66667, 14, 9.33333, 14.66667], "texture": "#5"}
			}
		},
		{
			"from": [7.985, 7.75, 3.7],
			"to": [8.015, 23.75, 7.7],
			"rotation": {"angle": 0, "axis": "y", "origin": [7.985, 7.75, 0.7]},
			"faces": {
				"east": {"uv": [3.33333, 0, 0.66667, 10.66667], "texture": "#5"},
				"west": {"uv": [0.66667, 0, 3.33333, 10.66667], "texture": "#5"}
			}
		},
		{
			"from": [7.6, -2.5, 5.5],
			"to": [7.6, 2.5, 10.5],
			"rotation": {"angle": 0, "axis": "y", "origin": [7.6, -7, 6.5]},
			"faces": {
				"west": {"uv": [0, 0, 10, 10], "texture": "#4"}
			}
		},
		{
			"from": [8.4, -2.5, 5.5],
			"to": [8.4, 2.5, 10.5],
			"rotation": {"angle": 0, "axis": "y", "origin": [8.4, -7, 6.5]},
			"faces": {
				"east": {"uv": [10, 0, 0, 10], "texture": "#4"}
			}
		},
		{
			"from": [7.985, 10.475, 8.375],
			"to": [8.015, 17.475, 12.125],
			"rotation": {"angle": 0, "axis": "x", "origin": [8, 13.975, 10.25]},
			"faces": {
				"east": {"uv": [0, 0, 14, 7.5], "rotation": 90, "texture": "#3"},
				"west": {"uv": [14, 0, 0, 7.5], "rotation": 270, "texture": "#3"}
			}
		}
	],
	"gui_light": "front",
	"display": {
		"thirdperson_righthand": {
			"rotation": [18.75, 0, 0],
			"translation": [0, 1.75, 2.5]
		},
		"thirdperson_lefthand": {
			"rotation": [18.75, 0, 0],
			"translation": [0, 1.75, 2.5]
		},
		"firstperson_righthand": {
			"rotation": [-67.5, 0, -24],
			"translation": [-3.5, 5, 4.5]
		},
		"firstperson_lefthand": {
			"rotation": [-67.5, 0, -24],
			"translation": [-3.5, 5, 4.5]
		},
		"ground": {
			"rotation": [-45, 0, 0],
			"translation": [0, 9.5, 0]
		},
		"gui": {
			"rotation": [-90, 45, 90],
			"translation": [1.75, -1.25, 0],
			"scale": [0.85547, 0.85547, 0.85547]
		},
		"head": {
			"rotation": [90, -90, 90]
		},
		"fixed": {
			"rotation": [0, -90, 0],
			"translation": [0, -5, -1.75],
			"scale": [2, 2, 2]
		}
	}
}