{
	"credit": "Made by PolygonMC",
	"texture_size": [24, 24],
	"textures": {
		"3": "fairyset/animations/animations_pickaxe",
		"4": "fairyset/animations/animations_03",
		"5": "fairyset/shovel",
		"particle": "fairyset/animations/animations_pickaxe"
	},
	"elements": [
		{
			"from": [7.5, 0.8, 7.5],
			"to": [8.5, 6.8, 8.5],
			"rotation": {"angle": 0, "axis": "y", "origin": [7.5, 0, 7.5]},
			"faces": {
				"north": {"uv": [0, 3.33333, 0.66667, 7.33333], "texture": "#5"},
				"east": {"uv": [0.66667, 3.33333, 1.33333, 7.33333], "texture": "#5"},
				"south": {"uv": [1.33333, 3.33333, 2, 7.33333], "texture": "#5"},
				"west": {"uv": [2, 3.33333, 2.66667, 7.33333], "texture": "#5"}
			}
		},
		{
			"from": [7.4, 1.8, 7.4],
			"to": [8.6, 2.3, 8.6],
			"rotation": {"angle": 0, "axis": "y", "origin": [7.5, 0, 7.5]},
			"faces": {
				"north": {"uv": [0, 12.66667, 0.83333, 13], "texture": "#5"},
				"east": {"uv": [12.66667, 0, 13.5, 0.33333], "texture": "#5"},
				"south": {"uv": [12.66667, 0.66667, 13.5, 1], "texture": "#5"},
				"west": {"uv": [1.33333, 12.66667, 2.16667, 13], "texture": "#5"},
				"up": {"uv": [0.83333, 10.83333, 0, 10], "texture": "#5"},
				"down": {"uv": [2.16667, 10, 1.33333, 10.83333], "texture": "#5"}
			}
		},
		{
			"from": [7.4, 5.55, 7.4],
			"to": [8.6, 6.05, 8.6],
			"rotation": {"angle": 0, "axis": "y", "origin": [7.5, 0, 7.5]},
			"faces": {
				"north": {"uv": [12.66667, 1.33333, 13.5, 1.66667], "texture": "#5"},
				"east": {"uv": [12.66667, 2, 13.5, 2.33333], "texture": "#5"},
				"south": {"uv": [2.66667, 12.66667, 3.5, 13], "texture": "#5"},
				"west": {"uv": [12.66667, 2.66667, 13.5, 3], "texture": "#5"},
				"up": {"uv": [3.5, 10.83333, 2.66667, 10], "texture": "#5"},
				"down": {"uv": [4.83333, 10, 4, 10.83333], "texture": "#5"}
			}
		},
		{
			"from": [7.4, 3.3, 7.4],
			"to": [8.6, 4.55, 8.6],
			"rotation": {"angle": 0, "axis": "y", "origin": [7.5, 0, 7.5]},
			"faces": {
				"north": {"uv": [5.33333, 10, 6.16667, 10.83333], "texture": "#5"},
				"east": {"uv": [10, 6.66667, 10.83333, 7.5], "texture": "#5"},
				"south": {"uv": [10, 8, 10.83333, 8.83333], "texture": "#5"},
				"west": {"uv": [10, 9.33333, 10.83333, 10.16667], "texture": "#5"},
				"up": {"uv": [11.5, 0.83333, 10.66667, 0], "texture": "#5"},
				"down": {"uv": [11.5, 1.33333, 10.66667, 2.16667], "texture": "#5"}
			}
		},
		{
			"from": [7.4, -0.1, 7.4],
			"to": [8.6, 1.1, 8.6],
			"rotation": {"angle": -45, "axis": "x", "origin": [8, 0.5, 8]},
			"faces": {
				"north": {"uv": [10.66667, 2.66667, 11.5, 3.5], "texture": "#5"},
				"east": {"uv": [10.66667, 4, 11.5, 4.83333], "texture": "#5"},
				"south": {"uv": [10.66667, 5.33333, 11.5, 6.16667], "texture": "#5"},
				"west": {"uv": [10, 10.66667, 10.83333, 11.5], "texture": "#5"},
				"up": {"uv": [0.83333, 12.16667, 0, 11.33333], "texture": "#5"},
				"down": {"uv": [2.16667, 11.33333, 1.33333, 12.16667], "texture": "#5"}
			}
		},
		{
			"from": [7.2, 0.1, 7.6],
			"to": [8.8, 0.9, 8.4],
			"rotation": {"angle": -45, "axis": "x", "origin": [8, 0.5, 8]},
			"faces": {
				"north": {"uv": [11.33333, 8, 12.33333, 8.5], "texture": "#5"},
				"east": {"uv": [5.33333, 12.66667, 5.83333, 13.16667], "texture": "#5"},
				"south": {"uv": [8.66667, 11.33333, 9.66667, 11.83333], "texture": "#5"},
				"west": {"uv": [6, 12.66667, 6.5, 13.16667], "texture": "#5"},
				"up": {"uv": [12.33333, 9.16667, 11.33333, 8.66667], "texture": "#5"},
				"down": {"uv": [12.33333, 9.33333, 11.33333, 9.83333], "texture": "#5"}
			}
		},
		{
			"from": [7.3, 9.825, 7.4],
			"to": [8.7, 12.025, 9.6],
			"rotation": {"angle": -45, "axis": "x", "origin": [8, 10.425, 8]},
			"faces": {
				"north": {"uv": [7.33333, 7.33333, 8.33333, 8.83333], "texture": "#5"},
				"east": {"uv": [5.33333, 5.33333, 6.83333, 6.83333], "texture": "#5"},
				"south": {"uv": [8, 0, 9, 1.5], "texture": "#5"},
				"west": {"uv": [6, 0, 7.5, 1.5], "texture": "#5"},
				"up": {"uv": [3.66667, 9.5, 2.66667, 8], "texture": "#5"},
				"down": {"uv": [5, 8, 4, 9.5], "texture": "#5"}
			}
		},
		{
			"from": [7.05, 10.075, 7.65],
			"to": [8.95, 11.775, 9.35],
			"rotation": {"angle": -45, "axis": "x", "origin": [8, 10.425, 8]},
			"faces": {
				"north": {"uv": [0, 7.33333, 1.33333, 8.5], "texture": "#5"},
				"east": {"uv": [8, 4.66667, 9.16667, 5.83333], "texture": "#5"},
				"south": {"uv": [1.33333, 7.33333, 2.66667, 8.5], "texture": "#5"},
				"west": {"uv": [8, 6, 9.16667, 7.16667], "texture": "#5"},
				"up": {"uv": [8.66667, 3.16667, 7.33333, 2], "texture": "#5"},
				"down": {"uv": [8.66667, 3.33333, 7.33333, 4.5], "texture": "#5"}
			}
		},
		{
			"from": [7.4, 10.59575, 5.34675],
			"to": [8.6, 11.59575, 7.34675],
			"rotation": {"angle": 0, "axis": "x", "origin": [8, 11.19176, 6.41522]},
			"faces": {
				"north": {"uv": [7.33333, 11.33333, 8.16667, 12], "texture": "#5"},
				"east": {"uv": [6, 4.66667, 7.33333, 5.33333], "texture": "#5"},
				"west": {"uv": [9.33333, 6, 10.66667, 6.66667], "texture": "#5"},
				"down": {"uv": [10.16667, 4.66667, 9.33333, 6], "texture": "#5"}
			}
		},
		{
			"from": [7.495, 10.14926, 5.50522],
			"to": [8.505, 10.95926, 7.12522],
			"rotation": {"angle": -22.5, "axis": "x", "origin": [8, 11.19176, 6.41522]},
			"faces": {
				"north": {"uv": [12, 7.33333, 12.66667, 7.83333], "texture": "#5"},
				"east": {"uv": [11.33333, 10, 12.33333, 10.5], "texture": "#5"},
				"west": {"uv": [11.33333, 10.66667, 12.33333, 11.16667], "texture": "#5"},
				"down": {"uv": [7.33333, 10, 6.66667, 11], "texture": "#5"}
			}
		},
		{
			"from": [7.33, 12.44335, 4.86442],
			"to": [8.67, 13.58335, 7.14442],
			"rotation": {"angle": 22.5, "axis": "x", "origin": [8, 11.76458, 3.13182]},
			"faces": {
				"north": {"uv": [2.66667, 11.33333, 3.5, 12.16667], "texture": "#5"},
				"east": {"uv": [8.66667, 2, 10.16667, 2.83333], "texture": "#5"},
				"south": {"uv": [4, 11.33333, 4.83333, 12.16667], "texture": "#5"},
				"west": {"uv": [8.66667, 3.33333, 10.16667, 4.16667], "texture": "#5"},
				"up": {"uv": [9.5, 8.83333, 8.66667, 7.33333], "texture": "#5"},
				"down": {"uv": [10.16667, 0, 9.33333, 1.5], "texture": "#5"}
			}
		},
		{
			"from": [7.985, -2.25, 5.75],
			"to": [8.015, 1.75, 10.25],
			"rotation": {"angle": 0, "axis": "y", "origin": [7.985, -1.25, 6.5]},
			"faces": {
				"east": {"uv": [2.66667, 0, 5.66667, 2.66667], "texture": "#5"},
				"west": {"uv": [2.66667, 2.66667, 5.66667, 5.33333], "texture": "#5"}
			}
		},
		{
			"from": [7.5, 7, 7.25],
			"to": [8.5, 11, 8.75],
			"rotation": {"angle": 0, "axis": "y", "origin": [7.75, 2, 6.75]},
			"faces": {
				"north": {"uv": [6, 2, 6.66667, 4.66667], "texture": "#5"},
				"east": {"uv": [2.66667, 5.33333, 3.66667, 8], "texture": "#5"},
				"south": {"uv": [6.66667, 2, 7.33333, 4.66667], "texture": "#5"},
				"west": {"uv": [4, 5.33333, 5, 8], "texture": "#5"}
			}
		},
		{
			"from": [7.601, 6.67938, 5.22084],
			"to": [8.399, 7.67938, 5.97084],
			"rotation": {"angle": -45, "axis": "x", "origin": [8.001, 8.67938, 5.59584]},
			"faces": {
				"north": {"uv": [8, 12, 8.5, 12.66667], "texture": "#5"},
				"east": {"uv": [8.66667, 12, 9.16667, 12.66667], "texture": "#5"},
				"south": {"uv": [9.33333, 12, 9.83333, 12.66667], "texture": "#5"},
				"west": {"uv": [10, 12, 10.5, 12.66667], "texture": "#5"},
				"up": {"uv": [13.16667, 6.5, 12.66667, 6], "texture": "#5"}
			}
		},
		{
			"from": [7.601, 9.9205, 6.1565],
			"to": [8.399, 10.6705, 7.1565],
			"rotation": {"angle": -45, "axis": "x", "origin": [8.001, 10.2955, 6.6565]},
			"faces": {
				"east": {"uv": [10.66667, 12, 11.33333, 12.5], "texture": "#5"},
				"south": {"uv": [6.66667, 12.66667, 7.16667, 13.16667], "texture": "#5"},
				"west": {"uv": [11.33333, 12, 12, 12.5], "texture": "#5"},
				"up": {"uv": [12.5, 12, 12, 11.33333], "texture": "#5"},
				"down": {"uv": [12.5, 12, 12, 12.66667], "texture": "#5"}
			}
		},
		{
			"from": [7.6, 7.70711, 6.03778],
			"to": [8.4, 10.20711, 6.78778],
			"rotation": {"angle": 0, "axis": "x", "origin": [8, 8.45711, 6.41278]},
			"faces": {
				"north": {"uv": [7.33333, 9.33333, 7.83333, 11], "texture": "#5"},
				"east": {"uv": [8, 9.33333, 8.5, 11], "texture": "#5"},
				"south": {"uv": [8.66667, 9.33333, 9.16667, 11], "texture": "#5"},
				"west": {"uv": [9.33333, 9.33333, 9.83333, 11], "texture": "#5"},
				"up": {"uv": [13.16667, 7.16667, 12.66667, 6.66667], "texture": "#5"},
				"down": {"uv": [13.16667, 7.33333, 12.66667, 7.83333], "texture": "#5"}
			}
		},
		{
			"from": [7.33, 12.44335, 8.85558],
			"to": [8.67, 13.58335, 11.13558],
			"rotation": {"angle": -22.5, "axis": "x", "origin": [8, 11.76458, 12.86818]},
			"faces": {
				"north": {"uv": [4.83333, 11.33333, 4, 12.16667], "texture": "#5"},
				"east": {"uv": [10.16667, 2, 8.66667, 2.83333], "texture": "#5"},
				"south": {"uv": [3.5, 11.33333, 2.66667, 12.16667], "texture": "#5"},
				"west": {"uv": [10.16667, 3.33333, 8.66667, 4.16667], "texture": "#5"},
				"up": {"uv": [9.5, 7.33333, 8.66667, 8.83333], "texture": "#5"},
				"down": {"uv": [10.16667, 1.5, 9.33333, 0], "texture": "#5"}
			}
		},
		{
			"from": [7.4, 10.59575, 8.65325],
			"to": [8.6, 11.59575, 10.65325],
			"rotation": {"angle": 0, "axis": "x", "origin": [8, 11.19176, 9.58478]},
			"faces": {
				"east": {"uv": [7.33333, 4.66667, 6, 5.33333], "texture": "#5"},
				"south": {"uv": [8.16667, 11.33333, 7.33333, 12], "texture": "#5"},
				"west": {"uv": [10.66667, 6, 9.33333, 6.66667], "texture": "#5"},
				"down": {"uv": [10.16667, 6, 9.33333, 4.66667], "texture": "#5"}
			}
		},
		{
			"from": [7.495, 10.14926, 8.87478],
			"to": [8.505, 10.95926, 10.49478],
			"rotation": {"angle": 22.5, "axis": "x", "origin": [8, 11.19176, 9.58478]},
			"faces": {
				"east": {"uv": [12.33333, 10, 11.33333, 10.5], "texture": "#5"},
				"south": {"uv": [12.66667, 7.33333, 12, 7.83333], "texture": "#5"},
				"west": {"uv": [12.33333, 10.66667, 11.33333, 11.16667], "texture": "#5"},
				"down": {"uv": [7.33333, 11, 6.66667, 10], "texture": "#5"}
			}
		},
		{
			"from": [7.601, 9.9205, 8.8435],
			"to": [8.399, 10.6705, 9.8435],
			"rotation": {"angle": 45, "axis": "x", "origin": [8.001, 10.2955, 9.3435]},
			"faces": {
				"north": {"uv": [7.16667, 12.66667, 6.66667, 13.16667], "texture": "#5"},
				"east": {"uv": [11.33333, 12, 10.66667, 12.5], "texture": "#5"},
				"west": {"uv": [12, 12, 11.33333, 12.5], "texture": "#5"},
				"up": {"uv": [12.5, 11.33333, 12, 12], "texture": "#5"},
				"down": {"uv": [12.5, 12.66667, 12, 12], "texture": "#5"}
			}
		},
		{
			"from": [7.6, 7.70711, 9.21222],
			"to": [8.4, 10.20711, 9.96222],
			"rotation": {"angle": 0, "axis": "x", "origin": [8, 8.45711, 9.58722]},
			"faces": {
				"north": {"uv": [9.16667, 9.33333, 8.66667, 11], "texture": "#5"},
				"east": {"uv": [8.5, 9.33333, 8, 11], "texture": "#5"},
				"south": {"uv": [7.83333, 9.33333, 7.33333, 11], "texture": "#5"},
				"west": {"uv": [9.83333, 9.33333, 9.33333, 11], "texture": "#5"},
				"up": {"uv": [13.16667, 6.66667, 12.66667, 7.16667], "texture": "#5"},
				"down": {"uv": [13.16667, 7.83333, 12.66667, 7.33333], "texture": "#5"}
			}
		},
		{
			"from": [7.601, 6.67938, 10.02916],
			"to": [8.399, 7.67938, 10.77916],
			"rotation": {"angle": 45, "axis": "x", "origin": [8.001, 8.67938, 10.40416]},
			"faces": {
				"north": {"uv": [9.83333, 12, 9.33333, 12.66667], "texture": "#5"},
				"east": {"uv": [9.16667, 12, 8.66667, 12.66667], "texture": "#5"},
				"south": {"uv": [8.5, 12, 8, 12.66667], "texture": "#5"},
				"west": {"uv": [10.5, 12, 10, 12.66667], "texture": "#5"},
				"up": {"uv": [13.16667, 6, 12.66667, 6.5], "texture": "#5"}
			}
		},
		{
			"from": [7.5975, 5.74489, 8],
			"to": [8.4025, 7.51989, 9.775],
			"rotation": {"angle": -45, "axis": "x", "origin": [7.7475, 5.74489, 8]},
			"faces": {
				"north": {"uv": [5.33333, 11.33333, 5.83333, 12.5], "texture": "#5"},
				"east": {"uv": [0, 8.66667, 1.16667, 9.83333], "texture": "#5"},
				"south": {"uv": [6, 11.33333, 6.5, 12.5], "texture": "#5"},
				"west": {"uv": [1.33333, 8.66667, 2.5, 9.83333], "texture": "#5"},
				"up": {"uv": [7.16667, 12.5, 6.66667, 11.33333], "texture": "#5"},
				"down": {"uv": [11.83333, 6.66667, 11.33333, 7.83333], "texture": "#5"}
			}
		},
		{
			"from": [7.4975, 6.24835, 8],
			"to": [8.5025, 7.31135, 9.063],
			"rotation": {"angle": -45, "axis": "x", "origin": [8.2525, 6.24835, 8]},
			"faces": {
				"north": {"uv": [9.33333, 6.66667, 10, 7.33333], "texture": "#5"},
				"east": {"uv": [11.33333, 11.33333, 12, 12], "texture": "#5"},
				"south": {"uv": [12, 0, 12.66667, 0.66667], "texture": "#5"},
				"west": {"uv": [12, 0.66667, 12.66667, 1.33333], "texture": "#5"},
				"up": {"uv": [12.66667, 2, 12, 1.33333], "texture": "#5"},
				"down": {"uv": [12.66667, 2, 12, 2.66667], "texture": "#5"}
			}
		},
		{
			"from": [7.975, 10.8214, 2.98275],
			"to": [8.025, 17.8214, 6.73275],
			"rotation": {"angle": -22.5, "axis": "x", "origin": [7.99, 14.3214, 4.85775]},
			"faces": {
				"east": {"uv": [0, 0, 14, 7.5], "rotation": 90, "texture": "#3"},
				"west": {"uv": [0, 7.5, 14, 0], "rotation": 90, "texture": "#3"}
			}
		},
		{
			"from": [7.975, 10.8214, 9.26725],
			"to": [8.025, 17.8214, 13.01725],
			"rotation": {"angle": 22.5, "axis": "x", "origin": [7.99, 14.3214, 11.14225]},
			"faces": {
				"east": {"uv": [0, 7.5, 14, 0], "rotation": 90, "texture": "#3"},
				"west": {"uv": [0, 0, 14, 7.5], "rotation": 90, "texture": "#3"}
			}
		},
		{
			"from": [7.5, 11.75462, 5.09273],
			"to": [8.5, 15.25462, 6.09273],
			"rotation": {"angle": 0, "axis": "x", "origin": [8, 15.49292, 5.92946]},
			"faces": {
				"north": {"uv": [7.33333, 4.66667, 8, 7], "texture": "#5"},
				"east": {"uv": [5.33333, 7.33333, 6, 9.66667], "texture": "#5"},
				"south": {"uv": [6, 7.33333, 6.66667, 9.66667], "texture": "#5"},
				"west": {"uv": [6.66667, 7.33333, 7.33333, 9.66667], "texture": "#5"},
				"up": {"uv": [12.66667, 3.33333, 12, 2.66667], "texture": "#5"}
			}
		},
		{
			"from": [7.605, 14.95525, 5.30963],
			"to": [8.395, 16.14025, 6.09963],
			"rotation": {"angle": 22.5, "axis": "x", "origin": [8, 15.49292, 5.92946]},
			"faces": {
				"north": {"uv": [12, 3.33333, 12.5, 4.16667], "texture": "#5"},
				"east": {"uv": [12, 4.66667, 12.5, 5.5], "texture": "#5"},
				"south": {"uv": [12, 6, 12.5, 6.83333], "texture": "#5"},
				"west": {"uv": [7.33333, 12, 7.83333, 12.83333], "texture": "#5"},
				"up": {"uv": [8.5, 13.16667, 8, 12.66667], "texture": "#5"}
			}
		},
		{
			"from": [7.68795, 15.83678, 5.15668],
			"to": [8.31205, 17.02293, 5.78078],
			"rotation": {"angle": 45, "axis": "x", "origin": [8, 15.49292, 5.92946]},
			"faces": {
				"north": {"uv": [12.66667, 3.33333, 13, 4.16667], "texture": "#5"},
				"east": {"uv": [4, 12.66667, 4.33333, 13.5], "texture": "#5"},
				"south": {"uv": [4.66667, 12.66667, 5, 13.5], "texture": "#5"},
				"west": {"uv": [12.66667, 4.66667, 13, 5.5], "texture": "#5"},
				"up": {"uv": [13, 8.33333, 12.66667, 8], "texture": "#5"}
			}
		},
		{
			"from": [7.68795, 15.83678, 10.21922],
			"to": [8.31205, 17.02293, 10.84332],
			"rotation": {"angle": -45, "axis": "x", "origin": [8, 15.49292, 10.07054]},
			"faces": {
				"north": {"uv": [5, 12.66667, 4.66667, 13.5], "texture": "#5"},
				"east": {"uv": [4.33333, 12.66667, 4, 13.5], "texture": "#5"},
				"south": {"uv": [13, 3.33333, 12.66667, 4.16667], "texture": "#5"},
				"west": {"uv": [13, 4.66667, 12.66667, 5.5], "texture": "#5"},
				"up": {"uv": [13, 8, 12.66667, 8.33333], "texture": "#5"}
			}
		},
		{
			"from": [7.605, 14.95525, 9.90037],
			"to": [8.395, 16.14025, 10.69037],
			"rotation": {"angle": -22.5, "axis": "x", "origin": [8, 15.49292, 10.07054]},
			"faces": {
				"north": {"uv": [12.5, 6, 12, 6.83333], "texture": "#5"},
				"east": {"uv": [12.5, 4.66667, 12, 5.5], "texture": "#5"},
				"south": {"uv": [12.5, 3.33333, 12, 4.16667], "texture": "#5"},
				"west": {"uv": [7.83333, 12, 7.33333, 12.83333], "texture": "#5"},
				"up": {"uv": [8.5, 12.66667, 8, 13.16667], "texture": "#5"}
			}
		},
		{
			"from": [7.5, 11.75462, 9.90727],
			"to": [8.5, 15.25462, 10.90727],
			"rotation": {"angle": 0, "axis": "x", "origin": [8, 15.49292, 10.07054]},
			"faces": {
				"north": {"uv": [6.66667, 7.33333, 6, 9.66667], "texture": "#5"},
				"east": {"uv": [6, 7.33333, 5.33333, 9.66667], "texture": "#5"},
				"south": {"uv": [8, 4.66667, 7.33333, 7], "texture": "#5"},
				"west": {"uv": [7.33333, 7.33333, 6.66667, 9.66667], "texture": "#5"},
				"up": {"uv": [12.66667, 2.66667, 12, 3.33333], "texture": "#5"}
			}
		},
		{
			"from": [7.6, -2.5, 5.5],
			"to": [7.6, 2.5, 10.5],
			"rotation": {"angle": 0, "axis": "y", "origin": [7.6, -7, 6.5]},
			"faces": {
				"west": {"uv": [0, 0, 10, 10], "texture": "#4"}
			}
		},
		{
			"from": [8.4, -2.5, 5.5],
			"to": [8.4, 2.5, 10.5],
			"rotation": {"angle": 0, "axis": "y", "origin": [8.4, -7, 6.5]},
			"faces": {
				"east": {"uv": [10, 0, 0, 10], "texture": "#4"}
			}
		},
		{
			"from": [7.985, 12, 6],
			"to": [8.015, 17, 10],
			"rotation": {"angle": 0, "axis": "y", "origin": [7.985, 12, 6]},
			"faces": {
				"east": {"uv": [2.66667, 0, 0, 3.33333], "texture": "#5"},
				"west": {"uv": [0, 0, 2.66667, 3.33333], "texture": "#5"}
			}
		}
	],
	"gui_light": "front",
	"display": {
		"thirdperson_righthand": {
			"translation": [0, 2.25, 1]
		},
		"thirdperson_lefthand": {
			"translation": [0, 2.25, 1]
		},
		"firstperson_righthand": {
			"rotation": [-10, 0, 0],
			"translation": [0, 4, 0]
		},
		"firstperson_lefthand": {
			"rotation": [-10, 0, 0],
			"translation": [0, 4, 0]
		},
		"ground": {
			"rotation": [-45, 0, 0],
			"translation": [0, 9.5, 0]
		},
		"gui": {
			"rotation": [-90, 45, 90],
			"translation": [-0.25, 0.25, 0],
			"scale": [0.85547, 0.85547, 0.85547]
		},
		"head": {
			"rotation": [90, -90, 90]
		},
		"fixed": {
			"rotation": [0, -90, 0],
			"translation": [0, 1.25, -1.75],
			"scale": [2, 2, 2]
		}
	}
}