{
	"credit": "Made by PolygonMC",
	"texture_size": [28, 28],
	"textures": {
		"3": "fairyset/animations/animations_pickaxe",
		"4": "fairyset/animations/animations_03",
		"6": "fairyset/trident",
		"particle": "fairyset/animations/animations_pickaxe"
	},
	"elements": [
		{
			"from": [7.5, 0.8, 7.5],
			"to": [8.5, 6.8, 8.5],
			"rotation": {"angle": 0, "axis": "y", "origin": [7.5, 0, 7.5]},
			"faces": {
				"north": {"uv": [4.57143, 5.71429, 5.14286, 9.14286], "texture": "#6"},
				"east": {"uv": [5.14286, 5.71429, 5.71429, 9.14286], "texture": "#6"},
				"south": {"uv": [5.71429, 5.14286, 6.28571, 8.57143], "texture": "#6"},
				"west": {"uv": [6.28571, 5.14286, 6.85714, 8.57143], "texture": "#6"}
			}
		},
		{
			"from": [7.5, 11.8, 7.5],
			"to": [8.5, 15.8, 8.5],
			"rotation": {"angle": 0, "axis": "y", "origin": [7.5, 9, 7.5]},
			"faces": {
				"north": {"uv": [7.42857, 3.42857, 8, 5.71429], "texture": "#6"},
				"east": {"uv": [7.42857, 5.71429, 8, 8], "texture": "#6"},
				"south": {"uv": [1.14286, 8, 1.71429, 10.28571], "texture": "#6"},
				"west": {"uv": [1.71429, 8, 2.28571, 10.28571], "texture": "#6"}
			}
		},
		{
			"from": [7.4, 1.8, 7.4],
			"to": [8.6, 2.3, 8.6],
			"rotation": {"angle": 0, "axis": "y", "origin": [7.5, 0, 7.5]},
			"faces": {
				"north": {"uv": [4, 13.14286, 4.71429, 13.42857], "texture": "#6"},
				"east": {"uv": [13.14286, 4, 13.85714, 4.28571], "texture": "#6"},
				"south": {"uv": [13.14286, 4.57143, 13.85714, 4.85714], "texture": "#6"},
				"west": {"uv": [5.14286, 13.14286, 5.85714, 13.42857], "texture": "#6"},
				"up": {"uv": [11, 1.85714, 10.28571, 1.14286], "texture": "#6"},
				"down": {"uv": [11, 9.71429, 10.28571, 10.42857], "texture": "#6"}
			}
		},
		{
			"from": [7.4, 5.55, 7.4],
			"to": [8.6, 6.05, 8.6],
			"rotation": {"angle": 0, "axis": "y", "origin": [7.5, 0, 7.5]},
			"faces": {
				"north": {"uv": [13.14286, 5.14286, 13.85714, 5.42857], "texture": "#6"},
				"east": {"uv": [13.14286, 5.71429, 13.85714, 6], "texture": "#6"},
				"south": {"uv": [13.14286, 6.28571, 13.85714, 6.57143], "texture": "#6"},
				"west": {"uv": [13.14286, 6.85714, 13.85714, 7.14286], "texture": "#6"},
				"up": {"uv": [0.71429, 11.57143, 0, 10.85714], "texture": "#6"},
				"down": {"uv": [11.57143, 2.28571, 10.85714, 3], "texture": "#6"}
			}
		},
		{
			"from": [7.4, 3.3, 7.4],
			"to": [8.6, 4.55, 8.6],
			"rotation": {"angle": 0, "axis": "y", "origin": [7.5, 0, 7.5]},
			"faces": {
				"north": {"uv": [10.85714, 3.42857, 11.57143, 4.14286], "texture": "#6"},
				"east": {"uv": [4, 10.85714, 4.71429, 11.57143], "texture": "#6"},
				"south": {"uv": [10.85714, 4.57143, 11.57143, 5.28571], "texture": "#6"},
				"west": {"uv": [10.85714, 5.71429, 11.57143, 6.42857], "texture": "#6"},
				"up": {"uv": [11.57143, 7.57143, 10.85714, 6.85714], "texture": "#6"},
				"down": {"uv": [8.71429, 10.85714, 8, 11.57143], "texture": "#6"}
			}
		},
		{
			"from": [7.4, 6.8, 7.4],
			"to": [8.6, 11.8, 8.6],
			"rotation": {"angle": 0, "axis": "y", "origin": [7.5, 3.5, 7.5]},
			"faces": {
				"north": {"uv": [1.14286, 5.14286, 1.85714, 8], "texture": "#6"},
				"east": {"uv": [2.28571, 5.14286, 3, 8], "texture": "#6"},
				"south": {"uv": [3.42857, 5.14286, 4.14286, 8], "texture": "#6"},
				"west": {"uv": [5.71429, 2.28571, 6.42857, 5.14286], "texture": "#6"},
				"up": {"uv": [11.57143, 8.71429, 10.85714, 8], "texture": "#6"},
				"down": {"uv": [9.85714, 10.85714, 9.14286, 11.57143], "texture": "#6"}
			}
		},
		{
			"from": [7.4, -0.1, 7.4],
			"to": [8.6, 1.1, 8.6],
			"rotation": {"angle": -45, "axis": "x", "origin": [8, 0.5, 8]},
			"faces": {
				"north": {"uv": [10.28571, 10.85714, 11, 11.57143], "texture": "#6"},
				"east": {"uv": [11.42857, 0, 12.14286, 0.71429], "texture": "#6"},
				"south": {"uv": [11.42857, 1.14286, 12.14286, 1.85714], "texture": "#6"},
				"west": {"uv": [6.28571, 11.42857, 7, 12.14286], "texture": "#6"},
				"up": {"uv": [12.14286, 9.85714, 11.42857, 9.14286], "texture": "#6"},
				"down": {"uv": [12.14286, 10.28571, 11.42857, 11], "texture": "#6"}
			}
		},
		{
			"from": [7.2, 0.1, 7.6],
			"to": [8.8, 0.9, 8.4],
			"rotation": {"angle": -45, "axis": "x", "origin": [8, 0.5, 8]},
			"faces": {
				"north": {"uv": [12, 8.57143, 12.85714, 9], "texture": "#6"},
				"east": {"uv": [11.42857, 13.14286, 11.85714, 13.57143], "texture": "#6"},
				"south": {"uv": [9.71429, 12, 10.57143, 12.42857], "texture": "#6"},
				"west": {"uv": [12, 13.14286, 12.42857, 13.57143], "texture": "#6"},
				"up": {"uv": [13.42857, 0.42857, 12.57143, 0], "texture": "#6"},
				"down": {"uv": [13.42857, 0.57143, 12.57143, 1], "texture": "#6"}
			}
		},
		{
			"from": [7.3, 21.325, 7.4],
			"to": [8.7, 23.525, 9.6],
			"rotation": {"angle": -45, "axis": "x", "origin": [8, 21.925, 8]},
			"faces": {
				"north": {"uv": [8, 5.71429, 8.85714, 7], "texture": "#6"},
				"east": {"uv": [7.42857, 0, 8.71429, 1.28571], "texture": "#6"},
				"south": {"uv": [7.42857, 8, 8.28571, 9.28571], "texture": "#6"},
				"west": {"uv": [7.42857, 1.71429, 8.71429, 3], "texture": "#6"},
				"up": {"uv": [0.85714, 9.85714, 0, 8.57143], "texture": "#6"},
				"down": {"uv": [6.57143, 8.57143, 5.71429, 9.85714], "texture": "#6"}
			}
		},
		{
			"from": [7.05, 21.575, 7.65],
			"to": [8.95, 23.275, 9.35],
			"rotation": {"angle": -45, "axis": "x", "origin": [8, 21.925, 8]},
			"faces": {
				"north": {"uv": [2.28571, 8, 3.42857, 9], "texture": "#6"},
				"east": {"uv": [8.57143, 7.42857, 9.57143, 8.42857], "texture": "#6"},
				"south": {"uv": [3.42857, 8, 4.57143, 9], "texture": "#6"},
				"west": {"uv": [8.57143, 8.57143, 9.57143, 9.57143], "texture": "#6"},
				"up": {"uv": [9.14286, 4.42857, 8, 3.42857], "texture": "#6"},
				"down": {"uv": [9.14286, 4.57143, 8, 5.57143], "texture": "#6"}
			}
		},
		{
			"from": [7.4, 22.09575, 5.34675],
			"to": [8.6, 23.09575, 7.34675],
			"rotation": {"angle": 0, "axis": "x", "origin": [8, 22.69176, 6.41522]},
			"faces": {
				"north": {"uv": [12, 8, 12.71429, 8.57143], "texture": "#6"},
				"east": {"uv": [9.71429, 9.14286, 10.85714, 9.71429], "texture": "#6"},
				"west": {"uv": [0, 10.28571, 1.14286, 10.85714], "texture": "#6"},
				"down": {"uv": [8.71429, 9.71429, 8, 10.85714], "texture": "#6"}
			}
		},
		{
			"from": [7.495, 21.64926, 5.50522],
			"to": [8.505, 22.45926, 7.12522],
			"rotation": {"angle": -22.5, "axis": "x", "origin": [8, 22.69176, 6.41522]},
			"faces": {
				"north": {"uv": [9.71429, 12.57143, 10.28571, 13], "texture": "#6"},
				"east": {"uv": [12.57143, 1.14286, 13.42857, 1.57143], "texture": "#6"},
				"west": {"uv": [12.57143, 1.71429, 13.42857, 2.14286], "texture": "#6"},
				"down": {"uv": [6.85714, 10.28571, 6.28571, 11.14286], "texture": "#6"}
			}
		},
		{
			"from": [7.33, 22.64325, 4.89515],
			"to": [8.67, 23.78325, 7.17515],
			"rotation": {"angle": 22.5, "axis": "x", "origin": [8, 22.69176, 6.41522]},
			"faces": {
				"north": {"uv": [11.42857, 11.42857, 12.14286, 12.14286], "texture": "#6"},
				"east": {"uv": [2.28571, 9.14286, 3.57143, 9.85714], "texture": "#6"},
				"south": {"uv": [0, 12, 0.71429, 12.71429], "texture": "#6"},
				"west": {"uv": [9.14286, 2.28571, 10.42857, 3], "texture": "#6"},
				"up": {"uv": [9.85714, 4.71429, 9.14286, 3.42857], "texture": "#6"},
				"down": {"uv": [4.71429, 9.14286, 4, 10.42857], "texture": "#6"}
			}
		},
		{
			"from": [7.985, -2.25, 5.75],
			"to": [8.015, 1.75, 10.25],
			"rotation": {"angle": 0, "axis": "y", "origin": [7.985, -1.25, 6.5]},
			"faces": {
				"east": {"uv": [7.14286, 0, 4.57143, 2.28571], "texture": "#6"},
				"west": {"uv": [4.57143, 0, 7.14286, 2.28571], "texture": "#6"}
			}
		},
		{
			"from": [7.5, 16, 7.25],
			"to": [8.5, 22, 8.75],
			"rotation": {"angle": 0, "axis": "y", "origin": [7.75, 11, 6.75]},
			"faces": {
				"north": {"uv": [6.85714, 2.28571, 7.42857, 5.71429], "texture": "#6"},
				"east": {"uv": [4.57143, 2.28571, 5.42857, 5.71429], "texture": "#6"},
				"south": {"uv": [6.85714, 5.71429, 7.42857, 9.14286], "texture": "#6"},
				"west": {"uv": [0, 5.14286, 0.85714, 8.57143], "texture": "#6"}
			}
		},
		{
			"from": [7.601, 18.17938, 5.22084],
			"to": [8.399, 19.17938, 5.97084],
			"rotation": {"angle": -45, "axis": "x", "origin": [8.001, 20.17938, 5.59584]},
			"faces": {
				"north": {"uv": [10.28571, 12.57143, 10.71429, 13.14286], "texture": "#6"},
				"east": {"uv": [12.57143, 10.28571, 13, 10.85714], "texture": "#6"},
				"south": {"uv": [10.85714, 12.57143, 11.28571, 13.14286], "texture": "#6"},
				"west": {"uv": [12.57143, 10.85714, 13, 11.42857], "texture": "#6"},
				"up": {"uv": [13.57143, 12.42857, 13.14286, 12], "texture": "#6"}
			}
		},
		{
			"from": [7.601, 21.4205, 6.1565],
			"to": [8.399, 22.1705, 7.1565],
			"rotation": {"angle": -45, "axis": "x", "origin": [8.001, 21.7955, 6.6565]},
			"faces": {
				"east": {"uv": [11.42857, 12.57143, 12, 13], "texture": "#6"},
				"south": {"uv": [12.57143, 13.14286, 13, 13.57143], "texture": "#6"},
				"west": {"uv": [12.57143, 11.42857, 13.14286, 11.85714], "texture": "#6"},
				"up": {"uv": [12.42857, 13.14286, 12, 12.57143], "texture": "#6"},
				"down": {"uv": [13, 12, 12.57143, 12.57143], "texture": "#6"}
			}
		},
		{
			"from": [7.6, 19.20711, 6.03778],
			"to": [8.4, 21.70711, 6.78778],
			"rotation": {"angle": 0, "axis": "x", "origin": [8, 19.95711, 6.41278]},
			"faces": {
				"north": {"uv": [5.14286, 9.14286, 5.57143, 10.57143], "texture": "#6"},
				"east": {"uv": [1.14286, 10.28571, 1.57143, 11.71429], "texture": "#6"},
				"south": {"uv": [1.71429, 10.28571, 2.14286, 11.71429], "texture": "#6"},
				"west": {"uv": [2.28571, 10.28571, 2.71429, 11.71429], "texture": "#6"},
				"up": {"uv": [13.57143, 13, 13.14286, 12.57143], "texture": "#6"},
				"down": {"uv": [13.57143, 13.14286, 13.14286, 13.57143], "texture": "#6"}
			}
		},
		{
			"from": [7.5975, 17.24489, 8],
			"to": [8.4025, 19.01989, 9.775],
			"rotation": {"angle": -45, "axis": "x", "origin": [7.7475, 17.24489, 8]},
			"faces": {
				"north": {"uv": [5.71429, 12, 6.14286, 13], "texture": "#6"},
				"east": {"uv": [9.14286, 0, 10.14286, 1], "texture": "#6"},
				"south": {"uv": [12, 5.71429, 12.42857, 6.71429], "texture": "#6"},
				"west": {"uv": [9.14286, 1.14286, 10.14286, 2.14286], "texture": "#6"},
				"up": {"uv": [12.42857, 7.85714, 12, 6.85714], "texture": "#6"},
				"down": {"uv": [8.42857, 12, 8, 13], "texture": "#6"}
			}
		},
		{
			"from": [7.4975, 15.24835, 8],
			"to": [8.5025, 16.31135, 9.063],
			"rotation": {"angle": -45, "axis": "x", "origin": [8.2525, 15.24835, 8]},
			"faces": {
				"north": {"uv": [8, 7.42857, 8.57143, 8], "texture": "#6"},
				"east": {"uv": [6.85714, 9.14286, 7.42857, 9.71429], "texture": "#6"},
				"south": {"uv": [10.85714, 9.14286, 11.42857, 9.71429], "texture": "#6"},
				"west": {"uv": [10.85714, 12, 11.42857, 12.57143], "texture": "#6"},
				"up": {"uv": [13.14286, 4, 12.57143, 3.42857], "texture": "#6"},
				"down": {"uv": [13.14286, 4, 12.57143, 4.57143], "texture": "#6"}
			}
		},
		{
			"from": [7.5, 23.47654, 6.07178],
			"to": [8.5, 24.97654, 7.07178],
			"rotation": {"angle": -22.5, "axis": "x", "origin": [8, 25.21485, 6.90852]},
			"faces": {
				"north": {"uv": [5.14286, 10.85714, 5.71429, 11.71429], "texture": "#6"},
				"east": {"uv": [7.42857, 11.42857, 8, 12.28571], "texture": "#6"},
				"south": {"uv": [12, 2.28571, 12.57143, 3.14286], "texture": "#6"},
				"west": {"uv": [3.42857, 12, 4, 12.85714], "texture": "#6"},
				"up": {"uv": [13.14286, 5.14286, 12.57143, 4.57143], "texture": "#6"}
			}
		},
		{
			"from": [7.605, 24.67718, 6.28869],
			"to": [8.395, 25.86218, 7.07869],
			"rotation": {"angle": 0, "axis": "x", "origin": [8, 25.21485, 6.90852]},
			"faces": {
				"north": {"uv": [12.57143, 5.71429, 13, 6.42857], "texture": "#6"},
				"east": {"uv": [6.28571, 12.57143, 6.71429, 13.28571], "texture": "#6"},
				"south": {"uv": [6.85714, 12.57143, 7.28571, 13.28571], "texture": "#6"},
				"west": {"uv": [12.57143, 6.85714, 13, 7.57143], "texture": "#6"},
				"up": {"uv": [0.42857, 14.14286, 0, 13.71429], "texture": "#6"}
			}
		},
		{
			"from": [7.68795, 25.55871, 6.13574],
			"to": [8.31205, 26.74486, 6.75984],
			"rotation": {"angle": 22.5, "axis": "x", "origin": [8, 25.21485, 6.90852]},
			"faces": {
				"north": {"uv": [13.14286, 7.42857, 13.42857, 8.14286], "texture": "#6"},
				"east": {"uv": [8, 13.14286, 8.28571, 13.85714], "texture": "#6"},
				"south": {"uv": [13.14286, 8.57143, 13.42857, 9.28571], "texture": "#6"},
				"west": {"uv": [9.71429, 13.14286, 10, 13.85714], "texture": "#6"},
				"up": {"uv": [2, 14, 1.71429, 13.71429], "texture": "#6"}
			}
		},
		{
			"from": [7.4, 22.09575, 8.65325],
			"to": [8.6, 23.09575, 10.65325],
			"rotation": {"angle": 0, "axis": "x", "origin": [8, 22.69176, 9.58478]},
			"faces": {
				"east": {"uv": [10.28571, 0, 11.42857, 0.57143], "texture": "#6"},
				"south": {"uv": [8.57143, 12, 9.28571, 12.57143], "texture": "#6"},
				"west": {"uv": [10.28571, 0.57143, 11.42857, 1.14286], "texture": "#6"},
				"down": {"uv": [9.85714, 9.71429, 9.14286, 10.85714], "texture": "#6"}
			}
		},
		{
			"from": [7.495, 21.64926, 8.87478],
			"to": [8.505, 22.45926, 10.49478],
			"rotation": {"angle": 22.5, "axis": "x", "origin": [8, 22.69176, 9.58478]},
			"faces": {
				"east": {"uv": [12.57143, 2.28571, 13.42857, 2.71429], "texture": "#6"},
				"south": {"uv": [12.57143, 12.57143, 13.14286, 13], "texture": "#6"},
				"west": {"uv": [12.57143, 2.85714, 13.42857, 3.28571], "texture": "#6"},
				"down": {"uv": [12.57143, 3.42857, 12, 4.28571], "texture": "#6"}
			}
		},
		{
			"from": [7.33, 22.64325, 8.82485],
			"to": [8.67, 23.78325, 11.10485],
			"rotation": {"angle": -22.5, "axis": "x", "origin": [8, 22.69176, 9.58478]},
			"faces": {
				"north": {"uv": [1.14286, 12, 1.85714, 12.71429], "texture": "#6"},
				"east": {"uv": [9.14286, 5.14286, 10.42857, 5.85714], "texture": "#6"},
				"south": {"uv": [2.28571, 12, 3, 12.71429], "texture": "#6"},
				"west": {"uv": [9.14286, 6.28571, 10.42857, 7], "texture": "#6"},
				"up": {"uv": [7.57143, 11, 6.85714, 9.71429], "texture": "#6"},
				"down": {"uv": [10.42857, 7.42857, 9.71429, 8.71429], "texture": "#6"}
			}
		},
		{
			"from": [7.601, 18.17938, 10.02916],
			"to": [8.399, 19.17938, 10.77916],
			"rotation": {"angle": 45, "axis": "x", "origin": [8.001, 20.17938, 10.40416]},
			"faces": {
				"north": {"uv": [0, 13.14286, 0.42857, 13.71429], "texture": "#6"},
				"east": {"uv": [0.57143, 13.14286, 1, 13.71429], "texture": "#6"},
				"south": {"uv": [1.14286, 13.14286, 1.57143, 13.71429], "texture": "#6"},
				"west": {"uv": [1.71429, 13.14286, 2.14286, 13.71429], "texture": "#6"},
				"up": {"uv": [14.14286, 0.42857, 13.71429, 0], "texture": "#6"}
			}
		},
		{
			"from": [7.601, 21.4205, 8.8435],
			"to": [8.399, 22.1705, 9.8435],
			"rotation": {"angle": 45, "axis": "x", "origin": [8.001, 21.7955, 9.3435]},
			"faces": {
				"north": {"uv": [0.57143, 13.71429, 1, 14.14286], "texture": "#6"},
				"east": {"uv": [2.28571, 13.14286, 2.85714, 13.57143], "texture": "#6"},
				"west": {"uv": [2.85714, 13.14286, 3.42857, 13.57143], "texture": "#6"},
				"up": {"uv": [3.85714, 13.71429, 3.42857, 13.14286], "texture": "#6"},
				"down": {"uv": [13.57143, 3.42857, 13.14286, 4], "texture": "#6"}
			}
		},
		{
			"from": [7.6, 19.20711, 9.21222],
			"to": [8.4, 21.70711, 9.96222],
			"rotation": {"angle": 0, "axis": "x", "origin": [8, 19.95711, 9.58722]},
			"faces": {
				"north": {"uv": [2.85714, 10.28571, 3.28571, 11.71429], "texture": "#6"},
				"east": {"uv": [3.42857, 10.28571, 3.85714, 11.71429], "texture": "#6"},
				"south": {"uv": [10.28571, 3.42857, 10.71429, 4.85714], "texture": "#6"},
				"west": {"uv": [5.71429, 10.28571, 6.14286, 11.71429], "texture": "#6"},
				"up": {"uv": [14.14286, 1, 13.71429, 0.57143], "texture": "#6"},
				"down": {"uv": [1.57143, 13.71429, 1.14286, 14.14286], "texture": "#6"}
			}
		},
		{
			"from": [7.5, 23.47654, 8.92822],
			"to": [8.5, 24.97654, 9.92822],
			"rotation": {"angle": 22.5, "axis": "x", "origin": [8, 25.21485, 9.09148]},
			"faces": {
				"north": {"uv": [4, 12, 4.57143, 12.85714], "texture": "#6"},
				"east": {"uv": [4.57143, 12, 5.14286, 12.85714], "texture": "#6"},
				"south": {"uv": [12, 4.57143, 12.57143, 5.42857], "texture": "#6"},
				"west": {"uv": [5.14286, 12, 5.71429, 12.85714], "texture": "#6"},
				"up": {"uv": [13.14286, 5.71429, 12.57143, 5.14286], "texture": "#6"}
			}
		},
		{
			"from": [7.605, 24.67718, 8.92131],
			"to": [8.395, 25.86218, 9.71131],
			"rotation": {"angle": 0, "axis": "x", "origin": [8, 25.21485, 9.09148]},
			"faces": {
				"north": {"uv": [7.42857, 12.57143, 7.85714, 13.28571], "texture": "#6"},
				"east": {"uv": [8.57143, 12.57143, 9, 13.28571], "texture": "#6"},
				"south": {"uv": [9.14286, 12.57143, 9.57143, 13.28571], "texture": "#6"},
				"west": {"uv": [12.57143, 9.14286, 13, 9.85714], "texture": "#6"},
				"up": {"uv": [14.14286, 1.57143, 13.71429, 1.14286], "texture": "#6"}
			}
		},
		{
			"from": [7.68795, 25.55871, 9.24016],
			"to": [8.31205, 26.74486, 9.86426],
			"rotation": {"angle": -22.5, "axis": "x", "origin": [8, 25.21485, 9.09148]},
			"faces": {
				"north": {"uv": [13.14286, 9.71429, 13.42857, 10.42857], "texture": "#6"},
				"east": {"uv": [10.28571, 13.14286, 10.57143, 13.85714], "texture": "#6"},
				"south": {"uv": [10.85714, 13.14286, 11.14286, 13.85714], "texture": "#6"},
				"west": {"uv": [13.14286, 10.85714, 13.42857, 11.57143], "texture": "#6"},
				"up": {"uv": [14, 2, 13.71429, 1.71429], "texture": "#6"}
			}
		},
		{
			"from": [7.985, 23.25, 4],
			"to": [8.015, 32, 12],
			"rotation": {"angle": 0, "axis": "y", "origin": [8, 27.625, 8]},
			"faces": {
				"east": {"uv": [4.57143, 0, 0, 5], "texture": "#6"},
				"west": {"uv": [0, 0, 4.57143, 5], "texture": "#6"}
			}
		},
		{
			"from": [7.6, -2.5, 5.5],
			"to": [7.6, 2.5, 10.5],
			"rotation": {"angle": 0, "axis": "y", "origin": [7.6, -7, 6.5]},
			"faces": {
				"west": {"uv": [0, 0, 10, 10], "texture": "#4"}
			}
		},
		{
			"from": [8.4, -2.5, 5.5],
			"to": [8.4, 2.5, 10.5],
			"rotation": {"angle": 0, "axis": "y", "origin": [8.4, -7, 6.5]},
			"faces": {
				"east": {"uv": [10, 0, 0, 10], "texture": "#4"}
			}
		},
		{
			"from": [7.75, 23.475, 9.325],
			"to": [7.75, 30.475, 13.075],
			"rotation": {"angle": 22.5, "axis": "x", "origin": [7.765, 26.975, 11.2]},
			"faces": {
				"west": {"uv": [0, 0, 14, 7.5], "rotation": 90, "texture": "#3"}
			}
		},
		{
			"from": [7.75, 23.475, 2.925],
			"to": [7.75, 30.475, 6.675],
			"rotation": {"angle": -22.5, "axis": "x", "origin": [7.765, 26.975, 4.8]},
			"faces": {
				"west": {"uv": [0, 7.5, 14, 0], "rotation": 90, "texture": "#3"}
			}
		},
		{
			"from": [8.25, 23.475, 2.925],
			"to": [8.25, 30.475, 6.675],
			"rotation": {"angle": -22.5, "axis": "x", "origin": [8.235, 26.975, 4.8]},
			"faces": {
				"east": {"uv": [0, 0, 14, 7.5], "rotation": 90, "texture": "#3"}
			}
		},
		{
			"from": [8.25, 23.475, 9.325],
			"to": [8.25, 30.475, 13.075],
			"rotation": {"angle": 22.5, "axis": "x", "origin": [8.235, 26.975, 11.2]},
			"faces": {
				"east": {"uv": [0, 7.5, 14, 0], "rotation": 90, "texture": "#3"}
			}
		}
	],
	"gui_light": "front",
	"display": {
		"thirdperson_righthand": {
			"translation": [0, -7.5, 1]
		},
		"thirdperson_lefthand": {
			"translation": [0, -7.5, 1]
		},
		"firstperson_righthand": {
			"rotation": [-10, 0, 0],
			"translation": [0, -5.25, 1.5]
		},
		"firstperson_lefthand": {
			"rotation": [-10, 0, 0],
			"translation": [0, -5.25, 1.5]
		},
		"ground": {
			"rotation": [-45, 0, 0],
			"translation": [0, 9.5, 0]
		},
		"gui": {
			"rotation": [-90, 45, 90],
			"translation": [3.25, -3.25, 0],
			"scale": [0.67969, 0.67969, 0.67969]
		},
		"head": {
			"rotation": [-90, 90, 90]
		},
		"fixed": {
			"rotation": [0, -90, 0],
			"translation": [0, -12.25, -1.75],
			"scale": [2, 2, 2]
		}
	}
}