{
	"credit": "Made by PolygonMC",
	"texture_size": [40, 40],
	"textures": {
		"3": "littlesharkset/chest"
	},
	"elements": [
		{
			"from": [3, 5, 3],
			"to": [13, 6, 13],
			"rotation": {"angle": 0, "axis": "y", "origin": [3, 5, 3]},
			"faces": {
				"north": {"uv": [12, 1.2, 16, 1.6], "texture": "#3"},
				"east": {"uv": [12, 1.6, 16, 2], "texture": "#3"},
				"south": {"uv": [12, 2, 16, 2.4], "texture": "#3"},
				"west": {"uv": [12, 2.4, 16, 2.8], "texture": "#3"},
				"up": {"uv": [4, 12, 0, 8], "texture": "#3"},
				"down": {"uv": [12, 0, 8, 4], "texture": "#3"}
			}
		},
		{
			"from": [11.975, 6, 3.01542],
			"to": [12.975, 9.5, 4.01542],
			"rotation": {"angle": 22.5, "axis": "x", "origin": [11.975, 6, 3.01542]},
			"faces": {
				"north": {"uv": [7.2, 13.2, 7.6, 14.6], "texture": "#3"},
				"east": {"uv": [3.2, 13.6, 3.6, 15], "texture": "#3"},
				"south": {"uv": [4.4, 14, 4.8, 15.4], "texture": "#3"},
				"west": {"uv": [4.8, 14, 5.2, 15.4], "texture": "#3"},
				"up": {"uv": [7.6, 11.2, 7.2, 10.8], "texture": "#3"},
				"down": {"uv": [8, 10.8, 7.6, 11.2], "texture": "#3"}
			}
		},
		{
			"from": [11.98, 8.23358, 4.35482],
			"to": [12.97, 9.23358, 11.65482],
			"rotation": {"angle": 0, "axis": "x", "origin": [11.98, 9.23358, 12.05482]},
			"faces": {
				"east": {"uv": [12, 6.4, 15, 6.8], "texture": "#3"},
				"west": {"uv": [12, 6.8, 15, 7.2], "texture": "#3"},
				"up": {"uv": [12.4, 10.2, 12, 7.2], "texture": "#3"},
				"down": {"uv": [8, 12, 7.6, 15], "texture": "#3"}
			}
		},
		{
			"from": [3.25, 5.87612, 4.19232],
			"to": [12.75, 8.87612, 4.19232],
			"rotation": {"angle": 22.5, "axis": "x", "origin": [8, 7.37612, 4.19232]},
			"faces": {
				"north": {"uv": [8, 8.8, 11.8, 10], "texture": "#3"},
				"east": {"uv": [0, 0, 0, 1.2], "texture": "#3"},
				"west": {"uv": [0, 0, 0, 1.2], "texture": "#3"},
				"up": {"uv": [3.8, 0, 0, 0], "texture": "#3"},
				"down": {"uv": [3.8, 0, 0, 0], "texture": "#3"}
			}
		},
		{
			"from": [3.25, 8.76132, 4.75958],
			"to": [12.75, 8.76132, 11.23458],
			"rotation": {"angle": 0, "axis": "x", "origin": [8, 8.76132, 6.25958]},
			"faces": {
				"north": {"uv": [0, 0, 3.8, 0], "texture": "#3"},
				"east": {"uv": [0, 0, 2.6, 0], "texture": "#3"},
				"south": {"uv": [0, 0, 3.8, 0], "texture": "#3"},
				"west": {"uv": [0, 0, 2.6, 0], "texture": "#3"},
				"up": {"uv": [7.8, 10.6, 4, 8], "texture": "#3"}
			}
		},
		{
			"from": [12.5, 5.87612, 4.05],
			"to": [12.5, 8.37612, 11.95],
			"rotation": {"angle": 0, "axis": "y", "origin": [16, 7.37612, 3.75]},
			"faces": {
				"north": {"uv": [0, 0, 0, 1], "texture": "#3"},
				"east": {"uv": [4, 10.8, 7.2, 11.8], "texture": "#3"},
				"south": {"uv": [0, 0, 0, 1], "texture": "#3"},
				"up": {"uv": [0, 3.2, 0, 0], "texture": "#3"},
				"down": {"uv": [0, 0, 0, 3.2], "texture": "#3"}
			}
		},
		{
			"from": [6.75, 9.25, 7.75],
			"to": [9.25, 11.75, 9.75],
			"rotation": {"angle": 0, "axis": "y", "origin": [7, 9.5, 7.25]},
			"faces": {
				"north": {"uv": [10.4, 12, 11.4, 13], "texture": "#3"},
				"east": {"uv": [3.6, 13.2, 4.4, 14.2], "texture": "#3"},
				"south": {"uv": [11.6, 12, 12.6, 13], "texture": "#3"},
				"west": {"uv": [13.2, 4, 14, 5], "texture": "#3"},
				"up": {"uv": [5.4, 14, 4.4, 13.2], "texture": "#3"},
				"down": {"uv": [14.2, 5.2, 13.2, 6], "texture": "#3"}
			}
		},
		{
			"from": [6.875, 9.25, 6.15],
			"to": [9.125, 10.5, 7.75],
			"rotation": {"angle": 0, "axis": "y", "origin": [7, 9.5, 7.75]},
			"faces": {
				"north": {"uv": [0.8, 13.6, 1.8, 14.2], "texture": "#3"},
				"east": {"uv": [13.6, 14, 14.2, 14.6], "texture": "#3"},
				"south": {"uv": [2, 13.6, 3, 14.2], "texture": "#3"},
				"west": {"uv": [0, 14.4, 0.6, 15], "texture": "#3"},
				"up": {"uv": [14.6, 7.8, 13.6, 7.2], "texture": "#3"},
				"down": {"uv": [14.6, 8, 13.6, 8.6], "texture": "#3"}
			}
		},
		{
			"from": [6.755, 10.07874, 5.63216],
			"to": [9.245, 11.32874, 8.13216],
			"rotation": {"angle": -22.5, "axis": "x", "origin": [8.005, 10.57874, 6.88216]},
			"faces": {
				"north": {"uv": [13.6, 8.8, 14.6, 9.4], "texture": "#3"},
				"east": {"uv": [13.6, 9.6, 14.6, 10.2], "texture": "#3"},
				"south": {"uv": [13.6, 10.4, 14.6, 11], "texture": "#3"},
				"west": {"uv": [13.6, 13.2, 14.6, 13.8], "texture": "#3"},
				"up": {"uv": [1, 13.4, 0, 12.4], "texture": "#3"},
				"down": {"uv": [2.2, 12.4, 1.2, 13.4], "texture": "#3"}
			}
		},
		{
			"from": [6.755, 9.57874, 5.63216],
			"to": [6.755, 10.07874, 8.13216],
			"rotation": {"angle": -22.5, "axis": "x", "origin": [8.005, 10.57874, 6.88216]},
			"faces": {
				"east": {"uv": [14, 12.8, 15, 13], "texture": "#3"},
				"west": {"uv": [0.8, 14.4, 1.8, 14.6], "texture": "#3"}
			}
		},
		{
			"from": [9.245, 9.57874, 5.63216],
			"to": [9.245, 10.07874, 8.13216],
			"rotation": {"angle": -22.5, "axis": "x", "origin": [7.995, 10.57874, 6.88216]},
			"faces": {
				"east": {"uv": [2, 14.4, 3, 14.6], "texture": "#3"},
				"west": {"uv": [14.4, 2.8, 15.4, 3], "texture": "#3"}
			}
		},
		{
			"from": [6.755, 9.15747, 6.01433],
			"to": [9.245, 9.65747, 6.01433],
			"rotation": {"angle": -22.5, "axis": "x", "origin": [8.005, 9.40747, 6.01433]},
			"faces": {
				"north": {"uv": [14.4, 3.2, 15.4, 3.4], "texture": "#3"},
				"south": {"uv": [14.4, 3.6, 15.4, 3.8], "texture": "#3"}
			}
		},
		{
			"from": [6.5, 8.4, 9.05],
			"to": [9.5, 11.4, 12.05],
			"rotation": {"angle": 22.5, "axis": "x", "origin": [8, 9.9, 10.55]},
			"faces": {
				"north": {"uv": [12, 2.8, 13.2, 4], "texture": "#3"},
				"east": {"uv": [4, 12, 5.2, 13.2], "texture": "#3"},
				"south": {"uv": [12, 4, 13.2, 5.2], "texture": "#3"},
				"west": {"uv": [5.2, 12, 6.4, 13.2], "texture": "#3"},
				"up": {"uv": [13.2, 6.4, 12, 5.2], "texture": "#3"},
				"down": {"uv": [7.6, 12, 6.4, 13.2], "texture": "#3"}
			}
		},
		{
			"from": [5.175, 9.41903, 9.45433],
			"to": [6.675, 9.91903, 11.45433],
			"rotation": {"angle": 22.5, "axis": "z", "origin": [5.925, 9.66903, 10.45433]},
			"faces": {
				"north": {"uv": [14.4, 6, 15, 6.2], "texture": "#3"},
				"east": {"uv": [3.6, 14.4, 4.4, 14.6], "texture": "#3"},
				"south": {"uv": [14.8, 7.2, 15.4, 7.4], "texture": "#3"},
				"west": {"uv": [14.4, 4, 15.2, 4.2], "texture": "#3"},
				"up": {"uv": [9.4, 14.8, 8.8, 14], "texture": "#3"},
				"down": {"uv": [10.2, 14, 9.6, 14.8], "texture": "#3"}
			}
		},
		{
			"from": [5.83, 7.94166, 12.88909],
			"to": [6.83, 8.94166, 13.38909],
			"rotation": {"angle": -22.5, "axis": "x", "origin": [6.33, 7.61666, 11.96409]},
			"faces": {
				"north": {"uv": [3.6, 12.8, 4, 13.2], "texture": "#3"},
				"east": {"uv": [8.8, 14.8, 9, 15.2], "texture": "#3"},
				"south": {"uv": [13.2, 10.8, 13.6, 11.2], "texture": "#3"},
				"west": {"uv": [9.2, 14.8, 9.4, 15.2], "texture": "#3"},
				"up": {"uv": [15.2, 9.4, 14.8, 9.2], "texture": "#3"},
				"down": {"uv": [10, 14.8, 9.6, 15], "texture": "#3"}
			}
		},
		{
			"from": [9.325, 9.41903, 9.45433],
			"to": [10.825, 9.91903, 11.45433],
			"rotation": {"angle": -22.5, "axis": "z", "origin": [10.075, 9.66903, 10.45433]},
			"faces": {
				"north": {"uv": [14.8, 7.6, 15.4, 7.8], "texture": "#3"},
				"east": {"uv": [14.4, 4.4, 15.2, 4.6], "texture": "#3"},
				"south": {"uv": [14.8, 8, 15.4, 8.2], "texture": "#3"},
				"west": {"uv": [14.4, 4.8, 15.2, 5], "texture": "#3"},
				"up": {"uv": [11, 14.8, 10.4, 14], "texture": "#3"},
				"down": {"uv": [11.8, 14, 11.2, 14.8], "texture": "#3"}
			}
		},
		{
			"from": [9.17, 7.94166, 12.88909],
			"to": [10.17, 8.94166, 13.38909],
			"rotation": {"angle": -22.5, "axis": "x", "origin": [9.67, 7.61666, 11.96409]},
			"faces": {
				"north": {"uv": [14.4, 5.2, 14.8, 5.6], "texture": "#3"},
				"east": {"uv": [14.8, 9.6, 15, 10], "texture": "#3"},
				"south": {"uv": [14.4, 5.6, 14.8, 6], "texture": "#3"},
				"west": {"uv": [10, 14.8, 10.2, 15.2], "texture": "#3"},
				"up": {"uv": [15.2, 10.2, 14.8, 10], "texture": "#3"},
				"down": {"uv": [10.8, 14.8, 10.4, 15], "texture": "#3"}
			}
		},
		{
			"from": [6.83, 7.33502, 11.38209],
			"to": [9.17, 9.67502, 13.72209],
			"rotation": {"angle": 45, "axis": "x", "origin": [8, 8.90502, 12.95209]},
			"faces": {
				"north": {"uv": [2.4, 12.4, 3.4, 13.4], "texture": "#3"},
				"east": {"uv": [12.4, 7.2, 13.4, 8.2], "texture": "#3"},
				"south": {"uv": [12.4, 8.4, 13.4, 9.4], "texture": "#3"},
				"west": {"uv": [12.4, 9.6, 13.4, 10.6], "texture": "#3"},
				"up": {"uv": [13.8, 13, 12.8, 12], "texture": "#3"},
				"down": {"uv": [14.2, 2.8, 13.2, 3.8], "texture": "#3"}
			}
		},
		{
			"from": [7.0406, 6.64194, 12.57343],
			"to": [8.9594, 8.56074, 14.49223],
			"rotation": {"angle": -22.5, "axis": "x", "origin": [8, 7.37634, 13.40783]},
			"faces": {
				"north": {"uv": [5.6, 13.2, 6.4, 14], "texture": "#3"},
				"east": {"uv": [6.4, 13.2, 7.2, 14], "texture": "#3"},
				"south": {"uv": [8, 13.2, 8.8, 14], "texture": "#3"},
				"west": {"uv": [8.8, 13.2, 9.6, 14], "texture": "#3"},
				"up": {"uv": [10.4, 14, 9.6, 13.2], "texture": "#3"},
				"down": {"uv": [11.2, 13.2, 10.4, 14], "texture": "#3"}
			}
		},
		{
			"from": [7.75, 10.7097, 10.80671],
			"to": [8.25, 12.7097, 12.80671],
			"rotation": {"angle": 45, "axis": "x", "origin": [8, 12.2097, 11.50671]},
			"faces": {
				"north": {"uv": [14.4, 14, 14.6, 14.8], "texture": "#3"},
				"east": {"uv": [11.2, 13.2, 12, 14], "texture": "#3"},
				"south": {"uv": [0.8, 14.8, 1, 15.6], "texture": "#3"},
				"west": {"uv": [12, 13.2, 12.8, 14], "texture": "#3"},
				"up": {"uv": [1.4, 15.6, 1.2, 14.8], "texture": "#3"},
				"down": {"uv": [1.8, 14.8, 1.6, 15.6], "texture": "#3"}
			}
		},
		{
			"from": [7.75, 6.1317, 13.9026],
			"to": [8.25, 8.1317, 15.9026],
			"rotation": {"angle": 0, "axis": "y", "origin": [8, 7.6317, 15.0776]},
			"faces": {
				"north": {"uv": [2, 14.8, 2.2, 15.6], "texture": "#3"},
				"east": {"uv": [12.8, 13.2, 13.6, 14], "texture": "#3"},
				"south": {"uv": [2.4, 14.8, 2.6, 15.6], "texture": "#3"},
				"west": {"uv": [0, 13.6, 0.8, 14.4], "texture": "#3"},
				"up": {"uv": [3, 15.6, 2.8, 14.8], "texture": "#3"},
				"down": {"uv": [3.8, 14.8, 3.6, 15.6], "texture": "#3"}
			}
		},
		{
			"from": [7.775, 5.1317, 11.4276],
			"to": [8.225, 6.6317, 13.1776],
			"rotation": {"angle": -45, "axis": "x", "origin": [8, 7.1317, 12.0776]},
			"faces": {
				"north": {"uv": [7.2, 14.8, 7.4, 15.4], "texture": "#3"},
				"east": {"uv": [12, 14, 12.8, 14.6], "texture": "#3"},
				"south": {"uv": [14.8, 8.4, 15, 9], "texture": "#3"},
				"west": {"uv": [14, 12, 14.8, 12.6], "texture": "#3"},
				"up": {"uv": [4.2, 15.6, 4, 14.8], "texture": "#3"},
				"down": {"uv": [15, 5.2, 14.8, 6], "texture": "#3"}
			}
		},
		{
			"from": [11.975, 6, 11.98458],
			"to": [12.975, 9.5, 12.98458],
			"rotation": {"angle": -22.5, "axis": "x", "origin": [11.975, 6, 12.98458]},
			"faces": {
				"north": {"uv": [4.8, 14, 4.4, 15.4], "texture": "#3"},
				"east": {"uv": [3.6, 13.6, 3.2, 15], "texture": "#3"},
				"south": {"uv": [7.6, 13.2, 7.2, 14.6], "texture": "#3"},
				"west": {"uv": [5.2, 14, 4.8, 15.4], "texture": "#3"},
				"up": {"uv": [7.6, 10.8, 7.2, 11.2], "texture": "#3"},
				"down": {"uv": [8, 11.2, 7.6, 10.8], "texture": "#3"}
			}
		},
		{
			"from": [3.025, 6, 3.01542],
			"to": [4.025, 9.5, 4.01542],
			"rotation": {"angle": 22.5, "axis": "x", "origin": [4.025, 6, 3.01542]},
			"faces": {
				"north": {"uv": [7.6, 13.2, 7.2, 14.6], "texture": "#3"},
				"east": {"uv": [5.2, 14, 4.8, 15.4], "texture": "#3"},
				"south": {"uv": [4.8, 14, 4.4, 15.4], "texture": "#3"},
				"west": {"uv": [3.6, 13.6, 3.2, 15], "texture": "#3"},
				"up": {"uv": [7.2, 11.2, 7.6, 10.8], "texture": "#3"},
				"down": {"uv": [7.6, 10.8, 8, 11.2], "texture": "#3"}
			}
		},
		{
			"from": [3.03, 8.23358, 4.35482],
			"to": [4.02, 9.23358, 11.65482],
			"rotation": {"angle": 0, "axis": "x", "origin": [4.02, 9.23358, 12.05482]},
			"faces": {
				"east": {"uv": [15, 6.8, 12, 7.2], "texture": "#3"},
				"west": {"uv": [15, 6.4, 12, 6.8], "texture": "#3"},
				"up": {"uv": [12, 10.2, 12.4, 7.2], "texture": "#3"},
				"down": {"uv": [7.6, 12, 8, 15], "texture": "#3"}
			}
		},
		{
			"from": [3.025, 6, 11.98458],
			"to": [4.025, 9.5, 12.98458],
			"rotation": {"angle": -22.5, "axis": "x", "origin": [4.025, 6, 12.98458]},
			"faces": {
				"north": {"uv": [4.4, 14, 4.8, 15.4], "texture": "#3"},
				"east": {"uv": [4.8, 14, 5.2, 15.4], "texture": "#3"},
				"south": {"uv": [7.2, 13.2, 7.6, 14.6], "texture": "#3"},
				"west": {"uv": [3.2, 13.6, 3.6, 15], "texture": "#3"},
				"up": {"uv": [7.2, 10.8, 7.6, 11.2], "texture": "#3"},
				"down": {"uv": [7.6, 11.2, 8, 10.8], "texture": "#3"}
			}
		},
		{
			"from": [3.5, 5.87612, 4.05],
			"to": [3.5, 8.37612, 11.95],
			"rotation": {"angle": 0, "axis": "y", "origin": [0, 7.37612, 3.75]},
			"faces": {
				"north": {"uv": [0, 0, 0, 1], "texture": "#3"},
				"south": {"uv": [0, 0, 0, 1], "texture": "#3"},
				"west": {"uv": [7.2, 10.8, 4, 11.8], "texture": "#3"},
				"up": {"uv": [0, 3.2, 0, 0], "texture": "#3"},
				"down": {"uv": [0, 0, 0, 3.2], "texture": "#3"}
			}
		},
		{
			"from": [3.25, 5.87612, 11.80768],
			"to": [12.75, 8.87612, 11.80768],
			"rotation": {"angle": -22.5, "axis": "x", "origin": [8, 7.37612, 11.80768]},
			"faces": {
				"east": {"uv": [0, 0, 0, 1.2], "texture": "#3"},
				"south": {"uv": [11.8, 8.8, 8, 10], "texture": "#3"},
				"west": {"uv": [0, 0, 0, 1.2], "texture": "#3"},
				"up": {"uv": [3.8, 0, 0, 0], "texture": "#3"},
				"down": {"uv": [3.8, 0, 0, 0], "texture": "#3"}
			}
		},
		{
			"from": [3, 0, 3],
			"to": [13, 1, 13],
			"rotation": {"angle": 0, "axis": "y", "origin": [3, 0, 3]},
			"faces": {
				"north": {"uv": [7.2, 11.2, 11.2, 11.6], "texture": "#3"},
				"east": {"uv": [11.2, 11.2, 15.2, 11.6], "texture": "#3"},
				"south": {"uv": [7.2, 11.6, 11.2, 12], "texture": "#3"},
				"west": {"uv": [11.2, 11.6, 15.2, 12], "texture": "#3"},
				"up": {"uv": [4, 4, 0, 0], "texture": "#3"},
				"down": {"uv": [4, 4, 0, 8], "texture": "#3"}
			}
		},
		{
			"from": [3.25, 1, 3.25],
			"to": [12.75, 4, 12.75],
			"rotation": {"angle": 0, "axis": "y", "origin": [3, 1, 3]},
			"faces": {
				"north": {"uv": [8, 4, 11.8, 5.2], "texture": "#3"},
				"east": {"uv": [8, 5.2, 11.8, 6.4], "texture": "#3"},
				"south": {"uv": [8, 6.4, 11.8, 7.6], "texture": "#3"},
				"west": {"uv": [8, 7.6, 11.8, 8.8], "texture": "#3"}
			}
		},
		{
			"from": [3, 4, 3],
			"to": [13, 5, 13],
			"rotation": {"angle": 0, "axis": "y", "origin": [3, 4, 3]},
			"faces": {
				"north": {"uv": [0, 12, 4, 12.4], "texture": "#3"},
				"east": {"uv": [12, 0, 16, 0.4], "texture": "#3"},
				"south": {"uv": [12, 0.4, 16, 0.8], "texture": "#3"},
				"west": {"uv": [12, 0.8, 16, 1.2], "texture": "#3"},
				"up": {"uv": [8, 4, 4, 0], "texture": "#3"},
				"down": {"uv": [8, 4, 4, 8], "texture": "#3"}
			}
		},
		{
			"from": [6.23223, 5, 2.25],
			"to": [8.73223, 7.5, 3.25],
			"rotation": {"angle": -45, "axis": "z", "origin": [6.23223, 5, 2.25]},
			"faces": {
				"north": {"uv": [8, 12, 9, 13], "texture": "#3"},
				"east": {"uv": [12.8, 14, 13.2, 15], "texture": "#3"},
				"south": {"uv": [9.2, 12, 10.2, 13], "texture": "#3"},
				"west": {"uv": [13.2, 14, 13.6, 15], "texture": "#3"},
				"up": {"uv": [13, 11.2, 12, 10.8], "texture": "#3"},
				"down": {"uv": [14.2, 6, 13.2, 6.4], "texture": "#3"}
			}
		},
		{
			"from": [12, 1, 3],
			"to": [13, 4, 4],
			"rotation": {"angle": 0, "axis": "y", "origin": [12, 1, 3]},
			"faces": {
				"north": {"uv": [14, 4, 14.4, 5.2], "texture": "#3"},
				"east": {"uv": [6.8, 14, 7.2, 15.2], "texture": "#3"},
				"south": {"uv": [8, 14, 8.4, 15.2], "texture": "#3"},
				"west": {"uv": [8.4, 14, 8.8, 15.2], "texture": "#3"}
			}
		},
		{
			"from": [12, 1, 12],
			"to": [13, 4, 13],
			"rotation": {"angle": 0, "axis": "y", "origin": [12, 1, 13]},
			"faces": {
				"north": {"uv": [8.4, 14, 8, 15.2], "texture": "#3"},
				"east": {"uv": [7.2, 14, 6.8, 15.2], "texture": "#3"},
				"south": {"uv": [14.4, 4, 14, 5.2], "texture": "#3"},
				"west": {"uv": [8.8, 14, 8.4, 15.2], "texture": "#3"}
			}
		},
		{
			"from": [3, 1, 3],
			"to": [4, 4, 4],
			"rotation": {"angle": 0, "axis": "y", "origin": [4, 1, 3]},
			"faces": {
				"north": {"uv": [14.4, 4, 14, 5.2], "texture": "#3"},
				"east": {"uv": [8.8, 14, 8.4, 15.2], "texture": "#3"},
				"south": {"uv": [8.4, 14, 8, 15.2], "texture": "#3"},
				"west": {"uv": [7.2, 14, 6.8, 15.2], "texture": "#3"}
			}
		},
		{
			"from": [3, 1, 12],
			"to": [4, 4, 13],
			"rotation": {"angle": 0, "axis": "y", "origin": [4, 1, 13]},
			"faces": {
				"north": {"uv": [8, 14, 8.4, 15.2], "texture": "#3"},
				"east": {"uv": [8.4, 14, 8.8, 15.2], "texture": "#3"},
				"south": {"uv": [14, 4, 14.4, 5.2], "texture": "#3"},
				"west": {"uv": [6.8, 14, 7.2, 15.2], "texture": "#3"}
			}
		}
	],
	"gui_light": "front",
	"display": {
		"thirdperson_righthand": {
			"rotation": [64.5, 0, 0],
			"translation": [0, 3.75, 3.5],
			"scale": [0.6543, 0.6543, 0.6543]
		},
		"thirdperson_lefthand": {
			"rotation": [64.5, 0, 0],
			"translation": [0, 3.75, 3.5],
			"scale": [0.6543, 0.6543, 0.6543]
		},
		"firstperson_righthand": {
			"rotation": [157.75, 0, -180],
			"translation": [-0.75, 6.5, -2.75]
		},
		"firstperson_lefthand": {
			"rotation": [157.75, 0, -180],
			"translation": [-0.75, 6.5, -2.75]
		},
		"ground": {
			"translation": [0, 11.75, 0]
		},
		"gui": {
			"rotation": [0, 135, 0],
			"translation": [0, 1.75, 0],
			"scale": [1.1457, 1.1457, 1.1457]
		},
		"head": {
			"rotation": [0, 180, 0],
			"translation": [0, -24.5, 0],
			"scale": [2.31641, 2.31641, 2.31641]
		},
		"fixed": {
			"rotation": [-90, 0, 0],
			"translation": [0, 0, -25.5],
			"scale": [3.17578, 3.17578, 3.17578]
		}
	},
	"groups": [
		{
			"name": "group",
			"origin": [8, 10.37612, 11.80768],
			"color": 0,
			"children": [0, 1, 2, 3, 4, 5, 6, 7, 8, 9, 10, 11, 12, 13, 14, 15, 16, 17, 18, 19, 20, 21, 22, 23, 24, 25, 26, 27]
		},
		{
			"name": "group",
			"origin": [4, 1, 13],
			"color": 0,
			"children": [28, 29, 30, 31, 32, 33, 34, 35]
		}
	]
}