{
	"credit": "Made by PolygonMC",
	"texture_size": [24, 24],
	"textures": {
		"1": "littlesharkset/flag"
	},
	"elements": [
		{
			"from": [7.435, -0.065, 7.435],
			"to": [8.565, 1.065, 8.565],
			"rotation": {"angle": 0, "axis": "y", "origin": [7.435, -0.065, 7.435]},
			"faces": {
				"north": {"uv": [6.66667, 5.33333, 7.33333, 6], "texture": "#1"},
				"east": {"uv": [6.66667, 6, 7.33333, 6.66667], "texture": "#1"},
				"south": {"uv": [6.66667, 6.66667, 7.33333, 7.33333], "texture": "#1"},
				"west": {"uv": [7.33333, 0, 8, 0.66667], "texture": "#1"},
				"up": {"uv": [8, 1.33333, 7.33333, 0.66667], "texture": "#1"},
				"down": {"uv": [8, 1.33333, 7.33333, 2], "texture": "#1"}
			}
		},
		{
			"from": [7.5, 1, 7.5],
			"to": [8.5, 5, 8.5],
			"rotation": {"angle": 0, "axis": "y", "origin": [7.5, 1, 7.5]},
			"faces": {
				"north": {"uv": [5.33333, 5.33333, 6, 8], "texture": "#1"},
				"east": {"uv": [6, 5.33333, 6.66667, 8], "texture": "#1"},
				"south": {"uv": [6.66667, 0, 7.33333, 2.66667], "texture": "#1"},
				"west": {"uv": [6.66667, 2.66667, 7.33333, 5.33333], "texture": "#1"},
				"up": {"uv": [8, 2.66667, 7.33333, 2], "texture": "#1"}
			}
		},
		{
			"from": [7.5, 16, 7.5],
			"to": [8.5, 25, 8.5],
			"rotation": {"angle": 0, "axis": "y", "origin": [7.5, 21, 7.5]},
			"faces": {
				"north": {"uv": [2.66667, 5.33333, 3.33333, 11.33333], "texture": "#1"},
				"east": {"uv": [3.33333, 5.33333, 4, 11.33333], "texture": "#1"},
				"south": {"uv": [4, 5.33333, 4.66667, 11.33333], "texture": "#1"},
				"west": {"uv": [4.66667, 5.33333, 5.33333, 11.33333], "texture": "#1"},
				"up": {"uv": [8, 3.33333, 7.33333, 2.66667], "texture": "#1"},
				"down": {"uv": [8, 3.33333, 7.33333, 4], "texture": "#1"}
			}
		},
		{
			"from": [7.975, 16.5, -2.5],
			"to": [8.025, 24.5, 7.5],
			"rotation": {"angle": 0, "axis": "y", "origin": [6.975, 20.5, 6.5]},
			"faces": {
				"east": {"uv": [6.66667, 0, 0, 5.33333], "texture": "#1"},
				"west": {"uv": [0, 0, 6.66667, 5.33333], "texture": "#1"}
			}
		},
		{
			"from": [7.6, 5, 7.6],
			"to": [8.4, 16, 8.4],
			"rotation": {"angle": 0, "axis": "y", "origin": [7.5, 5, 7.5]},
			"faces": {
				"north": {"uv": [0, 5.33333, 0.66667, 12.66667], "texture": "#1"},
				"east": {"uv": [0.66667, 5.33333, 1.33333, 12.66667], "texture": "#1"},
				"south": {"uv": [1.33333, 5.33333, 2, 12.66667], "texture": "#1"},
				"west": {"uv": [2, 5.33333, 2.66667, 12.66667], "texture": "#1"}
			}
		}
	],
	"gui_light": "front",
	"display": {
		"thirdperson_righthand": {
			"translation": [0, -1.25, 0.75]
		},
		"thirdperson_lefthand": {
			"translation": [0, -1.25, 0.75]
		},
		"firstperson_righthand": {
			"rotation": [-10, 0, 0],
			"translation": [0, 1.5, 0]
		},
		"firstperson_lefthand": {
			"rotation": [-10, 0, 0],
			"translation": [0, 1.5, 0]
		},
		"ground": {
			"rotation": [-35, 0, 0],
			"translation": [0, 8.5, 0]
		},
		"gui": {
			"rotation": [-90, 45, 90],
			"translation": [4.5, -2, 0],
			"scale": [0.70313, 0.70313, 0.70313]
		},
		"head": {
			"rotation": [0, 90, 0],
			"translation": [0, -2.5, 4.25],
			"scale": [2.05078, 2.05078, 2.05078]
		},
		"fixed": {
			"rotation": [-90, -90, 0],
			"translation": [0, 0, -31],
			"scale": [3.8418, 3.8418, 3.8418]
		}
	}
}