{
	"credit": "Made by PolygonMC",
	"texture_size": [32, 32],
	"textures": {
		"1": "littlesharkset/animations/animations_1",
		"2": "littlesharkset/spear",
		"particle": "littlesharkset/animations/animations_1"
	},
	"elements": [
		{
			"from": [7.5, 0, 7.5],
			"to": [8.5, 1, 8.5],
			"rotation": {"angle": -45, "axis": "x", "origin": [8, 0.5, 8]},
			"faces": {
				"north": {"uv": [1, 8, 1.5, 8.5], "texture": "#2"},
				"east": {"uv": [8.5, 1, 9, 1.5], "texture": "#2"},
				"south": {"uv": [9, 6, 9.5, 6.5], "texture": "#2"},
				"west": {"uv": [0.5, 10, 1, 10.5], "texture": "#2"},
				"up": {"uv": [10.5, 5, 10, 4.5], "texture": "#2"},
				"down": {"uv": [10.5, 5, 10, 5.5], "texture": "#2"}
			}
		},
		{
			"from": [7.5, 4.85, 7.5],
			"to": [8.5, 5.85, 8.5],
			"rotation": {"angle": -45, "axis": "x", "origin": [8, 5.35, 8]},
			"faces": {
				"north": {"uv": [3.5, 11, 4, 11.5], "texture": "#2"},
				"east": {"uv": [4, 11, 4.5, 11.5], "texture": "#2"},
				"south": {"uv": [4.5, 11, 5, 11.5], "texture": "#2"},
				"west": {"uv": [5, 11, 5.5, 11.5], "texture": "#2"},
				"up": {"uv": [11.5, 5.5, 11, 5], "texture": "#2"},
				"down": {"uv": [6, 11, 5.5, 11.5], "texture": "#2"}
			}
		},
		{
			"from": [7.5, 9.65, 7.5],
			"to": [8.5, 10.65, 8.5],
			"rotation": {"angle": 45, "axis": "x", "origin": [8, 10.15, 8]},
			"faces": {
				"north": {"uv": [11, 5.5, 11.5, 6], "texture": "#2"},
				"east": {"uv": [6, 11, 6.5, 11.5], "texture": "#2"},
				"south": {"uv": [6.5, 11, 7, 11.5], "texture": "#2"},
				"west": {"uv": [11, 6.5, 11.5, 7], "texture": "#2"},
				"up": {"uv": [11.5, 7.5, 11, 7], "texture": "#2"},
				"down": {"uv": [11.5, 7.5, 11, 8], "texture": "#2"}
			}
		},
		{
			"from": [7.55, 0.75, 7.55],
			"to": [8.45, 1.75, 8.45],
			"rotation": {"angle": 0, "axis": "y", "origin": [7.5, 0, 7.5]},
			"faces": {
				"north": {"uv": [10, 5.5, 10.5, 6], "texture": "#2"},
				"east": {"uv": [10, 6, 10.5, 6.5], "texture": "#2"},
				"south": {"uv": [10, 6.5, 10.5, 7], "texture": "#2"},
				"west": {"uv": [10, 7.5, 10.5, 8], "texture": "#2"}
			}
		},
		{
			"from": [7.55, 4.25, 7.55],
			"to": [8.45, 5.25, 8.45],
			"rotation": {"angle": 0, "axis": "y", "origin": [7.5, 0, 7.5]},
			"faces": {
				"north": {"uv": [10, 8, 10.5, 8.5], "texture": "#2"},
				"east": {"uv": [10, 8.5, 10.5, 9], "texture": "#2"},
				"south": {"uv": [10, 9, 10.5, 9.5], "texture": "#2"},
				"west": {"uv": [10, 9.5, 10.5, 10], "texture": "#2"}
			}
		},
		{
			"from": [7.55, 10.20711, 7.55],
			"to": [8.45, 11.20711, 8.45],
			"rotation": {"angle": 0, "axis": "y", "origin": [7.5, -3.04289, 7.5]},
			"faces": {
				"north": {"uv": [10, 10, 10.5, 10.5], "texture": "#2"},
				"east": {"uv": [0.5, 10.5, 1, 11], "texture": "#2"},
				"south": {"uv": [1, 10.5, 1.5, 11], "texture": "#2"},
				"west": {"uv": [1.5, 10.5, 2, 11], "texture": "#2"}
			}
		},
		{
			"from": [7.55, 17.20711, 7.55],
			"to": [8.45, 18.20711, 8.45],
			"rotation": {"angle": 0, "axis": "y", "origin": [7.5, 3.95711, 7.5]},
			"faces": {
				"north": {"uv": [11, 9, 11.5, 9.5], "texture": "#2"},
				"east": {"uv": [11, 9.5, 11.5, 10], "texture": "#2"},
				"south": {"uv": [10, 11, 10.5, 11.5], "texture": "#2"},
				"west": {"uv": [11, 10, 11.5, 10.5], "texture": "#2"}
			}
		},
		{
			"from": [7.6, 2.25, 7.6],
			"to": [8.4, 3.75, 8.4],
			"rotation": {"angle": 0, "axis": "y", "origin": [7.5, 0, 7.5]},
			"faces": {
				"north": {"uv": [1.5, 3.5, 2, 4.25], "texture": "#2"},
				"east": {"uv": [6, 9.5, 6.5, 10.25], "texture": "#2"},
				"south": {"uv": [9.5, 6, 10, 6.75], "texture": "#2"},
				"west": {"uv": [6.5, 9.5, 7, 10.25], "texture": "#2"}
			}
		},
		{
			"from": [7.5, 1.75, 7.5],
			"to": [8.5, 2.25, 8.5],
			"rotation": {"angle": 0, "axis": "y", "origin": [7.5, 1.75, 7.5]},
			"faces": {
				"north": {"uv": [1.5, 11.5, 2, 11.75], "texture": "#2"},
				"east": {"uv": [11.5, 1.5, 12, 1.75], "texture": "#2"},
				"south": {"uv": [2, 11.5, 2.5, 11.75], "texture": "#2"},
				"west": {"uv": [11.5, 2, 12, 2.25], "texture": "#2"},
				"up": {"uv": [2.5, 11, 2, 10.5], "texture": "#2"},
				"down": {"uv": [3, 10.5, 2.5, 11], "texture": "#2"}
			}
		},
		{
			"from": [7.5, 3.75, 7.5],
			"to": [8.5, 4.25, 8.5],
			"rotation": {"angle": 0, "axis": "y", "origin": [7.5, 1.75, 7.5]},
			"faces": {
				"north": {"uv": [2.5, 11.5, 3, 11.75], "texture": "#2"},
				"east": {"uv": [11.5, 2.5, 12, 2.75], "texture": "#2"},
				"south": {"uv": [3, 11.5, 3.5, 11.75], "texture": "#2"},
				"west": {"uv": [11.5, 3, 12, 3.25], "texture": "#2"},
				"up": {"uv": [3.5, 11, 3, 10.5], "texture": "#2"},
				"down": {"uv": [4, 10.5, 3.5, 11], "texture": "#2"}
			}
		},
		{
			"from": [7.55, 5.5, 7.55],
			"to": [8.45, 6.5, 8.45],
			"rotation": {"angle": 0, "axis": "y", "origin": [7.5, -2.5, 7.5]},
			"faces": {
				"north": {"uv": [1.5, 11, 2, 11.5], "texture": "#2"},
				"east": {"uv": [2, 11, 2.5, 11.5], "texture": "#2"},
				"south": {"uv": [2.5, 11, 3, 11.5], "texture": "#2"},
				"west": {"uv": [3, 11, 3.5, 11.5], "texture": "#2"}
			}
		},
		{
			"from": [7.6, 7, 7.6],
			"to": [8.4, 8.5, 8.4],
			"rotation": {"angle": 0, "axis": "y", "origin": [7.5, -2.5, 7.5]},
			"faces": {
				"north": {"uv": [7, 9.5, 7.5, 10.25], "texture": "#2"},
				"east": {"uv": [7.5, 9.5, 8, 10.25], "texture": "#2"},
				"south": {"uv": [8, 9.5, 8.5, 10.25], "texture": "#2"},
				"west": {"uv": [8.5, 9.5, 9, 10.25], "texture": "#2"}
			}
		},
		{
			"from": [7.5, 6.5, 7.5],
			"to": [8.5, 7, 8.5],
			"rotation": {"angle": 0, "axis": "y", "origin": [7.5, -0.75, 7.5]},
			"faces": {
				"north": {"uv": [6.5, 11.5, 7, 11.75], "texture": "#2"},
				"east": {"uv": [11.5, 6.5, 12, 6.75], "texture": "#2"},
				"south": {"uv": [7, 11.5, 7.5, 11.75], "texture": "#2"},
				"west": {"uv": [11.5, 7, 12, 7.25], "texture": "#2"},
				"up": {"uv": [1.5, 11.5, 1, 11], "texture": "#2"},
				"down": {"uv": [11.5, 1, 11, 1.5], "texture": "#2"}
			}
		},
		{
			"from": [7.5, 8.5, 7.5],
			"to": [8.5, 9, 8.5],
			"rotation": {"angle": 0, "axis": "y", "origin": [7.5, -0.75, 7.5]},
			"faces": {
				"north": {"uv": [5.5, 11.5, 6, 11.75], "texture": "#2"},
				"east": {"uv": [11.5, 5.5, 12, 5.75], "texture": "#2"},
				"south": {"uv": [6, 11.5, 6.5, 11.75], "texture": "#2"},
				"west": {"uv": [11.5, 6, 12, 6.25], "texture": "#2"},
				"up": {"uv": [1, 11.5, 0.5, 11], "texture": "#2"},
				"down": {"uv": [11.5, 0.5, 11, 1], "texture": "#2"}
			}
		},
		{
			"from": [7.55, 9, 7.55],
			"to": [8.45, 10, 8.45],
			"rotation": {"angle": 0, "axis": "y", "origin": [7.5, -2.5, 7.5]},
			"faces": {
				"north": {"uv": [10, 10.5, 10.5, 11], "texture": "#2"},
				"east": {"uv": [10.5, 10.5, 11, 11], "texture": "#2"},
				"south": {"uv": [0, 11, 0.5, 11.5], "texture": "#2"},
				"west": {"uv": [11, 0, 11.5, 0.5], "texture": "#2"}
			}
		},
		{
			"from": [7.25, 18.2, 7.7],
			"to": [8.75, 19.3, 8.8],
			"rotation": {"angle": 45, "axis": "x", "origin": [8, 19, 8]},
			"faces": {
				"north": {"uv": [9.5, 7, 10.25, 7.5], "texture": "#2"},
				"east": {"uv": [11, 8, 11.5, 8.5], "texture": "#2"},
				"south": {"uv": [10, 0, 10.75, 0.5], "texture": "#2"},
				"west": {"uv": [11, 8.5, 11.5, 9], "texture": "#2"},
				"up": {"uv": [10.75, 1, 10, 0.5], "texture": "#2"},
				"down": {"uv": [10.75, 1, 10, 1.5], "texture": "#2"}
			}
		},
		{
			"from": [7.45, 18, 7.5],
			"to": [8.55, 19.5, 9],
			"rotation": {"angle": 45, "axis": "x", "origin": [8, 19, 8]},
			"faces": {
				"north": {"uv": [9.5, 8.5, 10, 9.25], "texture": "#2"},
				"east": {"uv": [4, 9.5, 4.75, 10.25], "texture": "#2"},
				"south": {"uv": [9, 9.5, 9.5, 10.25], "texture": "#2"},
				"west": {"uv": [5, 9.5, 5.75, 10.25], "texture": "#2"},
				"up": {"uv": [10, 10.25, 9.5, 9.5], "texture": "#2"},
				"down": {"uv": [0.5, 10, 0, 10.75], "texture": "#2"}
			}
		},
		{
			"from": [7.975, -1.75, 6],
			"to": [8.025, 0.75, 10],
			"rotation": {"angle": 0, "axis": "y", "origin": [7.975, -1.25, 6]},
			"faces": {
				"east": {"uv": [14.5, 0, 12.5, 1.25], "texture": "#2"},
				"west": {"uv": [12.5, 0, 14.5, 1.25], "texture": "#2"}
			}
		},
		{
			"from": [6.75, 16, 8.75],
			"to": [9.25, 18, 11.25],
			"rotation": {"angle": 0, "axis": "y", "origin": [7, 18.5, 9]},
			"faces": {
				"north": {"uv": [4.25, 7.5, 3, 8.5], "rotation": 180, "texture": "#2"},
				"east": {"uv": [7, 4.5, 8, 5.75], "rotation": 270, "texture": "#2"},
				"south": {"uv": [2.75, 8.5, 1.5, 7.5], "texture": "#2"},
				"west": {"uv": [7, 6, 8, 7.25], "rotation": 90, "texture": "#2"},
				"up": {"uv": [0, 5, 1.25, 6.25], "rotation": 180, "texture": "#2"},
				"down": {"uv": [5, 1.5, 6.25, 2.75], "texture": "#2"}
			}
		},
		{
			"from": [6.875, 18, 8.75],
			"to": [9.125, 19.6, 10],
			"rotation": {"angle": 0, "axis": "y", "origin": [7, 18, 9]},
			"faces": {
				"north": {"uv": [3.75, 8.5, 2.5, 9.25], "rotation": 180, "texture": "#2"},
				"east": {"uv": [9, 5, 9.75, 5.75], "rotation": 270, "texture": "#2"},
				"south": {"uv": [2.25, 9.25, 1, 8.5], "texture": "#2"},
				"west": {"uv": [1, 9.5, 1.75, 10.25], "rotation": 90, "texture": "#2"},
				"up": {"uv": [8, 6.5, 9.25, 7.25], "rotation": 180, "texture": "#2"},
				"down": {"uv": [8.5, 0, 9.75, 0.75], "texture": "#2"}
			}
		},
		{
			"from": [6.755, 17.61784, 9.57874],
			"to": [9.245, 20.11784, 10.82874],
			"rotation": {"angle": -22.5, "axis": "x", "origin": [8.005, 18.86784, 10.07874]},
			"faces": {
				"north": {"uv": [6.75, 0, 5.5, 1.25], "rotation": 180, "texture": "#2"},
				"east": {"uv": [5.5, 8.5, 6.75, 9.25], "rotation": 270, "texture": "#2"},
				"south": {"uv": [6.25, 4.25, 5, 3], "texture": "#2"},
				"west": {"uv": [8.5, 7.5, 9.75, 8.25], "rotation": 90, "texture": "#2"},
				"up": {"uv": [4, 8.5, 5.25, 9.25], "rotation": 180, "texture": "#2"},
				"down": {"uv": [7, 8.5, 8.25, 9.25], "texture": "#2"}
			}
		},
		{
			"from": [6.755, 17.61784, 9.07874],
			"to": [6.755, 20.11784, 9.57874],
			"rotation": {"angle": -22.5, "axis": "x", "origin": [8.005, 18.86784, 10.07874]},
			"faces": {
				"east": {"uv": [10, 1.5, 11.25, 1.75], "rotation": 270, "texture": "#2"},
				"west": {"uv": [10, 2, 11.25, 2.25], "rotation": 90, "texture": "#2"}
			}
		},
		{
			"from": [9.245, 17.61784, 9.07874],
			"to": [9.245, 20.11784, 9.57874],
			"rotation": {"angle": -22.5, "axis": "x", "origin": [7.995, 18.86784, 10.07874]},
			"faces": {
				"east": {"uv": [10, 2.5, 11.25, 2.75], "rotation": 270, "texture": "#2"},
				"west": {"uv": [10, 3, 11.25, 3.25], "rotation": 90, "texture": "#2"}
			}
		},
		{
			"from": [6.755, 19.73567, 8.65747],
			"to": [9.245, 19.73567, 9.15747],
			"rotation": {"angle": -22.5, "axis": "x", "origin": [8.005, 19.73567, 8.90747]},
			"faces": {
				"up": {"uv": [10, 3.5, 11.25, 3.75], "rotation": 180, "texture": "#2"},
				"down": {"uv": [10, 4, 11.25, 4.25], "texture": "#2"}
			}
		},
		{
			"from": [6.5, 13.1, 8.4],
			"to": [9.5, 16.1, 11.4],
			"rotation": {"angle": 0, "axis": "x", "origin": [8, 14.6, 9.9]},
			"faces": {
				"north": {"uv": [5.5, 0, 4, 1.5], "rotation": 180, "texture": "#2"},
				"east": {"uv": [2, 3, 3.5, 4.5], "rotation": 270, "texture": "#2"},
				"south": {"uv": [5, 4.5, 3.5, 3], "texture": "#2"},
				"west": {"uv": [3.5, 1.5, 5, 3], "rotation": 90, "texture": "#2"},
				"up": {"uv": [2, 1.5, 3.5, 3], "rotation": 180, "texture": "#2"},
				"down": {"uv": [0, 3.5, 1.5, 5], "texture": "#2"}
			}
		},
		{
			"from": [5.175, 13.69567, 9.21903],
			"to": [6.675, 15.69567, 9.71903],
			"rotation": {"angle": -22.5, "axis": "y", "origin": [5.925, 14.69567, 9.46903]},
			"faces": {
				"north": {"uv": [0.75, 9, 0, 10], "rotation": 180, "texture": "#2"},
				"east": {"uv": [4, 10.5, 5, 10.75], "rotation": 270, "texture": "#2"},
				"south": {"uv": [9.25, 9.5, 8.5, 8.5], "texture": "#2"},
				"west": {"uv": [10.5, 4.5, 11.5, 4.75], "rotation": 90, "texture": "#2"},
				"up": {"uv": [10.5, 11, 11.25, 11.25], "rotation": 180, "texture": "#2"},
				"down": {"uv": [11, 10.5, 11.75, 10.75], "texture": "#2"}
			}
		},
		{
			"from": [5.83, 11.13725, 9.26343],
			"to": [6.83, 12.13725, 9.76343],
			"rotation": {"angle": 22.5, "axis": "x", "origin": [8, 10.2055, 9.90597]},
			"faces": {
				"north": {"uv": [11, 5, 10.5, 5.5], "rotation": 180, "texture": "#2"},
				"east": {"uv": [11.5, 3.5, 12, 3.75], "rotation": 270, "texture": "#2"},
				"south": {"uv": [5.5, 11, 5, 10.5], "texture": "#2"},
				"west": {"uv": [11.5, 4, 12, 4.25], "rotation": 90, "texture": "#2"},
				"up": {"uv": [3.5, 11.5, 4, 11.75], "rotation": 180, "texture": "#2"},
				"down": {"uv": [4, 11.5, 4.5, 11.75], "texture": "#2"}
			}
		},
		{
			"from": [9.17, 11.13725, 9.26343],
			"to": [10.17, 12.13725, 9.76343],
			"rotation": {"angle": 22.5, "axis": "x", "origin": [8, 10.2055, 9.90597]},
			"faces": {
				"north": {"uv": [11, 5.5, 10.5, 6], "rotation": 180, "texture": "#2"},
				"east": {"uv": [11.5, 4.5, 12, 4.75], "rotation": 270, "texture": "#2"},
				"south": {"uv": [6, 11, 5.5, 10.5], "texture": "#2"},
				"west": {"uv": [11.5, 5, 12, 5.25], "rotation": 90, "texture": "#2"},
				"up": {"uv": [4.5, 11.5, 5, 11.75], "rotation": 180, "texture": "#2"},
				"down": {"uv": [5, 11.5, 5.5, 11.75], "texture": "#2"}
			}
		},
		{
			"from": [9.325, 13.69567, 9.21903],
			"to": [10.825, 15.69567, 9.71903],
			"rotation": {"angle": 22.5, "axis": "y", "origin": [10.075, 14.69567, 9.46903]},
			"faces": {
				"north": {"uv": [9.75, 2, 9, 3], "rotation": 180, "texture": "#2"},
				"east": {"uv": [6, 10.5, 7, 10.75], "rotation": 270, "texture": "#2"},
				"south": {"uv": [9.75, 2, 9, 1], "texture": "#2"},
				"west": {"uv": [10.5, 6, 11.5, 6.25], "rotation": 90, "texture": "#2"},
				"up": {"uv": [0, 11.5, 0.75, 11.75], "rotation": 180, "texture": "#2"},
				"down": {"uv": [11.5, 0, 12.25, 0.25], "texture": "#2"}
			}
		},
		{
			"from": [6.83, 10.80832, 8.72957],
			"to": [9.17, 13.14832, 11.06957],
			"rotation": {"angle": 0, "axis": "x", "origin": [8, 10.2055, 9.90597]},
			"faces": {
				"north": {"uv": [8.25, 0, 7, 1.25], "rotation": 180, "texture": "#2"},
				"east": {"uv": [5.5, 6, 6.75, 7.25], "rotation": 270, "texture": "#2"},
				"south": {"uv": [7.75, 4.25, 6.5, 3], "texture": "#2"},
				"west": {"uv": [6.5, 1.5, 7.75, 2.75], "rotation": 90, "texture": "#2"},
				"up": {"uv": [5.5, 4.5, 6.75, 5.75], "rotation": 180, "texture": "#2"},
				"down": {"uv": [0, 6.5, 1.25, 7.75], "texture": "#2"}
			}
		},
		{
			"from": [7.0406, 9.30333, 8.7459],
			"to": [8.9594, 11.22213, 10.6647],
			"rotation": {"angle": 22.5, "axis": "x", "origin": [8, 10.2055, 9.90597]},
			"faces": {
				"north": {"uv": [9, 1.5, 8, 2.5], "rotation": 180, "texture": "#2"},
				"east": {"uv": [5.5, 7.5, 6.5, 8.5], "rotation": 270, "texture": "#2"},
				"south": {"uv": [1, 9, 0, 8], "texture": "#2"},
				"west": {"uv": [7.5, 7.5, 8.5, 8.5], "rotation": 90, "texture": "#2"},
				"up": {"uv": [4.5, 7.5, 5.5, 8.5], "rotation": 180, "texture": "#2"},
				"down": {"uv": [6.5, 7.5, 7.5, 8.5], "texture": "#2"}
			}
		},
		{
			"from": [7.75, 13.28471, 10.89401],
			"to": [8.25, 15.28471, 12.89401],
			"rotation": {"angle": 22.5, "axis": "x", "origin": [8, 14.28471, 11.89401]},
			"faces": {
				"north": {"uv": [10.75, 7.5, 10.5, 8.5], "rotation": 180, "texture": "#2"},
				"east": {"uv": [8, 2.5, 9, 3.5], "rotation": 270, "texture": "#2"},
				"south": {"uv": [7.75, 11.5, 7.5, 10.5], "texture": "#2"},
				"west": {"uv": [8, 3.5, 9, 4.5], "rotation": 90, "texture": "#2"},
				"up": {"uv": [10.5, 6.5, 10.75, 7.5], "rotation": 180, "texture": "#2"},
				"down": {"uv": [7, 10.5, 7.25, 11.5], "texture": "#2"}
			}
		},
		{
			"from": [7.75, 7.9474, 8.3817],
			"to": [8.25, 9.9474, 10.3817],
			"rotation": {"angle": -45, "axis": "x", "origin": [8, 10.2055, 9.90597]},
			"faces": {
				"north": {"uv": [9.25, 10.5, 9, 11.5], "rotation": 180, "texture": "#2"},
				"east": {"uv": [8, 4.5, 9, 5.5], "rotation": 270, "texture": "#2"},
				"south": {"uv": [10.75, 9.5, 10.5, 8.5], "texture": "#2"},
				"west": {"uv": [8, 5.5, 9, 6.5], "rotation": 90, "texture": "#2"},
				"up": {"uv": [8, 10.5, 8.25, 11.5], "rotation": 180, "texture": "#2"},
				"down": {"uv": [8.5, 10.5, 8.75, 11.5], "texture": "#2"}
			}
		},
		{
			"from": [7.775, 8.94275, 7.77729],
			"to": [8.225, 10.44275, 9.52729],
			"rotation": {"angle": 0, "axis": "x", "origin": [8, 10.2055, 9.90597]},
			"faces": {
				"north": {"uv": [1.25, 11.5, 1, 12.25], "rotation": 180, "texture": "#2"},
				"east": {"uv": [9, 3, 9.75, 4], "rotation": 270, "texture": "#2"},
				"south": {"uv": [11.75, 1.25, 11.5, 0.5], "texture": "#2"},
				"west": {"uv": [9, 4, 9.75, 5], "rotation": 90, "texture": "#2"},
				"up": {"uv": [9.5, 10.5, 9.75, 11.5], "rotation": 180, "texture": "#2"},
				"down": {"uv": [10.5, 9.5, 10.75, 10.5], "texture": "#2"}
			}
		},
		{
			"from": [7.375, 11.20711, 7.375],
			"to": [8.625, 17.20711, 8.625],
			"rotation": {"angle": 0, "axis": "y", "origin": [7.375, 3.70711, 7.375]},
			"faces": {
				"north": {"uv": [1.5, 4.5, 2.25, 7.5], "texture": "#2"},
				"east": {"uv": [2.5, 4.5, 3.25, 7.5], "texture": "#2"},
				"south": {"uv": [3.5, 4.5, 4.25, 7.5], "texture": "#2"},
				"west": {"uv": [4.5, 4.5, 5.25, 7.5], "texture": "#2"},
				"up": {"uv": [2.75, 10.25, 2, 9.5], "texture": "#2"},
				"down": {"uv": [3.75, 9.5, 3, 10.25], "texture": "#2"}
			}
		},
		{
			"from": [7.1, 10.045, 6.54],
			"to": [7.1, 22.455, 9.46],
			"rotation": {"angle": 0, "axis": "x", "origin": [7.1, 16.25, 8]},
			"faces": {
				"west": {"uv": [0, 0, 2.33334, 11.33333], "texture": "#1"}
			}
		},
		{
			"from": [8.9, 10.045, 6.54],
			"to": [8.9, 22.455, 9.46],
			"rotation": {"angle": 0, "axis": "x", "origin": [8.9, 16.25, 8]},
			"faces": {
				"east": {"uv": [2.33334, 0, 0, 11.33333], "texture": "#1"}
			}
		},
		{
			"from": [7.975, 18.75, 6.25],
			"to": [8.025, 25.75, 9.75],
			"rotation": {"angle": 0, "axis": "y", "origin": [7.975, 18.75, 6.25]},
			"faces": {
				"east": {"uv": [0, 0, 1.75, 3.5], "texture": "#2"},
				"west": {"uv": [0, 0, 1.75, 3.5], "texture": "#2"}
			}
		}
	],
	"gui_light": "front",
	"display": {
		"thirdperson_righthand": {
			"translation": [0, -1.75, 1]
		},
		"thirdperson_lefthand": {
			"translation": [0, -1.75, 1]
		},
		"firstperson_righthand": {
			"rotation": [-37, 0, 0],
			"translation": [0, 1.75, 0]
		},
		"firstperson_lefthand": {
			"rotation": [-37, 0, 0],
			"translation": [0, 1.75, 0]
		},
		"ground": {
			"rotation": [-40, 0, 0],
			"translation": [0, 10.5, 0]
		},
		"gui": {
			"rotation": [-90, 45, 90],
			"translation": [1.75, -1.75, 0],
			"scale": [0.8, 0.8, 0.8]
		},
		"head": {
			"rotation": [0, 90, 0]
		},
		"fixed": {
			"rotation": [90, -90, 90],
			"translation": [0, -5.25, -1.75],
			"scale": [1.5, 1.5, 1.5]
		}
	}
}