{
	"credit": "magic_store_official",
	"texture_size": [32, 32],
	"textures": {
		"0": "casino/bank_tall_chair",
		"particle": "casino/bank_tall_chair"
	},
	"elements": [
		{
			"from": [4, 0, 4],
			"to": [12, 1, 12],
			"faces": {
				"north": {"uv": [12, 3, 16, 3.5], "texture": "#0"},
				"east": {"uv": [12, 3, 16, 3.5], "texture": "#0"},
				"south": {"uv": [12, 3, 16, 3.5], "texture": "#0"},
				"west": {"uv": [12, 3, 16, 3.5], "texture": "#0"},
				"up": {"uv": [10, 4, 6, 0], "texture": "#0"},
				"down": {"uv": [10, 4, 6, 8], "texture": "#0"}
			}
		},
		{
			"from": [7, 1, 7],
			"to": [9, 11, 9],
			"faces": {
				"north": {"uv": [10, 3, 11, 8], "texture": "#0"},
				"east": {"uv": [11, 3, 10, 8], "texture": "#0"},
				"south": {"uv": [10, 3, 11, 8], "texture": "#0"},
				"west": {"uv": [10, 3, 11, 8], "texture": "#0"},
				"up": {"uv": [13, 4.5, 12, 3.5], "texture": "#0"},
				"down": {"uv": [5, 12, 4, 13], "texture": "#0"}
			}
		},
		{
			"from": [2, 11, 2],
			"to": [14, 14, 14],
			"faces": {
				"north": {"uv": [6, 8, 12, 9.5], "texture": "#0"},
				"east": {"uv": [6, 8, 12, 9.5], "texture": "#0"},
				"south": {"uv": [6, 8, 12, 9.5], "texture": "#0"},
				"west": {"uv": [6, 8, 12, 9.5], "texture": "#0"},
				"up": {"uv": [6, 6, 0, 0], "texture": "#0"},
				"down": {"uv": [6, 6, 0, 12], "texture": "#0"}
			}
		}
	],
	"display": {
		"thirdperson_righthand": {
			"rotation": [49, 36, 0],
			"translation": [1, 3, 0.5],
			"scale": [0.5, 0.5, 0.5]
		},
		"thirdperson_lefthand": {
			"rotation": [49, 36, 0],
			"translation": [1, 3, 0.5],
			"scale": [0.5, 0.5, 0.5]
		},
		"firstperson_righthand": {
			"rotation": [-180, 65, -180],
			"translation": [9.75, 0, -9.25]
		},
		"firstperson_lefthand": {
			"rotation": [-180, 65, -180],
			"translation": [9.75, 0, -9.25]
		},
		"ground": {
			"translation": [0, 5.5, 0],
			"scale": [0.6, 0.6, 0.6]
		},
		"gui": {
			"rotation": [30, 145.5, 0],
			"scale": [0.75, 0.75, 0.75]
		},
		"head": {
			"translation": [0, -30.5, 0],
			"scale": [1.6, 1.6, 1.6]
		},
		"fixed": {
			"rotation": [-90, 0, 0],
			"translation": [0, 0, -16],
			"scale": [2, 2, 2]
		}
	},
	"groups": [
		{
			"name": "group",
			"origin": [0, 0, 0],
			"color": 0,
			"children": [0, 1, 2]
		}
	]
}