{
	"credit": "magic_store_official",
	"texture_size": [64, 64],
	"textures": {
		"0": "casino/bank_locker",
		"particle": "casino/bank_locker"
	},
	"elements": [
		{
			"from": [2, 0, 2],
			"to": [14, 16, 14],
			"faces": {
				"north": {"uv": [0, 0, 3, 4], "texture": "#0"},
				"east": {"uv": [3, 4, 6, 8], "texture": "#0"},
				"south": {"uv": [0, 0, 3, 4], "texture": "#0"},
				"west": {"uv": [3, 4, 6, 8], "texture": "#0"},
				"up": {"uv": [9, 3, 6, 0], "texture": "#0"},
				"down": {"uv": [9, 3, 6, 6], "texture": "#0"}
			}
		},
		{
			"from": [4, 11, -1],
			"to": [12, 11, 2],
			"rotation": {"angle": -45, "axis": "x", "origin": [8, 11, 2]},
			"faces": {
				"north": {"uv": [0, 0, 2, 0], "texture": "#0"},
				"east": {"uv": [0, 0, 0.75, 0], "texture": "#missing"},
				"south": {"uv": [0, 0, 2, 0], "texture": "#missing"},
				"west": {"uv": [0, 0, 0.75, 0], "texture": "#missing"},
				"up": {"uv": [3, 0, 5, 0.75], "texture": "#0"},
				"down": {"uv": [5, 0.75, 3, 0], "texture": "#0"}
			}
		},
		{
			"from": [4, 0, 2],
			"to": [12, 3, 2],
			"rotation": {"angle": 22.5, "axis": "x", "origin": [8, 3, 2]},
			"faces": {
				"north": {"uv": [3, 0, 5, 0.75], "rotation": 180, "texture": "#0"},
				"east": {"uv": [0, 0, 0.75, 0], "rotation": 90, "texture": "#missing"},
				"south": {"uv": [5, 0.75, 3, 0], "texture": "#0"},
				"west": {"uv": [0, 0, 0.75, 0], "rotation": 270, "texture": "#missing"},
				"up": {"uv": [0, 0, 2, 0], "texture": "#missing"},
				"down": {"uv": [0, 0, 2, 0], "rotation": 180, "texture": "#0"}
			}
		},
		{
			"from": [4, 4, 2],
			"to": [12, 7, 2],
			"rotation": {"angle": 22.5, "axis": "x", "origin": [8, 7, 2]},
			"faces": {
				"north": {"uv": [3, 0, 5, 0.75], "rotation": 180, "texture": "#0"},
				"east": {"uv": [0, 0, 0.75, 0], "rotation": 90, "texture": "#missing"},
				"south": {"uv": [5, 0.75, 3, 0], "texture": "#0"},
				"west": {"uv": [0, 0, 0.75, 0], "rotation": 270, "texture": "#missing"},
				"up": {"uv": [0, 0, 2, 0], "texture": "#missing"},
				"down": {"uv": [0, 0, 2, 0], "rotation": 180, "texture": "#0"}
			}
		}
	],
	"display": {
		"thirdperson_righthand": {
			"rotation": [49, 36, 0],
			"translation": [-0.5, 3, 0.5],
			"scale": [0.35, 0.35, 0.35]
		},
		"thirdperson_lefthand": {
			"rotation": [49, 36, 0],
			"translation": [-0.5, 3, 0.5],
			"scale": [0.35, 0.35, 0.35]
		},
		"firstperson_righthand": {
			"rotation": [-180, 65, -180],
			"translation": [9.75, -1.5, -9.25],
			"scale": [0.85, 0.85, 0.85]
		},
		"firstperson_lefthand": {
			"rotation": [-180, 65, -180],
			"translation": [9.75, -1.5, -9.25],
			"scale": [0.85, 0.85, 0.85]
		},
		"ground": {
			"translation": [0, 5.5, 0],
			"scale": [0.4, 0.4, 0.4]
		},
		"gui": {
			"rotation": [30, 145.5, 0],
			"scale": [0.65, 0.65, 0.65]
		},
		"head": {
			"rotation": [0, 180, 0],
			"translation": [0, -30.5, 0],
			"scale": [1.6, 1.6, 1.6]
		},
		"fixed": {
			"rotation": [-90, 0, 0],
			"translation": [0, 0, -16],
			"scale": [2, 2, 2]
		}
	}
}