{
	"credit": "MadewithBlockbench",
	"texture_size": [64, 64],
	"textures": {
		"0": "casino/casino_chair_bar_red",
		"particle": "casino/casino_chair_bar_red"
	},
	"elements": [
		{
			"from": [4, 0, 4],
			"to": [12, 1, 12],
			"faces": {
				"north": {"uv": [5, 2, 7, 2.25], "texture": "#0"},
				"east": {"uv": [5, 2, 7, 2.25], "texture": "#0"},
				"south": {"uv": [5, 2, 7, 2.25], "texture": "#0"},
				"west": {"uv": [5, 2, 7, 2.25], "texture": "#0"},
				"up": {"uv": [7, 2, 5, 0], "texture": "#0"},
				"down": {"uv": [9, 0, 7, 2], "texture": "#0"}
			}
		},
		{
			"from": [4, 5, 4],
			"to": [12, 5, 12],
			"faces": {
				"up": {"uv": [6.5, 4.25, 4.5, 2.25], "texture": "#0"},
				"down": {"uv": [6.5, 2.25, 4.5, 4.25], "texture": "#0"}
			}
		},
		{
			"from": [7, 1, 7],
			"to": [9, 14, 9],
			"faces": {
				"north": {"uv": [4, 0, 4.5, 3.25], "texture": "#0"},
				"east": {"uv": [4, 0, 4.5, 3.25], "texture": "#0"},
				"south": {"uv": [4, 0, 4.5, 3.25], "texture": "#0"},
				"west": {"uv": [4, 0, 4.5, 3.25], "texture": "#0"}
			}
		},
		{
			"from": [4, 12, 4],
			"to": [12, 15, 12],
			"faces": {
				"north": {"uv": [0, 4.25, 2, 5], "texture": "#0"},
				"east": {"uv": [0, 4.25, 2, 5], "texture": "#0"},
				"south": {"uv": [0, 4.25, 2, 5], "texture": "#0"},
				"west": {"uv": [0, 4.25, 2, 5], "texture": "#0"},
				"up": {"uv": [4, 4.25, 2, 2.25], "texture": "#0"},
				"down": {"uv": [2, 2.25, 0, 4.25], "texture": "#0"}
			}
		},
		{
			"from": [4.1, 12.3467, 12.257],
			"to": [11.9, 21.3467, 14.257],
			"rotation": {"angle": 22.5, "axis": "x", "origin": [8, 17.8467, 12.257]},
			"faces": {
				"north": {"uv": [0, 0, 2, 2.25], "texture": "#0"},
				"east": {"uv": [4.5, 0, 5, 2.25], "texture": "#0"},
				"south": {"uv": [2, 0, 4, 2.25], "texture": "#0"},
				"west": {"uv": [5, 0, 4.5, 2.25], "texture": "#0"},
				"up": {"uv": [2.5, 5.5, 0.5, 5], "texture": "#0"}
			}
		}
	],
	"gui_light": "front",
	"display": {
		"thirdperson_righthand": {
			"scale": [0.25, 0.25, 0.25]
		},
		"thirdperson_lefthand": {
			"scale": [0.25, 0.25, 0.25]
		},
		"firstperson_righthand": {
			"scale": [0.49, 0.49, 0.49]
		},
		"firstperson_lefthand": {
			"translation": [-0.5, 0, 0],
			"scale": [0.49, 0.49, 0.49]
		},
		"ground": {
			"translation": [0, 1.75, 0],
			"scale": [0.51, 0.51, 0.51]
		},
		"gui": {
			"rotation": [31, 135, 0],
			"translation": [0, -1, 0],
			"scale": [0.49, 0.49, 0.49]
		},
		"head": {
			"rotation": [0, 180, 0],
			"translation": [0, -30.5, 0],
			"scale": [1.6, 1.6, 1.6]
		},
		"fixed": {
			"rotation": [-90, 0, 0],
			"translation": [0, -2, -23.25],
			"scale": [3, 3, 3]
		}
	}
}