{
	"credit": "MadewithBlockbench",
	"texture_size": [64, 64],
	"textures": {
		"0": "casino/casino_pot_tree",
		"particle": "casino/casino_pot_tree"
	},
	"elements": [
		{
			"from": [4, 0, 4],
			"to": [12, 9, 12],
			"faces": {
				"north": {"uv": [4, 0, 6, 2.25], "texture": "#0"},
				"east": {"uv": [4, 0, 6, 2.25], "texture": "#0"},
				"south": {"uv": [4, 0, 6, 2.25], "texture": "#0"},
				"west": {"uv": [4, 0, 6, 2.25], "texture": "#0"},
				"down": {"uv": [6, 2.25, 4, 4.25], "texture": "#0"}
			}
		},
		{
			"from": [7, 11, 7],
			"to": [9, 28, 9],
			"faces": {
				"north": {"uv": [3.5, 0.5, 4, 4.75], "texture": "#0"},
				"east": {"uv": [3.5, 0.5, 4, 4.75], "texture": "#0"},
				"south": {"uv": [3.5, 0.5, 4, 4.75], "texture": "#0"},
				"west": {"uv": [3.5, 0.5, 4, 4.75], "texture": "#0"},
				"up": {"uv": [4, 0.5, 3.5, 0], "texture": "#0"},
				"down": {"uv": [4, 0, 3.5, 0.5], "texture": "#0"}
			}
		},
		{
			"from": [1, 11, 8],
			"to": [15, 32, 8],
			"rotation": {"angle": 0, "axis": "y", "origin": [8, 21.5, 8]},
			"faces": {
				"north": {"uv": [0, 0, 3.5, 5.25], "texture": "#0"},
				"south": {"uv": [3.5, 0, 0, 5.25], "texture": "#0"}
			}
		},
		{
			"from": [8, 11, 1],
			"to": [8, 32, 15],
			"rotation": {"angle": 0, "axis": "y", "origin": [8, 21.5, 8]},
			"faces": {
				"east": {"uv": [0, 0, 3.5, 5.25], "texture": "#0"},
				"west": {"uv": [3.5, 0, 0, 5.25], "texture": "#0"}
			}
		},
		{
			"from": [1, 11, 8],
			"to": [15, 32, 8],
			"rotation": {"angle": -22.5, "axis": "y", "origin": [8, 21.5, 8]},
			"faces": {
				"north": {"uv": [3.5, 0, 0, 5.25], "texture": "#0"},
				"south": {"uv": [0, 0, 3.5, 5.25], "texture": "#0"}
			}
		},
		{
			"from": [1, 11, 8],
			"to": [15, 32, 8],
			"rotation": {"angle": 22.5, "axis": "y", "origin": [8, 21.5, 8]},
			"faces": {
				"north": {"uv": [0, 0, 3.5, 5.25], "texture": "#0"},
				"south": {"uv": [3.5, 0, 0, 5.25], "texture": "#0"}
			}
		},
		{
			"from": [3, 9, 3],
			"to": [13, 11, 13],
			"faces": {
				"north": {"uv": [0, 7.75, 2.5, 8.25], "texture": "#0"},
				"east": {"uv": [0, 7.75, 2.5, 8.25], "texture": "#0"},
				"south": {"uv": [0, 7.75, 2.5, 8.25], "texture": "#0"},
				"west": {"uv": [0, 7.75, 2.5, 8.25], "texture": "#0"},
				"up": {"uv": [2.5, 7.75, 0, 5.25], "texture": "#0"},
				"down": {"uv": [5, 5.25, 2.5, 7.75], "texture": "#0"}
			}
		}
	],
	"gui_light": "front",
	"display": {
		"thirdperson_righthand": {
			"translation": [0, 0, 1.75],
			"scale": [0.25, 0.25, 0.25]
		},
		"thirdperson_lefthand": {
			"translation": [0, 0, 1.75],
			"scale": [0.25, 0.25, 0.25]
		},
		"firstperson_righthand": {
			"translation": [-0.5, 0, 0],
			"scale": [0.29, 0.29, 0.29]
		},
		"firstperson_lefthand": {
			"translation": [-0.5, 0, 0],
			"scale": [0.29, 0.29, 0.29]
		},
		"ground": {
			"translation": [0, 1.75, 0],
			"scale": [0.51, 0.51, 0.51]
		},
		"gui": {
			"rotation": [31, 135, 0],
			"translation": [0, -2, 0],
			"scale": [0.33, 0.33, 0.33]
		},
		"head": {
			"translation": [0, -30.25, 0],
			"scale": [1.6, 1.6, 1.6]
		},
		"fixed": {
			"rotation": [-90, 0, 0],
			"translation": [0, -3, -23.5],
			"scale": [3, 3, 3]
		}
	}
}